feature,cohort,value,count,proportion
country_code,final_evaluation,US,2751,0.1834
country_code,final_evaluation,DE,868,0.057866666666666663
country_code,final_evaluation,IN,849,0.0566
country_code,final_evaluation,GB,687,0.0458
country_code,final_evaluation,FR,521,0.03473333333333333
country_code,final_evaluation,BR,496,0.03306666666666667
country_code,final_evaluation,KR,465,0.031
country_code,final_evaluation,IT,443,0.029533333333333335
country_code,final_evaluation,ES,427,0.028466666666666668
country_code,final_evaluation,CA,407,0.027133333333333332
country_code,final_evaluation,UA,384,0.0256
country_code,final_evaluation,TR,370,0.024666666666666667
country_code,final_evaluation,KZ,356,0.023733333333333332
country_code,final_evaluation,PL,329,0.021933333333333332
country_code,final_evaluation,AE,272,0.018133333333333335
country_code,final_evaluation,MX,250,0.016666666666666666
country_code,final_evaluation,JP,248,0.016533333333333334
country_code,final_evaluation,AU,238,0.015866666666666668
country_code,final_evaluation,NL,235,0.015666666666666666
country_code,final_evaluation,CO,186,0.0124
country_code,final_evaluation,IL,144,0.0096
country_code,final_evaluation,AR,139,0.009266666666666666
country_code,final_evaluation,CZ,131,0.008733333333333333
country_code,final_evaluation,AT,129,0.0086
country_code,final_evaluation,VN,127,0.008466666666666667
country_code,final_evaluation,RO,124,0.008266666666666667
country_code,final_evaluation,ID,115,0.007666666666666666
country_code,final_evaluation,CH,113,0.007533333333333334
country_code,final_evaluation,KG,100,0.006666666666666667
country_code,final_evaluation,PK,95,0.006333333333333333
country_code,final_evaluation,PH,92,0.0061333333333333335
country_code,final_evaluation,UZ,90,0.006
country_code,final_evaluation,SA,88,0.005866666666666667
country_code,final_evaluation,HK,83,0.005533333333333334
country_code,final_evaluation,TH,77,0.0051333333333333335
country_code,final_evaluation,BG,76,0.005066666666666666
country_code,final_evaluation,PT,75,0.005
country_code,final_evaluation,EG,74,0.004933333333333333
country_code,final_evaluation,NG,74,0.004933333333333333
country_code,final_evaluation,SE,73,0.004866666666666667
country_code,final_evaluation,PE,71,0.004733333333333333
country_code,final_evaluation,BE,71,0.004733333333333333
country_code,final_evaluation,CL,66,0.0044
country_code,final_evaluation,RS,62,0.0041333333333333335
country_code,final_evaluation,MA,62,0.0041333333333333335
country_code,final_evaluation,SK,59,0.003933333333333333
country_code,final_evaluation,GE,58,0.0038666666666666667
country_code,final_evaluation,MY,57,0.0038
country_code,final_evaluation,EC,57,0.0038
country_code,final_evaluation,AM,56,0.0037333333333333333
country_code,final_evaluation,BY,55,0.0036666666666666666
country_code,final_evaluation,ZA,55,0.0036666666666666666
country_code,final_evaluation,SG,55,0.0036666666666666666
country_code,final_evaluation,RU,51,0.0034
country_code,final_evaluation,FI,49,0.003266666666666667
country_code,final_evaluation,DK,48,0.0032
country_code,final_evaluation,HU,46,0.0030666666666666668
country_code,final_evaluation,GR,46,0.0030666666666666668
country_code,final_evaluation,NO,42,0.0028
country_code,final_evaluation,LB,42,0.0028
country_code,final_evaluation,TW,42,0.0028
country_code,final_evaluation,LV,42,0.0028
country_code,final_evaluation,SI,42,0.0028
country_code,final_evaluation,NZ,40,0.0026666666666666666
country_code,final_evaluation,KW,39,0.0026
country_code,final_evaluation,LT,38,0.002533333333333333
country_code,final_evaluation,CN,37,0.0024666666666666665
country_code,final_evaluation,CY,36,0.0024
country_code,final_evaluation,AZ,36,0.0024
country_code,final_evaluation,EE,34,0.002266666666666667
country_code,final_evaluation,TJ,31,0.0020666666666666667
country_code,final_evaluation,IE,31,0.0020666666666666667
country_code,final_evaluation,JO,31,0.0020666666666666667
country_code,final_evaluation,IQ,26,0.0017333333333333333
country_code,final_evaluation,LK,26,0.0017333333333333333
country_code,final_evaluation,DO,25,0.0016666666666666668
country_code,final_evaluation,HR,23,0.0015333333333333334
country_code,final_evaluation,GT,23,0.0015333333333333334
country_code,final_evaluation,PA,23,0.0015333333333333334
country_code,final_evaluation,QA,19,0.0012666666666666666
country_code,final_evaluation,KE,19,0.0012666666666666666
country_code,final_evaluation,VE,18,0.0012
country_code,final_evaluation,AL,16,0.0010666666666666667
country_code,final_evaluation,MD,16,0.0010666666666666667
country_code,final_evaluation,XK,15,0.001
country_code,final_evaluation,BA,14,0.0009333333333333333
country_code,final_evaluation,BO,14,0.0009333333333333333
country_code,final_evaluation,TN,14,0.0009333333333333333
country_code,final_evaluation,DZ,14,0.0009333333333333333
country_code,final_evaluation,MK,13,0.0008666666666666666
country_code,final_evaluation,PY,12,0.0008
country_code,final_evaluation,UY,12,0.0008
country_code,final_evaluation,BD,12,0.0008
country_code,final_evaluation,PR,11,0.0007333333333333333
country_code,final_evaluation,BH,11,0.0007333333333333333
country_code,final_evaluation,CI,10,0.0006666666666666666
country_code,final_evaluation,MN,10,0.0006666666666666666
country_code,final_evaluation,CR,10,0.0006666666666666666
country_code,final_evaluation,HN,9,0.0006
country_code,final_evaluation,PS,9,0.0006
country_code,final_evaluation,GH,9,0.0006
country_code,final_evaluation,JM,8,0.0005333333333333334
country_code,final_evaluation,MT,8,0.0005333333333333334
country_code,final_evaluation,OM,8,0.0005333333333333334
country_code,final_evaluation,NP,8,0.0005333333333333334
country_code,final_evaluation,RE,7,0.00046666666666666666
country_code,final_evaluation,LY,7,0.00046666666666666666
country_code,final_evaluation,ME,6,0.0004
country_code,final_evaluation,KH,6,0.0004
country_code,final_evaluation,SV,6,0.0004
country_code,final_evaluation,TZ,5,0.0003333333333333333
country_code,final_evaluation,UG,5,0.0003333333333333333
country_code,final_evaluation,TT,5,0.0003333333333333333
country_code,final_evaluation,ZM,4,0.0002666666666666667
country_code,final_evaluation,AD,4,0.0002666666666666667
country_code,final_evaluation,MM,4,0.0002666666666666667
country_code,final_evaluation,BJ,4,0.0002666666666666667
country_code,final_evaluation,RW,4,0.0002666666666666667
country_code,final_evaluation,LU,4,0.0002666666666666667
country_code,final_evaluation,MV,4,0.0002666666666666667
country_code,final_evaluation,AO,4,0.0002666666666666667
country_code,final_evaluation,IS,4,0.0002666666666666667
country_code,final_evaluation,ET,3,0.0002
country_code,final_evaluation,ML,3,0.0002
country_code,final_evaluation,SN,3,0.0002
country_code,final_evaluation,ZW,3,0.0002
country_code,final_evaluation,CD,3,0.0002
country_code,final_evaluation,BS,3,0.0002
country_code,final_evaluation,MQ,3,0.0002
country_code,final_evaluation,MZ,2,0.00013333333333333334
country_code,final_evaluation,CM,2,0.00013333333333333334
country_code,final_evaluation,GP,2,0.00013333333333333334
country_code,final_evaluation,MR,2,0.00013333333333333334
country_code,final_evaluation,NI,2,0.00013333333333333334
country_code,final_evaluation,LS,2,0.00013333333333333334
country_code,final_evaluation,GY,2,0.00013333333333333334
country_code,final_evaluation,GM,2,0.00013333333333333334
country_code,final_evaluation,YE,2,0.00013333333333333334
country_code,final_evaluation,IM,2,0.00013333333333333334
country_code,final_evaluation,PF,2,0.00013333333333333334
country_code,final_evaluation,LR,1,6.666666666666667e-05
country_code,final_evaluation,SZ,1,6.666666666666667e-05
country_code,final_evaluation,unknown,1,6.666666666666667e-05
country_code,final_evaluation,NC,1,6.666666666666667e-05
country_code,final_evaluation,AF,1,6.666666666666667e-05
country_code,final_evaluation,FJ,1,6.666666666666667e-05
country_code,final_evaluation,TM,1,6.666666666666667e-05
country_code,final_evaluation,SR,1,6.666666666666667e-05
country_code,final_evaluation,BN,1,6.666666666666667e-05
country_code,final_evaluation,FO,1,6.666666666666667e-05
country_code,final_evaluation,MC,1,6.666666666666667e-05
country_code,final_evaluation,BF,1,6.666666666666667e-05
country_code,final_evaluation,BT,1,6.666666666666667e-05
country_code,final_evaluation,CW,1,6.666666666666667e-05
country_code,final_evaluation,KY,1,6.666666666666667e-05
country_code,final_evaluation,MU,1,6.666666666666667e-05
country_code,final_evaluation,VG,1,6.666666666666667e-05
country_code,final_evaluation,TD,1,6.666666666666667e-05
country_code,final_evaluation,AW,1,6.666666666666667e-05
country_code,final_evaluation,GF,1,6.666666666666667e-05
country_code,final_evaluation,LI,1,6.666666666666667e-05
country_code,historical_train,US,11460,0.191
country_code,historical_train,JP,2955,0.04925
country_code,historical_train,IN,2825,0.04708333333333333
country_code,historical_train,DE,2697,0.04495
country_code,historical_train,GB,2272,0.037866666666666667
country_code,historical_train,FR,2188,0.03646666666666667
country_code,historical_train,KR,2012,0.03353333333333333
country_code,historical_train,BR,1638,0.0273
country_code,historical_train,TR,1560,0.026
country_code,historical_train,IT,1392,0.0232
country_code,historical_train,ES,1365,0.02275
country_code,historical_train,CA,1357,0.022616666666666667
country_code,historical_train,KZ,1302,0.0217
country_code,historical_train,UA,1206,0.0201
country_code,historical_train,TW,1166,0.019433333333333334
country_code,historical_train,PL,1095,0.01825
country_code,historical_train,VN,1044,0.0174
country_code,historical_train,AE,945,0.01575
country_code,historical_train,NL,928,0.015466666666666667
country_code,historical_train,HK,925,0.015416666666666667
country_code,historical_train,AU,908,0.015133333333333334
country_code,historical_train,MX,760,0.012666666666666666
country_code,historical_train,PH,637,0.010616666666666667
country_code,historical_train,KH,575,0.009583333333333333
country_code,historical_train,CO,561,0.00935
country_code,historical_train,IL,546,0.0091
country_code,historical_train,ID,495,0.00825
country_code,historical_train,AR,452,0.007533333333333334
country_code,historical_train,CH,398,0.006633333333333333
country_code,historical_train,RO,370,0.006166666666666667
country_code,historical_train,SI,370,0.006166666666666667
country_code,historical_train,CZ,363,0.00605
country_code,historical_train,KG,343,0.005716666666666667
country_code,historical_train,SG,325,0.005416666666666667
country_code,historical_train,EG,320,0.005333333333333333
country_code,historical_train,CN,308,0.0051333333333333335
country_code,historical_train,SE,298,0.004966666666666667
country_code,historical_train,SA,295,0.004916666666666666
country_code,historical_train,MY,286,0.0047666666666666664
country_code,historical_train,BE,283,0.004716666666666667
country_code,historical_train,UZ,281,0.004683333333333334
country_code,historical_train,GE,277,0.0046166666666666665
country_code,historical_train,TH,275,0.004583333333333333
country_code,historical_train,AT,270,0.0045
country_code,historical_train,PK,269,0.004483333333333333
country_code,historical_train,PT,263,0.004383333333333334
country_code,historical_train,BG,253,0.004216666666666666
country_code,historical_train,RS,237,0.00395
country_code,historical_train,MA,221,0.003683333333333333
country_code,historical_train,CL,216,0.0036
country_code,historical_train,SK,215,0.0035833333333333333
country_code,historical_train,PE,203,0.0033833333333333332
country_code,historical_train,ZA,201,0.00335
country_code,historical_train,RU,185,0.0030833333333333333
country_code,historical_train,BY,178,0.0029666666666666665
country_code,historical_train,HU,178,0.0029666666666666665
country_code,historical_train,IQ,172,0.0028666666666666667
country_code,historical_train,GR,156,0.0026
country_code,historical_train,DK,156,0.0026
country_code,historical_train,NO,152,0.002533333333333333
country_code,historical_train,LT,147,0.00245
country_code,historical_train,AZ,147,0.00245
country_code,historical_train,KW,143,0.0023833333333333332
country_code,historical_train,NG,142,0.0023666666666666667
country_code,historical_train,AM,141,0.00235
country_code,historical_train,FI,140,0.0023333333333333335
country_code,historical_train,CY,140,0.0023333333333333335
country_code,historical_train,LV,137,0.0022833333333333334
country_code,historical_train,MD,133,0.0022166666666666667
country_code,historical_train,TJ,130,0.0021666666666666666
country_code,historical_train,EC,128,0.0021333333333333334
country_code,historical_train,QA,123,0.00205
country_code,historical_train,NZ,123,0.00205
country_code,historical_train,LB,115,0.0019166666666666666
country_code,historical_train,EE,113,0.0018833333333333334
country_code,historical_train,IE,107,0.0017833333333333334
country_code,historical_train,BD,98,0.0016333333333333334
country_code,historical_train,HR,96,0.0016
country_code,historical_train,AQ,86,0.0014333333333333333
country_code,historical_train,JO,81,0.00135
country_code,historical_train,DO,70,0.0011666666666666668
country_code,historical_train,DZ,69,0.00115
country_code,historical_train,PR,69,0.00115
country_code,historical_train,LK,67,0.0011166666666666666
country_code,historical_train,CR,66,0.0011
country_code,historical_train,PA,61,0.0010166666666666666
country_code,historical_train,MN,60,0.001
country_code,historical_train,VE,59,0.0009833333333333332
country_code,historical_train,OM,55,0.0009166666666666666
country_code,historical_train,TN,50,0.0008333333333333334
country_code,historical_train,AL,48,0.0008
country_code,historical_train,KE,46,0.0007666666666666667
country_code,historical_train,UY,44,0.0007333333333333333
country_code,historical_train,BH,42,0.0007
country_code,historical_train,TG,42,0.0007
country_code,historical_train,PY,40,0.0006666666666666666
country_code,historical_train,MT,38,0.0006333333333333333
country_code,historical_train,BA,34,0.0005666666666666667
country_code,historical_train,CI,30,0.0005
country_code,historical_train,XK,29,0.00048333333333333334
country_code,historical_train,MK,28,0.00046666666666666666
country_code,historical_train,GT,28,0.00046666666666666666
country_code,historical_train,ME,27,0.00045
country_code,historical_train,LU,27,0.00045
country_code,historical_train,GH,25,0.0004166666666666667
country_code,historical_train,RE,25,0.0004166666666666667
country_code,historical_train,JM,25,0.0004166666666666667
country_code,historical_train,NP,23,0.00038333333333333334
country_code,historical_train,SV,23,0.00038333333333333334
country_code,historical_train,MO,22,0.00036666666666666667
country_code,historical_train,AD,22,0.00036666666666666667
country_code,historical_train,BO,22,0.00036666666666666667
country_code,historical_train,PS,22,0.00036666666666666667
country_code,historical_train,GM,21,0.00035
country_code,historical_train,IS,21,0.00035
country_code,historical_train,GP,20,0.0003333333333333333
country_code,historical_train,SC,20,0.0003333333333333333
country_code,historical_train,SN,19,0.00031666666666666665
country_code,historical_train,HN,18,0.0003
country_code,historical_train,CM,17,0.00028333333333333335
country_code,historical_train,unknown,17,0.00028333333333333335
country_code,historical_train,TT,16,0.0002666666666666667
country_code,historical_train,TZ,14,0.00023333333333333333
country_code,historical_train,MM,13,0.00021666666666666666
country_code,historical_train,CD,12,0.0002
country_code,historical_train,ZM,12,0.0002
country_code,historical_train,MQ,11,0.00018333333333333334
country_code,historical_train,ET,11,0.00018333333333333334
country_code,historical_train,MV,11,0.00018333333333333334
country_code,historical_train,YE,11,0.00018333333333333334
country_code,historical_train,LY,11,0.00018333333333333334
country_code,historical_train,ML,11,0.00018333333333333334
country_code,historical_train,UG,10,0.00016666666666666666
country_code,historical_train,MU,10,0.00016666666666666666
country_code,historical_train,GI,10,0.00016666666666666666
country_code,historical_train,BJ,9,0.00015
country_code,historical_train,LI,9,0.00015
country_code,historical_train,ZW,9,0.00015
country_code,historical_train,AO,9,0.00015
country_code,historical_train,CW,8,0.00013333333333333334
country_code,historical_train,AW,7,0.00011666666666666667
country_code,historical_train,MC,7,0.00011666666666666667
country_code,historical_train,GA,7,0.00011666666666666667
country_code,historical_train,KY,7,0.00011666666666666667
country_code,historical_train,BS,7,0.00011666666666666667
country_code,historical_train,TM,7,0.00011666666666666667
country_code,historical_train,BZ,7,0.00011666666666666667
country_code,historical_train,MG,6,0.0001
country_code,historical_train,BI,6,0.0001
country_code,historical_train,BN,6,0.0001
country_code,historical_train,MZ,6,0.0001
country_code,historical_train,SO,6,0.0001
country_code,historical_train,CG,5,8.333333333333333e-05
country_code,historical_train,GY,5,8.333333333333333e-05
country_code,historical_train,NI,5,8.333333333333333e-05
country_code,historical_train,LA,5,8.333333333333333e-05
country_code,historical_train,TO,5,8.333333333333333e-05
country_code,historical_train,AI,5,8.333333333333333e-05
country_code,historical_train,FJ,5,8.333333333333333e-05
country_code,historical_train,SL,5,8.333333333333333e-05
country_code,historical_train,GF,5,8.333333333333333e-05
country_code,historical_train,BW,5,8.333333333333333e-05
country_code,historical_train,WS,4,6.666666666666667e-05
country_code,historical_train,GD,4,6.666666666666667e-05
country_code,historical_train,IM,4,6.666666666666667e-05
country_code,historical_train,CV,4,6.666666666666667e-05
country_code,historical_train,DM,4,6.666666666666667e-05
country_code,historical_train,AG,4,6.666666666666667e-05
country_code,historical_train,PF,4,6.666666666666667e-05
country_code,historical_train,BM,4,6.666666666666667e-05
country_code,historical_train,HT,4,6.666666666666667e-05
country_code,historical_train,BF,4,6.666666666666667e-05
country_code,historical_train,KM,3,5e-05
country_code,historical_train,BV,3,5e-05
country_code,historical_train,TF,3,5e-05
country_code,historical_train,MR,3,5e-05
country_code,historical_train,TD,3,5e-05
country_code,historical_train,GG,3,5e-05
country_code,historical_train,GU,3,5e-05
country_code,historical_train,JE,3,5e-05
country_code,historical_train,VU,3,5e-05
country_code,historical_train,VG,3,5e-05
country_code,historical_train,SM,3,5e-05
country_code,historical_train,RW,3,5e-05
country_code,historical_train,CF,3,5e-05
country_code,historical_train,TK,2,3.3333333333333335e-05
country_code,historical_train,SX,2,3.3333333333333335e-05
country_code,historical_train,ST,2,3.3333333333333335e-05
country_code,historical_train,PG,2,3.3333333333333335e-05
country_code,historical_train,LC,2,3.3333333333333335e-05
country_code,historical_train,FO,2,3.3333333333333335e-05
country_code,historical_train,GQ,2,3.3333333333333335e-05
country_code,historical_train,BQ,2,3.3333333333333335e-05
country_code,historical_train,MS,2,3.3333333333333335e-05
country_code,historical_train,BB,2,3.3333333333333335e-05
country_code,historical_train,BT,2,3.3333333333333335e-05
country_code,historical_train,NU,2,3.3333333333333335e-05
country_code,historical_train,CK,1,1.6666666666666667e-05
country_code,historical_train,GW,1,1.6666666666666667e-05
country_code,historical_train,EH,1,1.6666666666666667e-05
country_code,historical_train,VC,1,1.6666666666666667e-05
country_code,historical_train,SR,1,1.6666666666666667e-05
country_code,historical_train,GL,1,1.6666666666666667e-05
country_code,historical_train,AF,1,1.6666666666666667e-05
country_code,historical_train,FK,1,1.6666666666666667e-05
country_code,historical_train,WF,1,1.6666666666666667e-05
country_code,historical_train,NC,1,1.6666666666666667e-05
country_code,historical_train,SB,1,1.6666666666666667e-05
country_code,historical_train,LS,1,1.6666666666666667e-05
country_code,historical_train,GN,1,1.6666666666666667e-05
country_code,historical_train,VA,1,1.6666666666666667e-05
country_code,historical_train,SS,1,1.6666666666666667e-05
country_code,historical_train,de,1,1.6666666666666667e-05
country_code,historical_train,YT,1,1.6666666666666667e-05
country_code,test,US,1299,0.18557142857142858
country_code,test,IN,630,0.09
country_code,test,DE,365,0.052142857142857144
country_code,test,GB,330,0.047142857142857146
country_code,test,KR,268,0.038285714285714284
country_code,test,FR,267,0.038142857142857145
country_code,test,BR,189,0.027
country_code,test,CA,189,0.027
country_code,test,UA,182,0.026
country_code,test,TR,175,0.025
country_code,test,IT,171,0.024428571428571428
country_code,test,ES,157,0.02242857142857143
country_code,test,AU,135,0.019285714285714285
country_code,test,PL,134,0.019142857142857142
country_code,test,KZ,127,0.01814285714285714
country_code,test,MX,124,0.017714285714285714
country_code,test,AE,121,0.017285714285714286
country_code,test,NL,93,0.013285714285714286
country_code,test,CH,82,0.011714285714285714
country_code,test,IL,78,0.011142857142857144
country_code,test,AR,76,0.010857142857142857
country_code,test,CO,72,0.010285714285714285
country_code,test,RO,67,0.009571428571428571
country_code,test,PH,49,0.007
country_code,test,EG,48,0.006857142857142857
country_code,test,CZ,47,0.006714285714285714
country_code,test,SE,46,0.006571428571428572
country_code,test,ID,46,0.006571428571428572
country_code,test,PK,45,0.0064285714285714285
country_code,test,HK,42,0.006
country_code,test,VN,40,0.005714285714285714
country_code,test,SA,39,0.005571428571428572
country_code,test,JP,38,0.0054285714285714284
country_code,test,AM,38,0.0054285714285714284
country_code,test,PE,37,0.005285714285714286
country_code,test,ZA,35,0.005
country_code,test,BE,35,0.005
country_code,test,AT,34,0.004857142857142857
country_code,test,SK,34,0.004857142857142857
country_code,test,GE,33,0.004714285714285714
country_code,test,BG,33,0.004714285714285714
country_code,test,UZ,32,0.004571428571428572
country_code,test,BY,31,0.004428571428571428
country_code,test,PT,31,0.004428571428571428
country_code,test,MA,29,0.004142857142857143
country_code,test,KG,28,0.004
country_code,test,SG,27,0.003857142857142857
country_code,test,TH,26,0.0037142857142857142
country_code,test,TW,26,0.0037142857142857142
country_code,test,NG,25,0.0035714285714285713
country_code,test,CL,25,0.0035714285714285713
country_code,test,MY,24,0.0034285714285714284
country_code,test,NO,23,0.003285714285714286
country_code,test,RS,23,0.003285714285714286
country_code,test,SI,21,0.003
country_code,test,CY,19,0.0027142857142857142
country_code,test,HU,19,0.0027142857142857142
country_code,test,GR,19,0.0027142857142857142
country_code,test,DK,18,0.0025714285714285713
country_code,test,EC,18,0.0025714285714285713
country_code,test,LV,17,0.0024285714285714284
country_code,test,IE,16,0.002285714285714286
country_code,test,BD,15,0.002142857142857143
country_code,test,NZ,15,0.002142857142857143
country_code,test,FI,14,0.002
country_code,test,LB,14,0.002
country_code,test,TJ,14,0.002
country_code,test,IQ,14,0.002
country_code,test,EE,14,0.002
country_code,test,KW,14,0.002
country_code,test,CN,13,0.0018571428571428571
country_code,test,RU,13,0.0018571428571428571
country_code,test,MK,12,0.0017142857142857142
country_code,test,MD,12,0.0017142857142857142
country_code,test,QA,12,0.0017142857142857142
country_code,test,LT,12,0.0017142857142857142
country_code,test,JO,11,0.0015714285714285715
country_code,test,PA,10,0.0014285714285714286
country_code,test,DZ,10,0.0014285714285714286
country_code,test,GT,10,0.0014285714285714286
country_code,test,CR,9,0.0012857142857142856
country_code,test,UY,9,0.0012857142857142856
country_code,test,AL,8,0.001142857142857143
country_code,test,HR,8,0.001142857142857143
country_code,test,HN,8,0.001142857142857143
country_code,test,VE,8,0.001142857142857143
country_code,test,BH,7,0.001
country_code,test,DO,7,0.001
country_code,test,LK,7,0.001
country_code,test,PY,7,0.001
country_code,test,AZ,6,0.0008571428571428571
country_code,test,BA,6,0.0008571428571428571
country_code,test,KE,6,0.0008571428571428571
country_code,test,TN,6,0.0008571428571428571
country_code,test,PR,6,0.0008571428571428571
country_code,test,NP,5,0.0007142857142857143
country_code,test,OM,5,0.0007142857142857143
country_code,test,RE,5,0.0007142857142857143
country_code,test,LY,4,0.0005714285714285715
country_code,test,SV,4,0.0005714285714285715
country_code,test,XK,4,0.0005714285714285715
country_code,test,SN,4,0.0005714285714285715
country_code,test,GH,4,0.0005714285714285715
country_code,test,ME,4,0.0005714285714285715
country_code,test,PS,4,0.0005714285714285715
country_code,test,JM,3,0.00042857142857142855
country_code,test,MT,3,0.00042857142857142855
country_code,test,AD,3,0.00042857142857142855
country_code,test,SO,3,0.00042857142857142855
country_code,test,KH,3,0.00042857142857142855
country_code,test,UG,2,0.00028571428571428574
country_code,test,FJ,2,0.00028571428571428574
country_code,test,ZW,2,0.00028571428571428574
country_code,test,unknown,2,0.00028571428571428574
country_code,test,MN,2,0.00028571428571428574
country_code,test,AW,2,0.00028571428571428574
country_code,test,MC,2,0.00028571428571428574
country_code,test,GF,2,0.00028571428571428574
country_code,test,PF,2,0.00028571428571428574
country_code,test,TT,2,0.00028571428571428574
country_code,test,TZ,2,0.00028571428571428574
country_code,test,MM,2,0.00028571428571428574
country_code,test,MV,2,0.00028571428571428574
country_code,test,CW,2,0.00028571428571428574
country_code,test,LU,1,0.00014285714285714287
country_code,test,CM,1,0.00014285714285714287
country_code,test,ET,1,0.00014285714285714287
country_code,test,AI,1,0.00014285714285714287
country_code,test,BI,1,0.00014285714285714287
country_code,test,SM,1,0.00014285714285714287
country_code,test,HT,1,0.00014285714285714287
country_code,test,BF,1,0.00014285714285714287
country_code,test,BB,1,0.00014285714285714287
country_code,test,DM,1,0.00014285714285714287
country_code,test,MQ,1,0.00014285714285714287
country_code,test,ZM,1,0.00014285714285714287
country_code,test,BJ,1,0.00014285714285714287
country_code,test,MW,1,0.00014285714285714287
country_code,test,MZ,1,0.00014285714285714287
country_code,test,RW,1,0.00014285714285714287
country_code,test,AO,1,0.00014285714285714287
country_code,test,CI,1,0.00014285714285714287
country_code,test,LI,1,0.00014285714285714287
country_code,test,MR,1,0.00014285714285714287
country_code,test,YE,1,0.00014285714285714287
country_code,test,SB,1,0.00014285714285714287
country_code,test,GY,1,0.00014285714285714287
country_code,test,BS,1,0.00014285714285714287
country_code,test,BN,1,0.00014285714285714287
country_code,test,NI,1,0.00014285714285714287
country_code,test,MO,1,0.00014285714285714287
country_code,test,BL,1,0.00014285714285714287
country_code,test,GI,1,0.00014285714285714287
country_code,test,GA,1,0.00014285714285714287
country_code,tuning,US,2796,0.1864
country_code,tuning,IN,881,0.05873333333333333
country_code,tuning,DE,716,0.047733333333333336
country_code,tuning,GB,654,0.0436
country_code,tuning,KR,559,0.03726666666666666
country_code,tuning,BR,553,0.036866666666666666
country_code,tuning,JP,497,0.033133333333333334
country_code,tuning,FR,481,0.03206666666666667
country_code,tuning,TR,449,0.029933333333333333
country_code,tuning,UA,400,0.02666666666666667
country_code,tuning,IT,388,0.025866666666666666
country_code,tuning,ES,385,0.025666666666666667
country_code,tuning,CA,382,0.025466666666666665
country_code,tuning,KZ,366,0.0244
country_code,tuning,PL,271,0.01806666666666667
country_code,tuning,AU,233,0.015533333333333333
country_code,tuning,AE,226,0.015066666666666667
country_code,tuning,NL,221,0.014733333333333333
country_code,tuning,MX,216,0.0144
country_code,tuning,VN,198,0.0132
country_code,tuning,CO,192,0.0128
country_code,tuning,ID,127,0.008466666666666667
country_code,tuning,RO,116,0.007733333333333333
country_code,tuning,CH,109,0.007266666666666667
country_code,tuning,SA,109,0.007266666666666667
country_code,tuning,AR,104,0.006933333333333333
country_code,tuning,IL,103,0.006866666666666667
country_code,tuning,HK,100,0.006666666666666667
country_code,tuning,CZ,97,0.006466666666666667
country_code,tuning,AT,96,0.0064
country_code,tuning,KG,94,0.006266666666666667
country_code,tuning,PH,90,0.006
country_code,tuning,UZ,86,0.005733333333333333
country_code,tuning,SG,84,0.0056
country_code,tuning,PK,82,0.0054666666666666665
country_code,tuning,GE,81,0.0054
country_code,tuning,CL,81,0.0054
country_code,tuning,PT,81,0.0054
country_code,tuning,EG,77,0.0051333333333333335
country_code,tuning,RS,75,0.005
country_code,tuning,BG,71,0.004733333333333333
country_code,tuning,PE,68,0.004533333333333334
country_code,tuning,SE,67,0.0044666666666666665
country_code,tuning,BE,61,0.004066666666666666
country_code,tuning,TH,59,0.003933333333333333
country_code,tuning,BY,59,0.003933333333333333
country_code,tuning,RU,58,0.0038666666666666667
country_code,tuning,MY,58,0.0038666666666666667
country_code,tuning,MA,57,0.0038
country_code,tuning,SK,57,0.0038
country_code,tuning,CN,52,0.0034666666666666665
country_code,tuning,NG,51,0.0034
country_code,tuning,SI,50,0.0033333333333333335
country_code,tuning,TW,49,0.003266666666666667
country_code,tuning,DK,47,0.0031333333333333335
country_code,tuning,EC,46,0.0030666666666666668
country_code,tuning,HU,43,0.0028666666666666667
country_code,tuning,NO,41,0.0027333333333333333
country_code,tuning,FI,41,0.0027333333333333333
country_code,tuning,GR,39,0.0026
country_code,tuning,EE,38,0.002533333333333333
country_code,tuning,AM,36,0.0024
country_code,tuning,IQ,36,0.0024
country_code,tuning,ZA,35,0.0023333333333333335
country_code,tuning,DO,35,0.0023333333333333335
country_code,tuning,LV,35,0.0023333333333333335
country_code,tuning,CY,34,0.002266666666666667
country_code,tuning,LT,34,0.002266666666666667
country_code,tuning,MD,32,0.0021333333333333334
country_code,tuning,BD,31,0.0020666666666666667
country_code,tuning,TJ,31,0.0020666666666666667
country_code,tuning,AZ,31,0.0020666666666666667
country_code,tuning,KW,30,0.002
country_code,tuning,LB,30,0.002
country_code,tuning,IE,29,0.0019333333333333333
country_code,tuning,JO,27,0.0018
country_code,tuning,NZ,24,0.0016
country_code,tuning,QA,22,0.0014666666666666667
country_code,tuning,HR,20,0.0013333333333333333
country_code,tuning,VE,20,0.0013333333333333333
country_code,tuning,DZ,20,0.0013333333333333333
country_code,tuning,GT,20,0.0013333333333333333
country_code,tuning,LK,19,0.0012666666666666666
country_code,tuning,UY,18,0.0012
country_code,tuning,BH,18,0.0012
country_code,tuning,KE,17,0.0011333333333333334
country_code,tuning,PY,16,0.0010666666666666667
country_code,tuning,PR,15,0.001
country_code,tuning,MN,14,0.0009333333333333333
country_code,tuning,MT,12,0.0008
country_code,tuning,KH,11,0.0007333333333333333
country_code,tuning,ME,11,0.0007333333333333333
country_code,tuning,HN,11,0.0007333333333333333
country_code,tuning,TN,11,0.0007333333333333333
country_code,tuning,AL,10,0.0006666666666666666
country_code,tuning,LU,9,0.0006
country_code,tuning,PA,9,0.0006
country_code,tuning,SV,9,0.0006
country_code,tuning,RE,9,0.0006
country_code,tuning,CI,9,0.0006
country_code,tuning,TZ,9,0.0006
country_code,tuning,BA,9,0.0006
country_code,tuning,MK,8,0.0005333333333333334
country_code,tuning,OM,8,0.0005333333333333334
country_code,tuning,AD,8,0.0005333333333333334
country_code,tuning,CD,7,0.00046666666666666666
country_code,tuning,JM,7,0.00046666666666666666
country_code,tuning,TT,6,0.0004
country_code,tuning,GH,6,0.0004
country_code,tuning,CR,6,0.0004
country_code,tuning,PS,6,0.0004
country_code,tuning,BO,6,0.0004
country_code,tuning,IS,5,0.0003333333333333333
country_code,tuning,SN,5,0.0003333333333333333
country_code,tuning,XK,5,0.0003333333333333333
country_code,tuning,LY,4,0.0002666666666666667
country_code,tuning,GP,4,0.0002666666666666667
country_code,tuning,NP,4,0.0002666666666666667
country_code,tuning,MV,4,0.0002666666666666667
country_code,tuning,MM,4,0.0002666666666666667
country_code,tuning,CM,4,0.0002666666666666667
country_code,tuning,NI,4,0.0002666666666666667
country_code,tuning,MC,3,0.0002
country_code,tuning,AO,3,0.0002
country_code,tuning,BS,3,0.0002
country_code,tuning,GM,3,0.0002
country_code,tuning,TG,3,0.0002
country_code,tuning,MG,3,0.0002
country_code,tuning,SS,2,0.00013333333333333334
country_code,tuning,BJ,2,0.00013333333333333334
country_code,tuning,TM,2,0.00013333333333333334
country_code,tuning,unknown,2,0.00013333333333333334
country_code,tuning,IM,2,0.00013333333333333334
country_code,tuning,MQ,2,0.00013333333333333334
country_code,tuning,JE,2,0.00013333333333333334
country_code,tuning,PG,1,6.666666666666667e-05
country_code,tuning,RW,1,6.666666666666667e-05
country_code,tuning,FJ,1,6.666666666666667e-05
country_code,tuning,SJ,1,6.666666666666667e-05
country_code,tuning,GD,1,6.666666666666667e-05
country_code,tuning,YE,1,6.666666666666667e-05
country_code,tuning,SR,1,6.666666666666667e-05
country_code,tuning,MZ,1,6.666666666666667e-05
country_code,tuning,BN,1,6.666666666666667e-05
country_code,tuning,MO,1,6.666666666666667e-05
country_code,tuning,GA,1,6.666666666666667e-05
country_code,tuning,ET,1,6.666666666666667e-05
country_code,tuning,CK,1,6.666666666666667e-05
country_code,tuning,UG,1,6.666666666666667e-05
country_code,tuning,GN,1,6.666666666666667e-05
country_code,tuning,GF,1,6.666666666666667e-05
country_code,tuning,KY,1,6.666666666666667e-05
country_code,tuning,LS,1,6.666666666666667e-05
country_code,tuning,ER,1,6.666666666666667e-05
country_code,tuning,PF,1,6.666666666666667e-05
country_code,tuning,NE,1,6.666666666666667e-05
country_code,tuning,LI,1,6.666666666666667e-05
country_code,tuning,ZM,1,6.666666666666667e-05
country_code,tuning,SL,1,6.666666666666667e-05
country_code,tuning,BF,1,6.666666666666667e-05
country_code,tuning,NU,1,6.666666666666667e-05
country_code,tuning,MU,1,6.666666666666667e-05
country_code,tuning,AI,1,6.666666666666667e-05
country_code,tuning,ML,1,6.666666666666667e-05
country_code,tuning,LC,1,6.666666666666667e-05
country_code,tuning,GI,1,6.666666666666667e-05
attempt_last_card_country,final_evaluation,us,2532,0.1688
attempt_last_card_country,final_evaluation,gb,893,0.059533333333333334
attempt_last_card_country,final_evaluation,in,844,0.056266666666666666
attempt_last_card_country,final_evaluation,de,841,0.05606666666666667
attempt_last_card_country,final_evaluation,fr,553,0.036866666666666666
attempt_last_card_country,final_evaluation,br,485,0.03233333333333333
attempt_last_card_country,final_evaluation,it,472,0.031466666666666664
attempt_last_card_country,final_evaluation,kr,467,0.031133333333333332
attempt_last_card_country,final_evaluation,ua,419,0.027933333333333334
attempt_last_card_country,final_evaluation,es,405,0.027
attempt_last_card_country,final_evaluation,kz,401,0.026733333333333335
attempt_last_card_country,final_evaluation,ca,400,0.02666666666666667
attempt_last_card_country,final_evaluation,tr,350,0.023333333333333334
attempt_last_card_country,final_evaluation,pl,300,0.02
attempt_last_card_country,final_evaluation,ae,260,0.017333333333333333
attempt_last_card_country,final_evaluation,mx,258,0.0172
attempt_last_card_country,final_evaluation,jp,252,0.0168
attempt_last_card_country,final_evaluation,au,236,0.015733333333333332
attempt_last_card_country,final_evaluation,hk,212,0.014133333333333333
attempt_last_card_country,final_evaluation,nl,196,0.013066666666666667
attempt_last_card_country,final_evaluation,co,182,0.012133333333333333
attempt_last_card_country,final_evaluation,sg,152,0.010133333333333333
attempt_last_card_country,final_evaluation,il,145,0.009666666666666667
attempt_last_card_country,final_evaluation,ro,130,0.008666666666666666
attempt_last_card_country,final_evaluation,cz,127,0.008466666666666667
attempt_last_card_country,final_evaluation,at,121,0.008066666666666666
attempt_last_card_country,final_evaluation,vn,120,0.008
attempt_last_card_country,final_evaluation,ar,117,0.0078
attempt_last_card_country,final_evaluation,ch,113,0.007533333333333334
attempt_last_card_country,final_evaluation,id,96,0.0064
attempt_last_card_country,final_evaluation,kg,93,0.0062
attempt_last_card_country,final_evaluation,sa,92,0.0061333333333333335
attempt_last_card_country,final_evaluation,ph,90,0.006
attempt_last_card_country,final_evaluation,uz,88,0.005866666666666667
attempt_last_card_country,final_evaluation,ee,83,0.005533333333333334
attempt_last_card_country,final_evaluation,pk,80,0.005333333333333333
attempt_last_card_country,final_evaluation,pr,79,0.005266666666666667
attempt_last_card_country,final_evaluation,pt,75,0.005
attempt_last_card_country,final_evaluation,be,72,0.0048
attempt_last_card_country,final_evaluation,pe,70,0.004666666666666667
attempt_last_card_country,final_evaluation,bg,69,0.0046
attempt_last_card_country,final_evaluation,se,68,0.004533333333333334
attempt_last_card_country,final_evaluation,cl,65,0.004333333333333333
attempt_last_card_country,final_evaluation,sk,59,0.003933333333333333
attempt_last_card_country,final_evaluation,by,59,0.003933333333333333
attempt_last_card_country,final_evaluation,ng,55,0.0036666666666666666
attempt_last_card_country,final_evaluation,th,55,0.0036666666666666666
attempt_last_card_country,final_evaluation,eg,54,0.0036
attempt_last_card_country,final_evaluation,za,53,0.003533333333333333
attempt_last_card_country,final_evaluation,ec,53,0.003533333333333333
attempt_last_card_country,final_evaluation,ie,52,0.0034666666666666665
attempt_last_card_country,final_evaluation,my,52,0.0034666666666666665
attempt_last_card_country,final_evaluation,rs,51,0.0034
attempt_last_card_country,final_evaluation,ge,51,0.0034
attempt_last_card_country,final_evaluation,ma,49,0.003266666666666667
attempt_last_card_country,final_evaluation,dk,48,0.0032
attempt_last_card_country,final_evaluation,lt,47,0.0031333333333333335
attempt_last_card_country,final_evaluation,tj,46,0.0030666666666666668
attempt_last_card_country,final_evaluation,am,46,0.0030666666666666668
attempt_last_card_country,final_evaluation,gr,44,0.0029333333333333334
attempt_last_card_country,final_evaluation,hu,42,0.0028
attempt_last_card_country,final_evaluation,si,41,0.0027333333333333333
attempt_last_card_country,final_evaluation,no,40,0.0026666666666666666
attempt_last_card_country,final_evaluation,lb,40,0.0026666666666666666
attempt_last_card_country,final_evaluation,tw,40,0.0026666666666666666
attempt_last_card_country,final_evaluation,nz,40,0.0026666666666666666
attempt_last_card_country,final_evaluation,kw,39,0.0026
attempt_last_card_country,final_evaluation,cn,39,0.0026
attempt_last_card_country,final_evaluation,pa,38,0.002533333333333333
attempt_last_card_country,final_evaluation,fi,37,0.0024666666666666665
attempt_last_card_country,final_evaluation,az,36,0.0024
attempt_last_card_country,final_evaluation,lv,34,0.002266666666666667
attempt_last_card_country,final_evaluation,cy,33,0.0022
attempt_last_card_country,final_evaluation,jo,30,0.002
attempt_last_card_country,final_evaluation,qa,25,0.0016666666666666668
attempt_last_card_country,final_evaluation,hr,25,0.0016666666666666668
attempt_last_card_country,final_evaluation,iq,25,0.0016666666666666668
attempt_last_card_country,final_evaluation,lk,24,0.0016
attempt_last_card_country,final_evaluation,gt,23,0.0015333333333333334
attempt_last_card_country,final_evaluation,unknown,21,0.0014
attempt_last_card_country,final_evaluation,do,21,0.0014
attempt_last_card_country,final_evaluation,ke,19,0.0012666666666666666
attempt_last_card_country,final_evaluation,md,14,0.0009333333333333333
attempt_last_card_country,final_evaluation,al,13,0.0008666666666666666
attempt_last_card_country,final_evaluation,uy,13,0.0008666666666666666
attempt_last_card_country,final_evaluation,ba,12,0.0008
attempt_last_card_country,final_evaluation,sr,11,0.0007333333333333333
attempt_last_card_country,final_evaluation,bh,11,0.0007333333333333333
attempt_last_card_country,final_evaluation,ci,10,0.0006666666666666666
attempt_last_card_country,final_evaluation,py,10,0.0006666666666666666
attempt_last_card_country,final_evaluation,mn,10,0.0006666666666666666
attempt_last_card_country,final_evaluation,cr,10,0.0006666666666666666
attempt_last_card_country,final_evaluation,om,10,0.0006666666666666666
attempt_last_card_country,final_evaluation,hn,9,0.0006
attempt_last_card_country,final_evaluation,mk,9,0.0006
attempt_last_card_country,final_evaluation,ps,9,0.0006
attempt_last_card_country,final_evaluation,bd,9,0.0006
attempt_last_card_country,final_evaluation,gh,9,0.0006
attempt_last_card_country,final_evaluation,jm,8,0.0005333333333333334
attempt_last_card_country,final_evaluation,cd,8,0.0005333333333333334
attempt_last_card_country,final_evaluation,kh,7,0.00046666666666666666
attempt_last_card_country,final_evaluation,ky,7,0.00046666666666666666
attempt_last_card_country,final_evaluation,mt,7,0.00046666666666666666
attempt_last_card_country,final_evaluation,sv,6,0.0004
attempt_last_card_country,final_evaluation,lu,6,0.0004
attempt_last_card_country,final_evaluation,bo,5,0.0003333333333333333
attempt_last_card_country,final_evaluation,np,5,0.0003333333333333333
attempt_last_card_country,final_evaluation,ug,5,0.0003333333333333333
attempt_last_card_country,final_evaluation,tt,5,0.0003333333333333333
attempt_last_card_country,final_evaluation,zm,4,0.0002666666666666667
attempt_last_card_country,final_evaluation,tz,4,0.0002666666666666667
attempt_last_card_country,final_evaluation,mm,4,0.0002666666666666667
attempt_last_card_country,final_evaluation,mv,4,0.0002666666666666667
attempt_last_card_country,final_evaluation,is,4,0.0002666666666666667
attempt_last_card_country,final_evaluation,me,3,0.0002
attempt_last_card_country,final_evaluation,ml,3,0.0002
attempt_last_card_country,final_evaluation,bj,3,0.0002
attempt_last_card_country,final_evaluation,sn,3,0.0002
attempt_last_card_country,final_evaluation,ad,3,0.0002
attempt_last_card_country,final_evaluation,tn,3,0.0002
attempt_last_card_country,final_evaluation,rw,3,0.0002
attempt_last_card_country,final_evaluation,ao,3,0.0002
attempt_last_card_country,final_evaluation,mz,2,0.00013333333333333334
attempt_last_card_country,final_evaluation,cm,2,0.00013333333333333334
attempt_last_card_country,final_evaluation,cw,2,0.00013333333333333334
attempt_last_card_country,final_evaluation,ni,2,0.00013333333333333334
attempt_last_card_country,final_evaluation,bs,2,0.00013333333333333334
attempt_last_card_country,final_evaluation,ly,2,0.00013333333333333334
attempt_last_card_country,final_evaluation,la,2,0.00013333333333333334
attempt_last_card_country,final_evaluation,lr,1,6.666666666666667e-05
attempt_last_card_country,final_evaluation,sz,1,6.666666666666667e-05
attempt_last_card_country,final_evaluation,na,1,6.666666666666667e-05
attempt_last_card_country,final_evaluation,af,1,6.666666666666667e-05
attempt_last_card_country,final_evaluation,dz,1,6.666666666666667e-05
attempt_last_card_country,final_evaluation,fj,1,6.666666666666667e-05
attempt_last_card_country,final_evaluation,gy,1,6.666666666666667e-05
attempt_last_card_country,final_evaluation,bn,1,6.666666666666667e-05
attempt_last_card_country,final_evaluation,zw,1,6.666666666666667e-05
attempt_last_card_country,final_evaluation,bt,1,6.666666666666667e-05
attempt_last_card_country,final_evaluation,mu,1,6.666666666666667e-05
attempt_last_card_country,final_evaluation,td,1,6.666666666666667e-05
attempt_last_card_country,final_evaluation,aw,1,6.666666666666667e-05
attempt_last_card_country,final_evaluation,ye,1,6.666666666666667e-05
attempt_last_card_country,final_evaluation,li,1,6.666666666666667e-05
attempt_last_card_country,historical_train,unknown,12813,0.21355
attempt_last_card_country,historical_train,us,7233,0.12055
attempt_last_card_country,historical_train,jp,2548,0.042466666666666666
attempt_last_card_country,historical_train,fr,2377,0.03961666666666667
attempt_last_card_country,historical_train,de,2352,0.0392
attempt_last_card_country,historical_train,in,2164,0.036066666666666664
attempt_last_card_country,historical_train,gb,2033,0.033883333333333335
attempt_last_card_country,historical_train,es,1823,0.03038333333333333
attempt_last_card_country,historical_train,tr,1443,0.02405
attempt_last_card_country,historical_train,kr,1343,0.022383333333333335
attempt_last_card_country,historical_train,it,1295,0.021583333333333333
attempt_last_card_country,historical_train,kz,1287,0.02145
attempt_last_card_country,historical_train,br,1173,0.01955
attempt_last_card_country,historical_train,ca,1162,0.019366666666666667
attempt_last_card_country,historical_train,ua,1008,0.0168
attempt_last_card_country,historical_train,pl,889,0.014816666666666667
attempt_last_card_country,historical_train,ae,793,0.013216666666666666
attempt_last_card_country,historical_train,hk,781,0.013016666666666666
attempt_last_card_country,historical_train,au,721,0.012016666666666667
attempt_last_card_country,historical_train,mx,669,0.01115
attempt_last_card_country,historical_train,ee,600,0.01
attempt_last_card_country,historical_train,nl,560,0.009333333333333334
attempt_last_card_country,historical_train,tw,536,0.008933333333333333
attempt_last_card_country,historical_train,ph,483,0.00805
attempt_last_card_country,historical_train,sg,479,0.007983333333333334
attempt_last_card_country,historical_train,vn,466,0.0077666666666666665
attempt_last_card_country,historical_train,co,440,0.007333333333333333
attempt_last_card_country,historical_train,id,398,0.006633333333333333
attempt_last_card_country,historical_train,il,379,0.006316666666666667
attempt_last_card_country,historical_train,kg,344,0.005733333333333333
attempt_last_card_country,historical_train,ch,321,0.00535
attempt_last_card_country,historical_train,cn,315,0.00525
attempt_last_card_country,historical_train,cl,307,0.005116666666666667
attempt_last_card_country,historical_train,ar,304,0.005066666666666666
attempt_last_card_country,historical_train,cz,302,0.005033333333333333
attempt_last_card_country,historical_train,ro,283,0.004716666666666667
attempt_last_card_country,historical_train,sa,262,0.004366666666666666
attempt_last_card_country,historical_train,si,257,0.0042833333333333334
attempt_last_card_country,historical_train,uz,250,0.004166666666666667
attempt_last_card_country,historical_train,at,249,0.00415
attempt_last_card_country,historical_train,ge,246,0.0041
attempt_last_card_country,historical_train,my,235,0.003916666666666666
attempt_last_card_country,historical_train,pt,228,0.0038
attempt_last_card_country,historical_train,be,222,0.0037
attempt_last_card_country,historical_train,eg,219,0.00365
attempt_last_card_country,historical_train,pk,207,0.00345
attempt_last_card_country,historical_train,pr,203,0.0033833333333333332
attempt_last_card_country,historical_train,bg,202,0.0033666666666666667
attempt_last_card_country,historical_train,se,194,0.0032333333333333333
attempt_last_card_country,historical_train,qa,179,0.0029833333333333335
attempt_last_card_country,historical_train,za,178,0.0029666666666666665
attempt_last_card_country,historical_train,by,176,0.0029333333333333334
attempt_last_card_country,historical_train,sk,162,0.0027
attempt_last_card_country,historical_train,pe,155,0.0025833333333333333
attempt_last_card_country,historical_train,tj,152,0.002533333333333333
attempt_last_card_country,historical_train,rs,151,0.0025166666666666666
attempt_last_card_country,historical_train,lt,150,0.0025
attempt_last_card_country,historical_train,gr,138,0.0023
attempt_last_card_country,historical_train,hu,136,0.002266666666666667
attempt_last_card_country,historical_train,ma,129,0.00215
attempt_last_card_country,historical_train,iq,129,0.00215
attempt_last_card_country,historical_train,th,126,0.0021
attempt_last_card_country,historical_train,nz,118,0.0019666666666666665
attempt_last_card_country,historical_train,ie,116,0.0019333333333333333
attempt_last_card_country,historical_train,am,115,0.0019166666666666666
attempt_last_card_country,historical_train,no,114,0.0019
attempt_last_card_country,historical_train,kw,111,0.00185
attempt_last_card_country,historical_train,dk,110,0.0018333333333333333
attempt_last_card_country,historical_train,ec,107,0.0017833333333333334
attempt_last_card_country,historical_train,cy,96,0.0016
attempt_last_card_country,historical_train,fi,93,0.00155
attempt_last_card_country,historical_train,pa,92,0.0015333333333333334
attempt_last_card_country,historical_train,lb,91,0.0015166666666666666
attempt_last_card_country,historical_train,az,84,0.0014
attempt_last_card_country,historical_train,lv,81,0.00135
attempt_last_card_country,historical_train,ng,78,0.0013
attempt_last_card_country,historical_train,hr,77,0.0012833333333333334
attempt_last_card_country,historical_train,jo,66,0.0011
attempt_last_card_country,historical_train,lk,58,0.0009666666666666667
attempt_last_card_country,historical_train,md,55,0.0009166666666666666
attempt_last_card_country,historical_train,cr,54,0.0009
attempt_last_card_country,historical_train,do,51,0.00085
attempt_last_card_country,historical_train,om,48,0.0008
attempt_last_card_country,historical_train,bd,47,0.0007833333333333334
attempt_last_card_country,historical_train,ke,44,0.0007333333333333333
attempt_last_card_country,historical_train,mn,38,0.0006333333333333333
attempt_last_card_country,historical_train,bh,36,0.0006
attempt_last_card_country,historical_train,al,34,0.0005666666666666667
attempt_last_card_country,historical_train,uy,34,0.0005666666666666667
attempt_last_card_country,historical_train,mt,32,0.0005333333333333334
attempt_last_card_country,historical_train,kh,28,0.00046666666666666666
attempt_last_card_country,historical_train,py,27,0.00045
attempt_last_card_country,historical_train,gt,27,0.00045
attempt_last_card_country,historical_train,lu,23,0.00038333333333333334
attempt_last_card_country,historical_train,is,23,0.00038333333333333334
attempt_last_card_country,historical_train,ci,22,0.00036666666666666667
attempt_last_card_country,historical_train,sr,21,0.00035
attempt_last_card_country,historical_train,jm,20,0.0003333333333333333
attempt_last_card_country,historical_train,ba,18,0.0003
attempt_last_card_country,historical_train,mk,16,0.0002666666666666667
attempt_last_card_country,historical_train,sv,16,0.0002666666666666667
attempt_last_card_country,historical_train,ps,16,0.0002666666666666667
attempt_last_card_country,historical_train,hn,15,0.00025
attempt_last_card_country,historical_train,gh,15,0.00025
attempt_last_card_country,historical_train,sn,14,0.00023333333333333333
attempt_last_card_country,historical_train,cm,13,0.00021666666666666666
attempt_last_card_country,historical_train,cd,11,0.00018333333333333334
attempt_last_card_country,historical_train,me,11,0.00018333333333333334
attempt_last_card_country,historical_train,ve,10,0.00016666666666666666
attempt_last_card_country,historical_train,tz,10,0.00016666666666666666
attempt_last_card_country,historical_train,zm,10,0.00016666666666666666
attempt_last_card_country,historical_train,np,10,0.00016666666666666666
attempt_last_card_country,historical_train,mv,10,0.00016666666666666666
attempt_last_card_country,historical_train,mm,9,0.00015
attempt_last_card_country,historical_train,ad,9,0.00015
attempt_last_card_country,historical_train,tt,9,0.00015
attempt_last_card_country,historical_train,tn,8,0.00013333333333333334
attempt_last_card_country,historical_train,ye,8,0.00013333333333333334
attempt_last_card_country,historical_train,so,6,0.0001
attempt_last_card_country,historical_train,ky,6,0.0001
attempt_last_card_country,historical_train,cw,6,0.0001
attempt_last_card_country,historical_train,bn,5,8.333333333333333e-05
attempt_last_card_country,historical_train,mz,5,8.333333333333333e-05
attempt_last_card_country,historical_train,ly,5,8.333333333333333e-05
attempt_last_card_country,historical_train,ml,5,8.333333333333333e-05
attempt_last_card_country,historical_train,mu,5,8.333333333333333e-05
attempt_last_card_country,historical_train,cg,4,6.666666666666667e-05
attempt_last_card_country,historical_train,aw,4,6.666666666666667e-05
attempt_last_card_country,historical_train,ug,4,6.666666666666667e-05
attempt_last_card_country,historical_train,bf,4,6.666666666666667e-05
attempt_last_card_country,historical_train,mg,3,5e-05
attempt_last_card_country,historical_train,sc,3,5e-05
attempt_last_card_country,historical_train,ao,3,5e-05
attempt_last_card_country,historical_train,bs,3,5e-05
attempt_last_card_country,historical_train,tm,3,5e-05
attempt_last_card_country,historical_train,zw,3,5e-05
attempt_last_card_country,historical_train,ht,3,5e-05
attempt_last_card_country,historical_train,tg,3,5e-05
attempt_last_card_country,historical_train,la,3,5e-05
attempt_last_card_country,historical_train,ni,3,5e-05
attempt_last_card_country,historical_train,bo,3,5e-05
attempt_last_card_country,historical_train,mo,3,5e-05
attempt_last_card_country,historical_train,dz,3,5e-05
attempt_last_card_country,historical_train,li,2,3.3333333333333335e-05
attempt_last_card_country,historical_train,cv,2,3.3333333333333335e-05
attempt_last_card_country,historical_train,na,2,3.3333333333333335e-05
attempt_last_card_country,historical_train,bm,2,3.3333333333333335e-05
attempt_last_card_country,historical_train,bz,2,3.3333333333333335e-05
attempt_last_card_country,historical_train,ag,2,3.3333333333333335e-05
attempt_last_card_country,historical_train,ga,2,3.3333333333333335e-05
attempt_last_card_country,historical_train,gn,2,3.3333333333333335e-05
attempt_last_card_country,historical_train,gw,1,1.6666666666666667e-05
attempt_last_card_country,historical_train,lc,1,1.6666666666666667e-05
attempt_last_card_country,historical_train,vc,1,1.6666666666666667e-05
attempt_last_card_country,historical_train,af,1,1.6666666666666667e-05
attempt_last_card_country,historical_train,bi,1,1.6666666666666667e-05
attempt_last_card_country,historical_train,dm,1,1.6666666666666667e-05
attempt_last_card_country,historical_train,vg,1,1.6666666666666667e-05
attempt_last_card_country,historical_train,bj,1,1.6666666666666667e-05
attempt_last_card_country,historical_train,bw,1,1.6666666666666667e-05
attempt_last_card_country,historical_train,bb,1,1.6666666666666667e-05
attempt_last_card_country,historical_train,sl,1,1.6666666666666667e-05
attempt_last_card_country,historical_train,ls,1,1.6666666666666667e-05
attempt_last_card_country,historical_train,fj,1,1.6666666666666667e-05
attempt_last_card_country,historical_train,gu,1,1.6666666666666667e-05
attempt_last_card_country,historical_train,pg,1,1.6666666666666667e-05
attempt_last_card_country,historical_train,sm,1,1.6666666666666667e-05
attempt_last_card_country,historical_train,gy,1,1.6666666666666667e-05
attempt_last_card_country,historical_train,bt,1,1.6666666666666667e-05
attempt_last_card_country,test,us,1215,0.17357142857142857
attempt_last_card_country,test,in,632,0.09028571428571429
attempt_last_card_country,test,gb,388,0.05542857142857143
attempt_last_card_country,test,de,366,0.05228571428571428
attempt_last_card_country,test,fr,288,0.04114285714285714
attempt_last_card_country,test,kr,270,0.03857142857142857
attempt_last_card_country,test,it,195,0.027857142857142858
attempt_last_card_country,test,ua,192,0.027428571428571427
attempt_last_card_country,test,ca,187,0.026714285714285715
attempt_last_card_country,test,br,183,0.02614285714285714
attempt_last_card_country,test,tr,161,0.023
attempt_last_card_country,test,es,158,0.022571428571428572
attempt_last_card_country,test,pl,137,0.019571428571428573
attempt_last_card_country,test,au,137,0.019571428571428573
attempt_last_card_country,test,mx,125,0.017857142857142856
attempt_last_card_country,test,kz,122,0.01742857142857143
attempt_last_card_country,test,ae,102,0.014571428571428572
attempt_last_card_country,test,hk,100,0.014285714285714285
attempt_last_card_country,test,il,86,0.012285714285714285
attempt_last_card_country,test,nl,83,0.011857142857142858
attempt_last_card_country,test,ch,79,0.011285714285714286
attempt_last_card_country,test,co,70,0.01
attempt_last_card_country,test,ar,67,0.009571428571428571
attempt_last_card_country,test,jp,64,0.009142857142857144
attempt_last_card_country,test,ro,62,0.008857142857142857
attempt_last_card_country,test,sg,60,0.008571428571428572
attempt_last_card_country,test,cz,49,0.007
attempt_last_card_country,test,ph,48,0.006857142857142857
attempt_last_card_country,test,se,44,0.006285714285714286
attempt_last_card_country,test,eg,41,0.005857142857142857
attempt_last_card_country,test,sa,40,0.005714285714285714
attempt_last_card_country,test,id,40,0.005714285714285714
attempt_last_card_country,test,pe,38,0.0054285714285714284
attempt_last_card_country,test,pk,37,0.005285714285714286
attempt_last_card_country,test,be,36,0.005142857142857143
attempt_last_card_country,test,am,35,0.005
attempt_last_card_country,test,za,35,0.005
attempt_last_card_country,test,vn,35,0.005
attempt_last_card_country,test,pt,35,0.005
attempt_last_card_country,test,sk,33,0.004714285714285714
attempt_last_card_country,test,at,33,0.004714285714285714
attempt_last_card_country,test,uz,32,0.004571428571428572
attempt_last_card_country,test,bg,32,0.004571428571428572
attempt_last_card_country,test,by,31,0.004428571428571428
attempt_last_card_country,test,kg,30,0.004285714285714286
attempt_last_card_country,test,ge,29,0.004142857142857143
attempt_last_card_country,test,my,25,0.0035714285714285713
attempt_last_card_country,test,tw,25,0.0035714285714285713
attempt_last_card_country,test,pr,24,0.0034285714285714284
attempt_last_card_country,test,ie,23,0.003285714285714286
attempt_last_card_country,test,cl,23,0.003285714285714286
attempt_last_card_country,test,si,21,0.003
attempt_last_card_country,test,ee,21,0.003
attempt_last_card_country,test,lt,21,0.003
attempt_last_card_country,test,no,20,0.002857142857142857
attempt_last_card_country,test,rs,20,0.002857142857142857
attempt_last_card_country,test,th,20,0.002857142857142857
attempt_last_card_country,test,ma,20,0.002857142857142857
attempt_last_card_country,test,gr,20,0.002857142857142857
attempt_last_card_country,test,dk,19,0.0027142857142857142
attempt_last_card_country,test,hu,19,0.0027142857142857142
attempt_last_card_country,test,ec,18,0.0025714285714285713
attempt_last_card_country,test,ng,18,0.0025714285714285713
attempt_last_card_country,test,pa,16,0.002285714285714286
attempt_last_card_country,test,tj,16,0.002285714285714286
attempt_last_card_country,test,lb,15,0.002142857142857143
attempt_last_card_country,test,nz,15,0.002142857142857143
attempt_last_card_country,test,kw,15,0.002142857142857143
attempt_last_card_country,test,lv,14,0.002
attempt_last_card_country,test,iq,14,0.002
attempt_last_card_country,test,cy,14,0.002
attempt_last_card_country,test,cn,14,0.002
attempt_last_card_country,test,qa,14,0.002
attempt_last_card_country,test,fi,13,0.0018571428571428571
attempt_last_card_country,test,jo,11,0.0015714285714285715
attempt_last_card_country,test,mk,11,0.0015714285714285715
attempt_last_card_country,test,bd,11,0.0015714285714285715
attempt_last_card_country,test,hr,10,0.0014285714285714286
attempt_last_card_country,test,md,9,0.0012857142857142856
attempt_last_card_country,test,cr,9,0.0012857142857142856
attempt_last_card_country,test,uy,9,0.0012857142857142856
attempt_last_card_country,test,gt,9,0.0012857142857142856
attempt_last_card_country,test,bh,8,0.001142857142857143
attempt_last_card_country,test,do,8,0.001142857142857143
attempt_last_card_country,test,hn,8,0.001142857142857143
attempt_last_card_country,test,lk,7,0.001
attempt_last_card_country,test,py,7,0.001
attempt_last_card_country,test,ke,6,0.0008571428571428571
attempt_last_card_country,test,az,5,0.0007142857142857143
attempt_last_card_country,test,al,5,0.0007142857142857143
attempt_last_card_country,test,ba,4,0.0005714285714285715
attempt_last_card_country,test,sv,4,0.0005714285714285715
attempt_last_card_country,test,sn,4,0.0005714285714285715
attempt_last_card_country,test,om,4,0.0005714285714285715
attempt_last_card_country,test,gh,4,0.0005714285714285715
attempt_last_card_country,test,me,4,0.0005714285714285715
attempt_last_card_country,test,ps,4,0.0005714285714285715
attempt_last_card_country,test,mm,4,0.0005714285714285715
attempt_last_card_country,test,ly,3,0.00042857142857142855
attempt_last_card_country,test,jm,3,0.00042857142857142855
attempt_last_card_country,test,sr,3,0.00042857142857142855
attempt_last_card_country,test,lu,2,0.00028571428571428574
attempt_last_card_country,test,zw,2,0.00028571428571428574
attempt_last_card_country,test,na,2,0.00028571428571428574
attempt_last_card_country,test,mn,2,0.00028571428571428574
attempt_last_card_country,test,so,2,0.00028571428571428574
attempt_last_card_country,test,mo,2,0.00028571428571428574
attempt_last_card_country,test,tt,2,0.00028571428571428574
attempt_last_card_country,test,kh,2,0.00028571428571428574
attempt_last_card_country,test,tz,2,0.00028571428571428574
attempt_last_card_country,test,mt,2,0.00028571428571428574
attempt_last_card_country,test,mv,2,0.00028571428571428574
attempt_last_card_country,test,tn,2,0.00028571428571428574
attempt_last_card_country,test,cw,2,0.00028571428571428574
attempt_last_card_country,test,np,1,0.00014285714285714287
attempt_last_card_country,test,la,1,0.00014285714285714287
attempt_last_card_country,test,dz,1,0.00014285714285714287
attempt_last_card_country,test,bi,1,0.00014285714285714287
attempt_last_card_country,test,ht,1,0.00014285714285714287
attempt_last_card_country,test,bb,1,0.00014285714285714287
attempt_last_card_country,test,zm,1,0.00014285714285714287
attempt_last_card_country,test,ug,1,0.00014285714285714287
attempt_last_card_country,test,mz,1,0.00014285714285714287
attempt_last_card_country,test,rw,1,0.00014285714285714287
attempt_last_card_country,test,ci,1,0.00014285714285714287
attempt_last_card_country,test,li,1,0.00014285714285714287
attempt_last_card_country,test,ye,1,0.00014285714285714287
attempt_last_card_country,test,sb,1,0.00014285714285714287
attempt_last_card_country,test,gy,1,0.00014285714285714287
attempt_last_card_country,test,bs,1,0.00014285714285714287
attempt_last_card_country,test,aw,1,0.00014285714285714287
attempt_last_card_country,test,bn,1,0.00014285714285714287
attempt_last_card_country,test,ni,1,0.00014285714285714287
attempt_last_card_country,test,ga,1,0.00014285714285714287
attempt_last_card_country,test,unknown,1,0.00014285714285714287
attempt_last_card_country,tuning,us,2608,0.17386666666666667
attempt_last_card_country,tuning,in,871,0.05806666666666667
attempt_last_card_country,tuning,gb,780,0.052
attempt_last_card_country,tuning,de,695,0.04633333333333333
attempt_last_card_country,tuning,kr,559,0.03726666666666666
attempt_last_card_country,tuning,br,542,0.03613333333333334
attempt_last_card_country,tuning,fr,509,0.033933333333333336
attempt_last_card_country,tuning,jp,505,0.033666666666666664
attempt_last_card_country,tuning,ua,429,0.0286
attempt_last_card_country,tuning,kz,421,0.028066666666666667
attempt_last_card_country,tuning,it,416,0.027733333333333332
attempt_last_card_country,tuning,tr,410,0.027333333333333334
attempt_last_card_country,tuning,es,373,0.024866666666666665
attempt_last_card_country,tuning,ca,370,0.024666666666666667
attempt_last_card_country,tuning,pl,253,0.016866666666666665
attempt_last_card_country,tuning,au,232,0.015466666666666667
attempt_last_card_country,tuning,mx,217,0.014466666666666666
attempt_last_card_country,tuning,hk,216,0.0144
attempt_last_card_country,tuning,ae,214,0.014266666666666667
attempt_last_card_country,tuning,co,187,0.012466666666666666
attempt_last_card_country,tuning,vn,186,0.0124
attempt_last_card_country,tuning,nl,185,0.012333333333333333
attempt_last_card_country,tuning,sg,161,0.010733333333333333
attempt_last_card_country,tuning,ee,132,0.0088
attempt_last_card_country,tuning,ro,112,0.007466666666666667
attempt_last_card_country,tuning,sa,109,0.007266666666666667
attempt_last_card_country,tuning,ch,104,0.006933333333333333
attempt_last_card_country,tuning,kg,104,0.006933333333333333
attempt_last_card_country,tuning,id,103,0.006866666666666667
attempt_last_card_country,tuning,ph,102,0.0068
attempt_last_card_country,tuning,il,99,0.0066
attempt_last_card_country,tuning,cz,98,0.006533333333333334
attempt_last_card_country,tuning,at,93,0.0062
attempt_last_card_country,tuning,uz,91,0.006066666666666666
attempt_last_card_country,tuning,ar,84,0.0056
attempt_last_card_country,tuning,pr,84,0.0056
attempt_last_card_country,tuning,ge,83,0.005533333333333334
attempt_last_card_country,tuning,cl,81,0.0054
attempt_last_card_country,tuning,pk,76,0.005066666666666666
attempt_last_card_country,tuning,pt,75,0.005
attempt_last_card_country,tuning,pe,70,0.004666666666666667
attempt_last_card_country,tuning,bg,68,0.004533333333333334
attempt_last_card_country,tuning,by,68,0.004533333333333334
attempt_last_card_country,tuning,rs,63,0.0042
attempt_last_card_country,tuning,se,62,0.0041333333333333335
attempt_last_card_country,tuning,eg,62,0.0041333333333333335
attempt_last_card_country,tuning,be,57,0.0038
attempt_last_card_country,tuning,sk,56,0.0037333333333333333
attempt_last_card_country,tuning,cn,55,0.0036666666666666666
attempt_last_card_country,tuning,my,54,0.0036
attempt_last_card_country,tuning,si,50,0.0033333333333333335
attempt_last_card_country,tuning,ec,48,0.0032
attempt_last_card_country,tuning,dk,47,0.0031333333333333335
attempt_last_card_country,tuning,ie,47,0.0031333333333333335
attempt_last_card_country,tuning,tw,47,0.0031333333333333335
attempt_last_card_country,tuning,lt,46,0.0030666666666666668
attempt_last_card_country,tuning,gr,44,0.0029333333333333334
attempt_last_card_country,tuning,th,44,0.0029333333333333334
attempt_last_card_country,tuning,ma,41,0.0027333333333333333
attempt_last_card_country,tuning,hu,41,0.0027333333333333333
attempt_last_card_country,tuning,tj,41,0.0027333333333333333
attempt_last_card_country,tuning,no,40,0.0026666666666666666
attempt_last_card_country,tuning,ng,38,0.002533333333333333
attempt_last_card_country,tuning,iq,38,0.002533333333333333
attempt_last_card_country,tuning,za,36,0.0024
attempt_last_card_country,tuning,do,35,0.0023333333333333335
attempt_last_card_country,tuning,am,34,0.002266666666666667
attempt_last_card_country,tuning,kw,32,0.0021333333333333334
attempt_last_card_country,tuning,cy,29,0.0019333333333333333
attempt_last_card_country,tuning,lb,28,0.0018666666666666666
attempt_last_card_country,tuning,md,28,0.0018666666666666666
attempt_last_card_country,tuning,qa,28,0.0018666666666666666
attempt_last_card_country,tuning,az,27,0.0018
attempt_last_card_country,tuning,jo,26,0.0017333333333333333
attempt_last_card_country,tuning,fi,26,0.0017333333333333333
attempt_last_card_country,tuning,lv,25,0.0016666666666666668
attempt_last_card_country,tuning,nz,25,0.0016666666666666668
attempt_last_card_country,tuning,bh,22,0.0014666666666666667
attempt_last_card_country,tuning,pa,21,0.0014
attempt_last_card_country,tuning,unknown,19,0.0012666666666666666
attempt_last_card_country,tuning,hr,19,0.0012666666666666666
attempt_last_card_country,tuning,gt,19,0.0012666666666666666
attempt_last_card_country,tuning,lk,19,0.0012666666666666666
attempt_last_card_country,tuning,uy,18,0.0012
attempt_last_card_country,tuning,bd,16,0.0010666666666666667
attempt_last_card_country,tuning,mn,15,0.001
attempt_last_card_country,tuning,mt,14,0.0009333333333333333
attempt_last_card_country,tuning,ke,14,0.0009333333333333333
attempt_last_card_country,tuning,kh,13,0.0008666666666666666
attempt_last_card_country,tuning,py,13,0.0008666666666666666
attempt_last_card_country,tuning,lu,11,0.0007333333333333333
attempt_last_card_country,tuning,hn,11,0.0007333333333333333
attempt_last_card_country,tuning,ci,9,0.0006
attempt_last_card_country,tuning,tz,9,0.0006
attempt_last_card_country,tuning,al,9,0.0006
attempt_last_card_country,tuning,ps,9,0.0006
attempt_last_card_country,tuning,om,8,0.0005333333333333334
attempt_last_card_country,tuning,sv,8,0.0005333333333333334
attempt_last_card_country,tuning,cd,8,0.0005333333333333334
attempt_last_card_country,tuning,jm,7,0.00046666666666666666
attempt_last_card_country,tuning,tt,6,0.0004
attempt_last_card_country,tuning,ve,6,0.0004
attempt_last_card_country,tuning,ba,6,0.0004
attempt_last_card_country,tuning,cr,6,0.0004
attempt_last_card_country,tuning,tn,6,0.0004
attempt_last_card_country,tuning,mk,5,0.0003333333333333333
attempt_last_card_country,tuning,gh,5,0.0003333333333333333
attempt_last_card_country,tuning,sn,5,0.0003333333333333333
attempt_last_card_country,tuning,is,4,0.0002666666666666667
attempt_last_card_country,tuning,mv,4,0.0002666666666666667
attempt_last_card_country,tuning,mm,4,0.0002666666666666667
attempt_last_card_country,tuning,cm,4,0.0002666666666666667
attempt_last_card_country,tuning,ni,4,0.0002666666666666667
attempt_last_card_country,tuning,me,4,0.0002666666666666667
attempt_last_card_country,tuning,dz,3,0.0002
attempt_last_card_country,tuning,np,3,0.0002
attempt_last_card_country,tuning,tg,3,0.0002
attempt_last_card_country,tuning,ly,2,0.00013333333333333334
attempt_last_card_country,tuning,ao,2,0.00013333333333333334
attempt_last_card_country,tuning,bj,2,0.00013333333333333334
attempt_last_card_country,tuning,sr,2,0.00013333333333333334
attempt_last_card_country,tuning,bo,2,0.00013333333333333334
attempt_last_card_country,tuning,ug,2,0.00013333333333333334
attempt_last_card_country,tuning,mg,2,0.00013333333333333334
attempt_last_card_country,tuning,pg,1,6.666666666666667e-05
attempt_last_card_country,tuning,fj,1,6.666666666666667e-05
attempt_last_card_country,tuning,ad,1,6.666666666666667e-05
attempt_last_card_country,tuning,bs,1,6.666666666666667e-05
attempt_last_card_country,tuning,tc,1,6.666666666666667e-05
attempt_last_card_country,tuning,gm,1,6.666666666666667e-05
attempt_last_card_country,tuning,gd,1,6.666666666666667e-05
attempt_last_card_country,tuning,ss,1,6.666666666666667e-05
attempt_last_card_country,tuning,ye,1,6.666666666666667e-05
attempt_last_card_country,tuning,mz,1,6.666666666666667e-05
attempt_last_card_country,tuning,mo,1,6.666666666666667e-05
attempt_last_card_country,tuning,ga,1,6.666666666666667e-05
attempt_last_card_country,tuning,dm,1,6.666666666666667e-05
attempt_last_card_country,tuning,gn,1,6.666666666666667e-05
attempt_last_card_country,tuning,lr,1,6.666666666666667e-05
attempt_last_card_country,tuning,ls,1,6.666666666666667e-05
attempt_last_card_country,tuning,li,1,6.666666666666667e-05
attempt_last_card_country,tuning,zw,1,6.666666666666667e-05
attempt_last_card_country,tuning,na,1,6.666666666666667e-05
attempt_last_card_country,tuning,ky,1,6.666666666666667e-05
attempt_last_card_country,tuning,bf,1,6.666666666666667e-05
attempt_last_card_country,tuning,mu,1,6.666666666666667e-05
attempt_last_bank_name,final_evaluation,unknown,2609,0.17393333333333333
attempt_last_bank_name,final_evaluation,REVOLUT BANK UAB,467,0.031133333333333332
attempt_last_bank_name,final_evaluation,VTB BANK OJSC,456,0.0304
attempt_last_bank_name,final_evaluation,WESTPAC BANKING CORPORATION,246,0.0164
attempt_last_bank_name,final_evaluation,"CHASE BANK USA, N.A.",243,0.0162
attempt_last_bank_name,final_evaluation,JSC UNIVERSAL BANK,200,0.013333333333333334
attempt_last_bank_name,final_evaluation,"YES BANK, LTD.",194,0.012933333333333333
attempt_last_bank_name,final_evaluation,"JPMORGAN CHASE BANK, N.A.",176,0.011733333333333333
attempt_last_bank_name,final_evaluation,"JCB INTERNATIONAL CREDIT CARD CO., LTD.",174,0.0116
attempt_last_bank_name,final_evaluation,SUNRATE PARTNERS UK LIMITED,167,0.011133333333333334
attempt_last_bank_name,final_evaluation,KASPI BANK JSC,167,0.011133333333333334
attempt_last_bank_name,final_evaluation,"WELLS FARGO BANK, N.A.",143,0.009533333333333333
attempt_last_bank_name,final_evaluation,AMERICAN EXPRESS COMPANY,130,0.008666666666666666
attempt_last_bank_name,final_evaluation,BANK OF AMERICA,121,0.008066666666666666
attempt_last_bank_name,final_evaluation,"TELLER, A.S.",120,0.008
attempt_last_bank_name,final_evaluation,STANDARD CHARTERED BANK,108,0.0072
attempt_last_bank_name,final_evaluation,AMERICAN EXPRESS,97,0.006466666666666667
attempt_last_bank_name,final_evaluation,NU PAGAMENTOS SA,96,0.0064
attempt_last_bank_name,final_evaluation,"BANK OF AMERICA, N.A.",92,0.0061333333333333335
attempt_last_bank_name,final_evaluation,VTB BANK (KAZAKHSTAN) SUBSIDIARY JOINT STOCK COMPANY,82,0.0054666666666666665
attempt_last_bank_name,final_evaluation,BARCLAYS BANK PLC,81,0.0054
attempt_last_bank_name,final_evaluation,COMMERCIAL BANK MASTER-BANK,80,0.005333333333333333
attempt_last_bank_name,final_evaluation,"HDFC BANK, LTD.",78,0.0052
attempt_last_bank_name,final_evaluation,YORKSHIRE BANK,77,0.0051333333333333335
attempt_last_bank_name,final_evaluation,BANCO POPULAR DE PUERTO RICO,76,0.005066666666666666
attempt_last_bank_name,final_evaluation,AMERICAN EXPRESS US,75,0.005
attempt_last_bank_name,final_evaluation,TARJETAS UNISOLUCIONES S.A. DE C.V.,71,0.004733333333333333
attempt_last_bank_name,final_evaluation,"CARD SERVICES FOR CREDIT UNIONS, INC.",70,0.004666666666666667
attempt_last_bank_name,final_evaluation,WOORI BANK,66,0.0044
attempt_last_bank_name,final_evaluation,WIELKOPOLSKI BANK SPOLDZIELCZY,65,0.004333333333333333
attempt_last_bank_name,final_evaluation,ZIRAAT BANKASI,62,0.0041333333333333335
attempt_last_bank_name,final_evaluation,"CAPITAL ONE BANK (USA), N.A.",62,0.0041333333333333335
attempt_last_bank_name,final_evaluation,U.S. BANK N.A. ND,60,0.004
attempt_last_bank_name,final_evaluation,COMMONWEALTH BANK OF AUSTRALIA,60,0.004
attempt_last_bank_name,final_evaluation,TORONTO-DOMINION BANK,58,0.0038666666666666667
attempt_last_bank_name,final_evaluation,"UNO-E BANK, S.A.",57,0.0038
attempt_last_bank_name,final_evaluation,TURKIYE GARANTI BANKASI A. S.,56,0.0037333333333333333
attempt_last_bank_name,final_evaluation,"REVOLUT, LTD.",54,0.0036
attempt_last_bank_name,final_evaluation,SUTTON BANK,54,0.0036
attempt_last_bank_name,final_evaluation,"BANCOLOMBIA, S.A.",54,0.0036
attempt_last_bank_name,final_evaluation,CANADIAN IMPERIAL BANK OF COMMERCE,53,0.003533333333333333
attempt_last_bank_name,final_evaluation,POSTE ITALIANE,53,0.003533333333333333
attempt_last_bank_name,final_evaluation,"ICICI BANK, LTD.",52,0.0034666666666666665
attempt_last_bank_name,final_evaluation,"ITAU UNIBANCO, S.A.",51,0.0034
attempt_last_bank_name,final_evaluation,METABANK,50,0.0033333333333333335
attempt_last_bank_name,final_evaluation,WIRECARD BANK AG,49,0.003266666666666667
attempt_last_bank_name,final_evaluation,ZUNO BANK AG,49,0.003266666666666667
attempt_last_bank_name,final_evaluation,ROYAL BANK OF CANADA,48,0.0032
attempt_last_bank_name,final_evaluation,LLOYDS TSB BANK PLC,47,0.0031333333333333335
attempt_last_bank_name,final_evaluation,"SILVERTON BANK, N.A.",47,0.0031333333333333335
attempt_last_bank_name,final_evaluation,"HONGKONG AND SHANGHAI BANKING CORP., LTD.",47,0.0031333333333333335
attempt_last_bank_name,final_evaluation,"U.S. BANK, N.A.",46,0.0030666666666666668
attempt_last_bank_name,final_evaluation,ROCKY MOUNTAIN BANKCARD SYSTEM INC.,45,0.003
attempt_last_bank_name,final_evaluation,OJSC BANK URALSIB,44,0.0029333333333333334
attempt_last_bank_name,final_evaluation,"SHINHAN CARD CO., LTD.",41,0.0027333333333333333
attempt_last_bank_name,final_evaluation,"TURKIYE IS BANKASI, A.S.",41,0.0027333333333333333
attempt_last_bank_name,final_evaluation,"FIDELITY INFORMATION SERVICES, INC.",41,0.0027333333333333333
attempt_last_bank_name,final_evaluation,CB PRIVATBANK,41,0.0027333333333333333
attempt_last_bank_name,final_evaluation,"BC CARD CO., LTD.",41,0.0027333333333333333
attempt_last_bank_name,final_evaluation,"BANCO SANTANDER, S.A.",41,0.0027333333333333333
attempt_last_bank_name,final_evaluation,CITIBANK,40,0.0026666666666666666
attempt_last_bank_name,final_evaluation,"ING BANK, N.V.",39,0.0026
attempt_last_bank_name,final_evaluation,BANCO DE CREDITO DEL PERU,39,0.0026
attempt_last_bank_name,final_evaluation,CAJA DE AHORROS Y PENSIONES DE BARCElanA(LA CAIXA),38,0.002533333333333333
attempt_last_bank_name,final_evaluation,"CHASE MANHATTAN BANK USA, N.A.",37,0.0024666666666666665
attempt_last_bank_name,final_evaluation,"BOC CREDIT CARD (INTERNATIONAL), LTD.",37,0.0024666666666666665
attempt_last_bank_name,final_evaluation,"CONAVI BANCO COMERCIAL Y DE AHORROS, S.A.",37,0.0024666666666666665
attempt_last_bank_name,final_evaluation,DEUTSCHER SPARKASSEN UND GIROVERBAND,37,0.0024666666666666665
attempt_last_bank_name,final_evaluation,AMERICAN EXPRESS US CONSUMER,36,0.0024
attempt_last_bank_name,final_evaluation,"ISRAEL CREDIT CARDS, LTD.",36,0.0024
attempt_last_bank_name,final_evaluation,BANK OF HAWAII,36,0.0024
attempt_last_bank_name,final_evaluation,DEUTSCHER SPARKASSEN- UND GIROVERBAND,35,0.0023333333333333335
attempt_last_bank_name,final_evaluation,BRE BANK SPOLKA AKCYJNA,35,0.0023333333333333335
attempt_last_bank_name,final_evaluation,METROPOLITAN BANK AND TRUST COMPANY,35,0.0023333333333333335
attempt_last_bank_name,final_evaluation,"UNITED BANK, LTD.",34,0.002266666666666667
attempt_last_bank_name,final_evaluation,EMIRATES NBD,34,0.002266666666666667
attempt_last_bank_name,final_evaluation,MASTERCARD FRANCE S.A.S.,33,0.0022
attempt_last_bank_name,final_evaluation,"FIA CARD SERVICES, N.A.",32,0.0021333333333333334
attempt_last_bank_name,final_evaluation,"CITIBANK, N.A.",32,0.0021333333333333334
attempt_last_bank_name,final_evaluation,DZ BANK AG,32,0.0021333333333333334
attempt_last_bank_name,final_evaluation,"HSBC BANK NEVADA, N.A.",32,0.0021333333333333334
attempt_last_bank_name,final_evaluation,TD CANADA TRUST,31,0.0020666666666666667
attempt_last_bank_name,final_evaluation,"WISE PAYMENTS, LTD.",31,0.0020666666666666667
attempt_last_bank_name,final_evaluation,BANK OF MONTREAL,31,0.0020666666666666667
attempt_last_bank_name,final_evaluation,"BANCO ITAUCARD, S.A.",31,0.0020666666666666667
attempt_last_bank_name,final_evaluation,TRADE REPUBLIC BANK GMBH,30,0.002
attempt_last_bank_name,final_evaluation,MILITARY COMMERCIAL JSB,30,0.002
attempt_last_bank_name,final_evaluation,"FIRST USA BANK, N.A.",30,0.002
attempt_last_bank_name,final_evaluation,"VINCENTO PAYMENT SOLUTIONS, LTD.",29,0.0019333333333333333
attempt_last_bank_name,final_evaluation,JSC BANK KYRGYZSTAN,29,0.0019333333333333333
attempt_last_bank_name,final_evaluation,NORWEST BANK IOWA N.A.,28,0.0018666666666666666
attempt_last_bank_name,final_evaluation,CREDIT LIBANAIS S.A.L.,28,0.0018666666666666666
attempt_last_bank_name,final_evaluation,"MBNA AMERICA BANK, N.A.",28,0.0018666666666666666
attempt_last_bank_name,final_evaluation,COMMERCIAL BANK PRIVATBANK,28,0.0018666666666666666
attempt_last_bank_name,final_evaluation,INTESA SANPAOLO S.P.A.,27,0.0018
attempt_last_bank_name,final_evaluation,MBNA CANADA BANK,27,0.0018
attempt_last_bank_name,final_evaluation,"BANCO ITAU, S.A.",26,0.0017333333333333333
attempt_last_bank_name,final_evaluation,CORPORATE COMMERCIAL BANK A.D.,26,0.0017333333333333333
attempt_last_bank_name,final_evaluation,DISCOVER,26,0.0017333333333333333
attempt_last_bank_name,final_evaluation,"SAMSUNG CARD CO., LTD.",26,0.0017333333333333333
attempt_last_bank_name,final_evaluation,ZHELDORBANK JSB,26,0.0017333333333333333
attempt_last_bank_name,final_evaluation,BANK OF NOVA SCOTIA,26,0.0017333333333333333
attempt_last_bank_name,final_evaluation,BNP PARIBAS,26,0.0017333333333333333
attempt_last_bank_name,final_evaluation,"BANK ZACHODNI WBK, S.A.",25,0.0016666666666666668
attempt_last_bank_name,final_evaluation,BAC SAN JOSE,25,0.0016666666666666668
attempt_last_bank_name,final_evaluation,"BANCO NACIONAL DE MEXICO, S.A.",25,0.0016666666666666668
attempt_last_bank_name,final_evaluation,"MITSUBISHI UFJ NICOS CO., LTD.",25,0.0016666666666666668
attempt_last_bank_name,final_evaluation,NATIONAL WESTMINSTER BANK PLC,25,0.0016666666666666668
attempt_last_bank_name,final_evaluation,"PNC BANK, N.A.",25,0.0016666666666666668
attempt_last_bank_name,final_evaluation,CAIXABANK S.A.,25,0.0016666666666666668
attempt_last_bank_name,final_evaluation,JACK HENRY AND ASSOCIATES,24,0.0016
attempt_last_bank_name,final_evaluation,BANK LEUMI LE-ISRAEL B.M.,24,0.0016
attempt_last_bank_name,final_evaluation,NATIONAL BANK FOR FOREIGN ECONOMIC ACTIVITY OF THE REPUBLIC OF UZBEKISTAN,24,0.0016
attempt_last_bank_name,final_evaluation,"CHINA MINSHENG BANKING CORP., LTD.",24,0.0016
attempt_last_bank_name,final_evaluation,HSBC - BESTBUY,23,0.0015333333333333334
attempt_last_bank_name,final_evaluation,BOURSORAMA BANQUE,23,0.0015333333333333334
attempt_last_bank_name,final_evaluation,SERVICES C.U.,23,0.0015333333333333334
attempt_last_bank_name,final_evaluation,EUROPAY FRANCE SAS,23,0.0015333333333333334
attempt_last_bank_name,final_evaluation,"SWEDBANK, A.S.",22,0.0014666666666666667
attempt_last_bank_name,final_evaluation,USAA FEDERAL SAVINGS BANK,22,0.0014666666666666667
attempt_last_bank_name,final_evaluation,"EUROPAY NORGE, A.S.",22,0.0014666666666666667
attempt_last_bank_name,final_evaluation,FIFTH THIRD BANK,22,0.0014666666666666667
attempt_last_bank_name,final_evaluation,BANCO BILBAO VIZCAYA ARGENTARIA S.A. (BBVA),22,0.0014666666666666667
attempt_last_bank_name,final_evaluation,"FINANSBANK, A.S.",21,0.0014
attempt_last_bank_name,final_evaluation,"AXIS BANK, LTD.",21,0.0014
attempt_last_bank_name,final_evaluation,EMPOWER F.C.U.,21,0.0014
attempt_last_bank_name,final_evaluation,"ING BANK SLASKI, S.A.",21,0.0014
attempt_last_bank_name,final_evaluation,RENESSANS BANK,20,0.0013333333333333333
attempt_last_bank_name,final_evaluation,HSBC BANK,20,0.0013333333333333333
attempt_last_bank_name,final_evaluation,AKBANK T.A.S.,20,0.0013333333333333333
attempt_last_bank_name,final_evaluation,CHASE,19,0.0012666666666666666
attempt_last_bank_name,final_evaluation,"CAIXA D'ESTALVIS UNIO DE CAIXES DE MANLLEU, SABADELL Y TERRA",19,0.0012666666666666666
attempt_last_bank_name,final_evaluation,RBC ROYAL BANK OF CANADA,19,0.0012666666666666666
attempt_last_bank_name,final_evaluation,JSC BANK OF GEORGIA,19,0.0012666666666666666
attempt_last_bank_name,final_evaluation,"NATIONAL AUSTRALIA BANK, LTD.",19,0.0012666666666666666
attempt_last_bank_name,final_evaluation,"YAPI VE KREDI BANKASI, A.S.",19,0.0012666666666666666
attempt_last_bank_name,final_evaluation,THE TORONTO-DOMINION BANK,19,0.0012666666666666666
attempt_last_bank_name,final_evaluation,ROYAL BANK OF SCOTlanD,19,0.0012666666666666666
attempt_last_bank_name,final_evaluation,OJSC UNICREDIT BANK,19,0.0012666666666666666
attempt_last_bank_name,final_evaluation,"TD BANK, N.A.",18,0.0012
attempt_last_bank_name,final_evaluation,LA BANQUE POSTALE,18,0.0012
attempt_last_bank_name,final_evaluation,"INTERPAYMENT SERVICES, LTD.",18,0.0012
attempt_last_bank_name,final_evaluation,STARLING BANK LIMITED,18,0.0012
attempt_last_bank_name,final_evaluation,BANQUE FEDERATIVE DU CREDIT MUTUEL (BFCM),18,0.0012
attempt_last_bank_name,final_evaluation,WELLS FARGO,18,0.0012
attempt_last_bank_name,final_evaluation,"BANCA TRANSILVANIA, S.A.",18,0.0012
attempt_last_bank_name,final_evaluation,BRANCH BANKING AND TRUST COMPANY,18,0.0012
attempt_last_bank_name,final_evaluation,THE BANK OF NOVA SCOTIA,18,0.0012
attempt_last_bank_name,final_evaluation,JOINT STOCK POST-PENSION BANK AVAL,18,0.0012
attempt_last_bank_name,final_evaluation,BANK CENTER CREDIT,18,0.0012
attempt_last_bank_name,final_evaluation,CREDOMATIC DE MEXICO S.A. DE C.V.,17,0.0011333333333333334
attempt_last_bank_name,final_evaluation,"BANCO BILBAO VIZCAYA ARGENTARIA, S.A.",17,0.0011333333333333334
attempt_last_bank_name,final_evaluation,BANK MILlanNIUM SPOLKA AKCYJNA,17,0.0011333333333333334
attempt_last_bank_name,final_evaluation,ABBEY NATIONAL PLC,17,0.0011333333333333334
attempt_last_bank_name,final_evaluation,EURO KARTENSYSTEME GMBH,17,0.0011333333333333334
attempt_last_bank_name,final_evaluation,"FIRST GULF BANK, N.A.",17,0.0011333333333333334
attempt_last_bank_name,final_evaluation,INTERBANK - BANCO INTERNACIONAL DEL PERU,16,0.0010666666666666667
attempt_last_bank_name,final_evaluation,QNB BANK A.¿,16,0.0010666666666666667
attempt_last_bank_name,final_evaluation,SOCIETE GENERALE,16,0.0010666666666666667
attempt_last_bank_name,final_evaluation,"CREDIT AGRICOLE, S.A.",16,0.0010666666666666667
attempt_last_bank_name,final_evaluation,PSA PAYMENT SERVICES AUSTRIA GMBH,16,0.0010666666666666667
attempt_last_bank_name,final_evaluation,"MIDWEST PAYMENT SYSTEMS, INC.",16,0.0010666666666666667
attempt_last_bank_name,final_evaluation,NAVY F.C.U.,16,0.0010666666666666667
attempt_last_bank_name,final_evaluation,HDFC BANK LIMITED,16,0.0010666666666666667
attempt_last_bank_name,final_evaluation,ISYNERGY SDN. BHD.,16,0.0010666666666666667
attempt_last_bank_name,final_evaluation,VIETNAM-ASIA COMMERCIAL JSB,16,0.0010666666666666667
attempt_last_bank_name,final_evaluation,DZ BANK AG DEUTSCHE ZENTRAL- GENOSSENSCHAFTSBANK,15,0.001
attempt_last_bank_name,final_evaluation,PRIORBANK JSCB,15,0.001
attempt_last_bank_name,final_evaluation,"UNITED BANK, S.A.E.",15,0.001
attempt_last_bank_name,final_evaluation,COMMERCIAL INTERNATIONAL BANK (EGYPT) S.A.E.,15,0.001
attempt_last_bank_name,final_evaluation,CREDIT MOSCOW BANK,15,0.001
attempt_last_bank_name,final_evaluation,"CREDIT SAISON CO., LTD.",15,0.001
attempt_last_bank_name,final_evaluation,JORDAN NATIONAL BANK PLC,15,0.001
attempt_last_bank_name,final_evaluation,HALIFAX,15,0.001
attempt_last_bank_name,final_evaluation,"RAIFFEISENBANK A.D., BEOGRAD",14,0.0009333333333333333
attempt_last_bank_name,final_evaluation,"CITIBANK (SOUTH DAKOTA), N.A.",14,0.0009333333333333333
attempt_last_bank_name,final_evaluation,TTCU FEDERAL CREDIT UNION,14,0.0009333333333333333
attempt_last_bank_name,final_evaluation,"WING HANG BANK, LTD.",14,0.0009333333333333333
attempt_last_bank_name,final_evaluation,JSCB KAPITALBANK,14,0.0009333333333333333
attempt_last_bank_name,final_evaluation,JS INNOVATION CB IPAK YULI,14,0.0009333333333333333
attempt_last_bank_name,final_evaluation,"MASTERCAJAS, S.A.",14,0.0009333333333333333
attempt_last_bank_name,final_evaluation,"CESKA SPORITELNA, A.S (CZECH SAVINGS BANK)",14,0.0009333333333333333
attempt_last_bank_name,final_evaluation,TURKIYE VAKIFLAR BANKASI T.A.O.,14,0.0009333333333333333
attempt_last_bank_name,final_evaluation,UNITED OVERSEAS BANK PHILIPPINES,13,0.0008666666666666666
attempt_last_bank_name,final_evaluation,FIRST NATIONAL BANK IN MENA,13,0.0008666666666666666
attempt_last_bank_name,final_evaluation,GUARANTY TRUST BANK,13,0.0008666666666666666
attempt_last_bank_name,final_evaluation,"UNICARD BANCO MULTIPLO, S.A.",13,0.0008666666666666666
attempt_last_bank_name,final_evaluation,"KRUNGTHAI CARD PUBLIC CO., LTD.",13,0.0008666666666666666
attempt_last_bank_name,final_evaluation,"EUROPAY (EUROCARD) ISRAEL, LTD.",13,0.0008666666666666666
attempt_last_bank_name,final_evaluation,KOOKMIN BANK,13,0.0008666666666666666
attempt_last_bank_name,final_evaluation,LA FEDERATION DES CAISSES DESJARDINS DU QUEBEC,13,0.0008666666666666666
attempt_last_bank_name,final_evaluation,WOODFOREST NATIONAL BANK,13,0.0008666666666666666
attempt_last_bank_name,final_evaluation,BANCO DE BOGOTA,13,0.0008666666666666666
attempt_last_bank_name,final_evaluation,"WELLS FARGO BANK NEVADA, N.A.",13,0.0008666666666666666
attempt_last_bank_name,final_evaluation,FORT BELVOIR F.C.U.,13,0.0008666666666666666
attempt_last_bank_name,final_evaluation,MALAYAN BANKING BERHAD,13,0.0008666666666666666
attempt_last_bank_name,final_evaluation,"UNIBANCO - UNIAO DE BANCOS BRASILEIROS, S.A.",13,0.0008666666666666666
attempt_last_bank_name,final_evaluation,"ANZ NATIONAL BANK, LTD.",13,0.0008666666666666666
attempt_last_bank_name,final_evaluation,M AND I (MARSHALL AND ILSLEY) BANK,13,0.0008666666666666666
attempt_last_bank_name,final_evaluation,"DC CARD CO., LTD.",13,0.0008666666666666666
attempt_last_bank_name,final_evaluation,"NATIONAL BANK OF KUWAIT, S.A.K.",12,0.0008
attempt_last_bank_name,final_evaluation,"BANCO SABADELL, S.A.",12,0.0008
attempt_last_bank_name,final_evaluation,"HANASK CARD CO., LTD.",12,0.0008
attempt_last_bank_name,final_evaluation,AMERIABANK CJSC,12,0.0008
attempt_last_bank_name,final_evaluation,FIRST DATA CORPORATION,12,0.0008
attempt_last_bank_name,final_evaluation,ZEPTER BANKA A.D.,12,0.0008
attempt_last_bank_name,final_evaluation,ABU DHABI ISLAMIC BANK,12,0.0008
attempt_last_bank_name,final_evaluation,ITHMAAR BANK B.S.C.,12,0.0008
attempt_last_bank_name,final_evaluation,STAMFORD F.C.U.,12,0.0008
attempt_last_bank_name,final_evaluation,"HYUNDAICARD CO., LTD.",12,0.0008
attempt_last_bank_name,final_evaluation,"UNITED OVERSEAS BANK, LTD.",12,0.0008
attempt_last_bank_name,final_evaluation,JCB CARD,12,0.0008
attempt_last_bank_name,final_evaluation,VTB BANK (ARMENIA) CJSC,12,0.0008
attempt_last_bank_name,final_evaluation,CREDIT INDUSTRIEL ET COMMERCIAL,12,0.0008
attempt_last_bank_name,final_evaluation,INTESA SANPAOLO,12,0.0008
attempt_last_bank_name,final_evaluation,"UNITED BULGARIAN BANK, LTD.",12,0.0008
attempt_last_bank_name,final_evaluation,ING-DIBA AG,12,0.0008
attempt_last_bank_name,final_evaluation,CAISSE NATIONALE DES CAISSES D'EPARGNE (CNCE),12,0.0008
attempt_last_bank_name,final_evaluation,SAUDI CAIRO BANK,11,0.0007333333333333333
attempt_last_bank_name,final_evaluation,"VISA ARGENTINA, S.A.",11,0.0007333333333333333
attempt_last_bank_name,final_evaluation,TOJIKSODIROTBONK JSC,11,0.0007333333333333333
attempt_last_bank_name,final_evaluation,VISA JORDAN CARD SERVICES,11,0.0007333333333333333
attempt_last_bank_name,final_evaluation,"BANCO COMERCIAL PORTUGUES, S.A.",11,0.0007333333333333333
attempt_last_bank_name,final_evaluation,"DBS BANK, LTD.",11,0.0007333333333333333
attempt_last_bank_name,final_evaluation,"BANCO PICHINCHA, C.A.",11,0.0007333333333333333
attempt_last_bank_name,final_evaluation,AL RAJHI BANKING AND INVESTMENT CORP.,11,0.0007333333333333333
attempt_last_bank_name,final_evaluation,E*TRADE BANK,11,0.0007333333333333333
attempt_last_bank_name,final_evaluation,POWSZECHNY BANK KREDYTOWY SA W WARSZAWIE,11,0.0007333333333333333
attempt_last_bank_name,final_evaluation,PJSC IMEXBANK,11,0.0007333333333333333
attempt_last_bank_name,final_evaluation,"BANCO NACIONAL DE CREDITO, C.A.",11,0.0007333333333333333
attempt_last_bank_name,final_evaluation,ANELIK BANK CJSC,11,0.0007333333333333333
attempt_last_bank_name,final_evaluation,BANCO MERCANTIL DE COLOMBIA,11,0.0007333333333333333
attempt_last_bank_name,final_evaluation,VILNIAUS BANKAS,11,0.0007333333333333333
attempt_last_bank_name,final_evaluation,SCOTIABANK SUD AMERICANO,11,0.0007333333333333333
attempt_last_bank_name,final_evaluation,NATIONWIDE BUILDING SOCIETY,11,0.0007333333333333333
attempt_last_bank_name,final_evaluation,STANDARD CHARTERED,11,0.0007333333333333333
attempt_last_bank_name,final_evaluation,"BANCO DO BRASIL, S.A.",11,0.0007333333333333333
attempt_last_bank_name,final_evaluation,CATHAY UNITED BANK,11,0.0007333333333333333
attempt_last_bank_name,final_evaluation,ICICI,11,0.0007333333333333333
attempt_last_bank_name,final_evaluation,BANQUE LIBANO-FRANCAISE S.A.L. /COMMERCE AND FINANCE S.A.L.,11,0.0007333333333333333
attempt_last_bank_name,final_evaluation,WASHINGTON MUTUAL,10,0.0006666666666666666
attempt_last_bank_name,final_evaluation,UNICREDIT S.P.A.,10,0.0006666666666666666
attempt_last_bank_name,final_evaluation,MASHREQBANK,10,0.0006666666666666666
attempt_last_bank_name,final_evaluation,PT. BANK CENTRAL ASIA TBK,10,0.0006666666666666666
attempt_last_bank_name,final_evaluation,INTERNATIONAL CARD SERVICES BV,10,0.0006666666666666666
attempt_last_bank_name,final_evaluation,DEUTSCHE KREDITBANK AKTIENGESELLSCHAFT,10,0.0006666666666666666
attempt_last_bank_name,final_evaluation,KAPITAL BANK JSB,10,0.0006666666666666666
attempt_last_bank_name,final_evaluation,"FISERV SOLUTIONS, INC.",10,0.0006666666666666666
attempt_last_bank_name,final_evaluation,WESTERN STATES BANKCARD ASSOCIATION,10,0.0006666666666666666
attempt_last_bank_name,final_evaluation,NORDEA BANK AB,10,0.0006666666666666666
attempt_last_bank_name,final_evaluation,"AUSTRALIA AND NEW ZEAlanD BANKING GROUP, LTD.",10,0.0006666666666666666
attempt_last_bank_name,final_evaluation,KAZKOMMERTSBANK,10,0.0006666666666666666
attempt_last_bank_name,final_evaluation,"CESKOSLOVENSKA OBCHODNI BANKA, A.S.",10,0.0006666666666666666
attempt_last_bank_name,final_evaluation,BANK OF THE PHILIPPINE ISLANDS,10,0.0006666666666666666
attempt_last_bank_name,final_evaluation,ATTIJARIWAFA BANK,10,0.0006666666666666666
attempt_last_bank_name,final_evaluation,EMIRATES NBD BANK (P.J.S.C.),10,0.0006666666666666666
attempt_last_bank_name,final_evaluation,"REDEBAN MULTICOLOR, S.A.",9,0.0006
attempt_last_bank_name,final_evaluation,VISALUX S.C.,9,0.0006
attempt_last_bank_name,final_evaluation,"KUVEYT TURK KATILIM BANKASI, A.S.",9,0.0006
attempt_last_bank_name,final_evaluation,"WACHOVIA BANK, N.A.",9,0.0006
attempt_last_bank_name,final_evaluation,"CITIBANK, N.A.- COSTCO",9,0.0006
attempt_last_bank_name,final_evaluation,KOREA EXCHANGE BANK,9,0.0006
attempt_last_bank_name,final_evaluation,DINERS CLUB INTERNATIONAL,9,0.0006
attempt_last_bank_name,final_evaluation,"VISECA CARD SERVICES, S.A.",9,0.0006
attempt_last_bank_name,final_evaluation,BANCO ESPANOL DE CREDITO S.A. (BANESTO),9,0.0006
attempt_last_bank_name,final_evaluation,"VIA CARD (THAIlanD) CO., LTD.",9,0.0006
attempt_last_bank_name,final_evaluation,PBS INTERNATIONAL A/S,9,0.0006
attempt_last_bank_name,final_evaluation,CLYDESDALE BANK PLC,9,0.0006
attempt_last_bank_name,final_evaluation,"TATRA BANKA, A.S.",9,0.0006
attempt_last_bank_name,final_evaluation,DEUTSCHE BANK AG,9,0.0006
attempt_last_bank_name,final_evaluation,TT HELlanIC POSTBANK,9,0.0006
attempt_last_bank_name,final_evaluation,"MITSUBISHI UFJ FINANCIAL GROUP, INC.",9,0.0006
attempt_last_bank_name,final_evaluation,THE HONGKONG AND SHANGHAI BANKING CORPORATION LIMITED,9,0.0006
attempt_last_bank_name,final_evaluation,"U.S. BANK NATIONAL ASSOCIATION, ND",9,0.0006
attempt_last_bank_name,final_evaluation,"SUMITOMO MITSUI CARD COMPANY, LTD.",9,0.0006
attempt_last_bank_name,final_evaluation,NATIONAL BANK OF ABU DHABI,9,0.0006
attempt_last_bank_name,final_evaluation,ARAB BANK PLC,9,0.0006
attempt_last_bank_name,final_evaluation,HANA BANK,8,0.0005333333333333334
attempt_last_bank_name,final_evaluation,"ADVANZIA BANK, S.A.",8,0.0005333333333333334
attempt_last_bank_name,final_evaluation,"STANDARD BANK OF SOUTH AFRICA, LTD.",8,0.0005333333333333334
attempt_last_bank_name,final_evaluation,SVENSKA HANDELSBANKEN AB,8,0.0005333333333333334
attempt_last_bank_name,final_evaluation,GE CAPITAL RETAIL BANK,8,0.0005333333333333334
attempt_last_bank_name,final_evaluation,"KB KOOKMIN CARD CO., LTD.",8,0.0005333333333333334
attempt_last_bank_name,final_evaluation,CENTURION,8,0.0005333333333333334
attempt_last_bank_name,final_evaluation,"FIRSTCARIBBEAN INTERNATIONAL BANK (CAYMAN), LTD.",8,0.0005333333333333334
attempt_last_bank_name,final_evaluation,OTP BANK PLC,8,0.0005333333333333334
attempt_last_bank_name,final_evaluation,"CASH STATION, INC.",8,0.0005333333333333334
attempt_last_bank_name,final_evaluation,PIRAEUS BANK A.D. BEOGRAD,8,0.0005333333333333334
attempt_last_bank_name,final_evaluation,VISA COLOMBIA,8,0.0005333333333333334
attempt_last_bank_name,final_evaluation,"FEDERAL BANK, LTD.",8,0.0005333333333333334
attempt_last_bank_name,final_evaluation,AMEX UK GLOBESTAR,8,0.0005333333333333334
attempt_last_bank_name,final_evaluation,THE BANK OF GEORGIA,8,0.0005333333333333334
attempt_last_bank_name,final_evaluation,"VOLKSBANK ROMANIA, S.A.",8,0.0005333333333333334
attempt_last_bank_name,final_evaluation,BANCO ESPANOL DE CREDITO,8,0.0005333333333333334
attempt_last_bank_name,final_evaluation,XY DNB NOR,8,0.0005333333333333334
attempt_last_bank_name,final_evaluation,UNITED SAUDI COMMERCIAL BANK,8,0.0005333333333333334
attempt_last_bank_name,final_evaluation,BANK OF SCOTlanD PLC,8,0.0005333333333333334
attempt_last_bank_name,final_evaluation,"T.C. ZIRAAT BANKASI, A.S.",8,0.0005333333333333334
attempt_last_bank_name,final_evaluation,NATIONAL BANK OF CANADA,8,0.0005333333333333334
attempt_last_bank_name,final_evaluation,CREDIT LYONNAIS,8,0.0005333333333333334
attempt_last_bank_name,final_evaluation,CREDIT IMMOBILIER ET HOTELIER,8,0.0005333333333333334
attempt_last_bank_name,final_evaluation,BANCO SANTANDER CHILE,8,0.0005333333333333334
attempt_last_bank_name,final_evaluation,"BANCO DAVIVIENDA, S.A.",7,0.00046666666666666666
attempt_last_bank_name,final_evaluation,OAK TRUST C.U.,7,0.00046666666666666666
attempt_last_bank_name,final_evaluation,TAISHIN INTERNATIONAL BANK,7,0.00046666666666666666
attempt_last_bank_name,final_evaluation,"NEPAL INVESTMENT BANK, LTD.",7,0.00046666666666666666
attempt_last_bank_name,final_evaluation,COMMERCIAL BANK OF GREECE,7,0.00046666666666666666
attempt_last_bank_name,final_evaluation,"BANCO CITICARD, S.A.",7,0.00046666666666666666
attempt_last_bank_name,final_evaluation,"KOKUNAI SHINPAN CO., LTD.",7,0.00046666666666666666
attempt_last_bank_name,final_evaluation,VISA AUSTRIA,7,0.00046666666666666666
attempt_last_bank_name,final_evaluation,NATIONAL BANK OF EGYPT,7,0.00046666666666666666
attempt_last_bank_name,final_evaluation,LA POSTE,7,0.00046666666666666666
attempt_last_bank_name,final_evaluation,SUNTRUST BANK,7,0.00046666666666666666
attempt_last_bank_name,final_evaluation,CARTASI S.P.A.,7,0.00046666666666666666
attempt_last_bank_name,final_evaluation,HSBC BANK PLC,7,0.00046666666666666666
attempt_last_bank_name,final_evaluation,BANK OF PALESTINE PLC,7,0.00046666666666666666
attempt_last_bank_name,final_evaluation,BANCO REGIONAL DE MONTERREY S.A. BANREGIO,7,0.00046666666666666666
attempt_last_bank_name,final_evaluation,INTESA SAN PAOLO,7,0.00046666666666666666
attempt_last_bank_name,final_evaluation,CJSC AMI-BANK,7,0.00046666666666666666
attempt_last_bank_name,final_evaluation,"ATH DOMINICANA, S.A.",7,0.00046666666666666666
attempt_last_bank_name,final_evaluation,"SOCIETE GENERALE, S.A.",7,0.00046666666666666666
attempt_last_bank_name,final_evaluation,"TURKIYE HALK BANKASI, A.S.",7,0.00046666666666666666
attempt_last_bank_name,final_evaluation,AMEX GERMANY GLOBESTAR CHARGE,7,0.00046666666666666666
attempt_last_bank_name,final_evaluation,"RAIFFEISEN BANK, S.A.",7,0.00046666666666666666
attempt_last_bank_name,final_evaluation,VISION BANCO SOCIEDAD ANONIMA EMISORA DECAPITAL ABIERTO,7,0.00046666666666666666
attempt_last_bank_name,final_evaluation,COMMERCIAL BANK OF CEYlan PLC,7,0.00046666666666666666
attempt_last_bank_name,final_evaluation,"CITIBANK SINGAPORE, LTD.",7,0.00046666666666666666
attempt_last_bank_name,final_evaluation,INTERNATIONAL BANK OF AZERBAIJAN,7,0.00046666666666666666
attempt_last_bank_name,final_evaluation,BANK OF BARODA,7,0.00046666666666666666
attempt_last_bank_name,final_evaluation,OJSC CB INTERBANK,7,0.00046666666666666666
attempt_last_bank_name,final_evaluation,GROUPEMENT CARTE BLEUE,7,0.00046666666666666666
attempt_last_bank_name,final_evaluation,REGIONS BANK,7,0.00046666666666666666
attempt_last_bank_name,final_evaluation,NOVA KBM,7,0.00046666666666666666
attempt_last_bank_name,final_evaluation,"CITIBANK NIGERIA, LTD.",7,0.00046666666666666666
attempt_last_bank_name,final_evaluation,UZPROMSTROYBANK UZBEK JSC INDUSTRIAL AND CONSTRUCTION BANK,7,0.00046666666666666666
attempt_last_bank_name,final_evaluation,CREDIT LYONNAIS CONGO,7,0.00046666666666666666
attempt_last_bank_name,final_evaluation,BANCORP BANK,7,0.00046666666666666666
attempt_last_bank_name,final_evaluation,"FIRSTMERIT BANK, N.A.",7,0.00046666666666666666
attempt_last_bank_name,final_evaluation,"CB MOLDOVA-AGROINDBANK, S.A.",7,0.00046666666666666666
attempt_last_bank_name,final_evaluation,"GE MONEY BANK, A.S.",7,0.00046666666666666666
attempt_last_bank_name,final_evaluation,CHASE CARD SERVICES CANADA,7,0.00046666666666666666
attempt_last_bank_name,final_evaluation,PEOPLES BANK,7,0.00046666666666666666
attempt_last_bank_name,final_evaluation,UNIBANK COMMERCIAL BANK,6,0.0004
attempt_last_bank_name,final_evaluation,"BANCO BRADESCO CARTOES, S.A.",6,0.0004
attempt_last_bank_name,final_evaluation,"BANCO DE CREDITO BALEAR, S.A.",6,0.0004
attempt_last_bank_name,final_evaluation,CSCBANK S.A.L.,6,0.0004
attempt_last_bank_name,final_evaluation,MOSCOW MUNICIPAL BANK-BANK OF MOSCOW,6,0.0004
attempt_last_bank_name,final_evaluation,"BANCO SANTANDER RIO, S.A.",6,0.0004
attempt_last_bank_name,final_evaluation,FIRST NATIONAL BANK IN SIOUX FALLS,6,0.0004
attempt_last_bank_name,final_evaluation,MILLBURY F.C.U.,6,0.0004
attempt_last_bank_name,final_evaluation,MCB ODINBANK (LLC),6,0.0004
attempt_last_bank_name,final_evaluation,NORDEA BANK FINlanD PLC,6,0.0004
attempt_last_bank_name,final_evaluation,"SANTANDER CONSUMO, S.A. DE C.V. SOFOM, E.R.",6,0.0004
attempt_last_bank_name,final_evaluation,ASOCIACION LA NACIONAL DE AHORROS Y PRESTAMOS,6,0.0004
attempt_last_bank_name,final_evaluation,"FIRSTRAND BANK, LTD.",6,0.0004
attempt_last_bank_name,final_evaluation,EURO KARTENSYSTEME EUROCARD UND EUROCHEQUE GMBH,6,0.0004
attempt_last_bank_name,final_evaluation,ASIA COMMERCIAL BANK,6,0.0004
attempt_last_bank_name,final_evaluation,FIRST NATIONAL BANK,6,0.0004
attempt_last_bank_name,final_evaluation,"CAIXA GERAL DE DEPOSITOS, S.A.",6,0.0004
attempt_last_bank_name,final_evaluation,"ARGENCARD, S.A.",6,0.0004
attempt_last_bank_name,final_evaluation,GARANTI,6,0.0004
attempt_last_bank_name,final_evaluation,ALPINE BANK AND TRUST CO.,6,0.0004
attempt_last_bank_name,final_evaluation,ASB BANK,6,0.0004
attempt_last_bank_name,final_evaluation,AB SIAULIU BANKAS,6,0.0004
attempt_last_bank_name,final_evaluation,SIGNATURE BANK,6,0.0004
attempt_last_bank_name,final_evaluation,"CU ELECTRONIC TRANSACTION SERVICES, INC.",6,0.0004
attempt_last_bank_name,final_evaluation,UT BANK LIMITED,6,0.0004
attempt_last_bank_name,final_evaluation,"CREDOMATIC INTERNATIONAL, S.A.",6,0.0004
attempt_last_bank_name,final_evaluation,"BANCO DE ORO UNIBANK, INC.",6,0.0004
attempt_last_bank_name,final_evaluation,NATIONAL AGRICULTURAL COOPERATIVE FEDERATION,6,0.0004
attempt_last_bank_name,final_evaluation,"BENDIGO AND ADELAIDE BANK, LTD.",6,0.0004
attempt_last_bank_name,final_evaluation,"CAPITEC BANK, LTD.",6,0.0004
attempt_last_bank_name,final_evaluation,"KOMERCNI BANKA, A.S.",6,0.0004
attempt_last_bank_name,final_evaluation,"TARJETA NARANJA DOMINICANA, S.A.",6,0.0004
attempt_last_bank_name,final_evaluation,PROVINCE OF CHINA[A] (COUNTRY CODE: TWN),6,0.0004
attempt_last_bank_name,final_evaluation,"VSEOBECNA UVEROVA BANKA, A.S.",6,0.0004
attempt_last_bank_name,final_evaluation,"BANCO DE GALICIA Y BUENOS AIRES, S.A.",6,0.0004
attempt_last_bank_name,final_evaluation,"PACIFICARD, S.A.",6,0.0004
attempt_last_bank_name,final_evaluation,CU COOPERATIVE SYSTEMS,6,0.0004
attempt_last_bank_name,final_evaluation,"BBVA BANCO FRANCES, S.A.",6,0.0004
attempt_last_bank_name,final_evaluation,"BANCO GENERAL, S.A.",6,0.0004
attempt_last_bank_name,final_evaluation,"MERCANTILE DISCOUNT BANK, LTD.",6,0.0004
attempt_last_bank_name,final_evaluation,"NATIONAL BANK OF GREECE, S.A.",6,0.0004
attempt_last_bank_name,final_evaluation,CJSC AKTSENT BANK,6,0.0004
attempt_last_bank_name,final_evaluation,JSC TBC BANK,6,0.0004
attempt_last_bank_name,final_evaluation,BANCO INTERNACIONAL DO FUNCHAL S.A. (BANIF),6,0.0004
attempt_last_bank_name,final_evaluation,"WELLS FARGO BANK IOWA, N.A.",6,0.0004
attempt_last_bank_name,final_evaluation,CAISSE CENTRALE DE CREDIT MUTUEL,6,0.0004
attempt_last_bank_name,final_evaluation,"TOPCARD SERVICE, S.A.",6,0.0004
attempt_last_bank_name,final_evaluation,FIRST NATIONAL BANK OF OMAHA,6,0.0004
attempt_last_bank_name,final_evaluation,"BMO HARRIS BANK, N.A.",5,0.0003333333333333333
attempt_last_bank_name,final_evaluation,"NEDBANK, LTD.",5,0.0003333333333333333
attempt_last_bank_name,final_evaluation,ROCKY MOUNTAIN BANKCARD SYSTEM,5,0.0003333333333333333
attempt_last_bank_name,final_evaluation,RAIFFEISEN BANK,5,0.0003333333333333333
attempt_last_bank_name,final_evaluation,"SERVIRED, SOCIEDAD ESPANOLA DE MEDIOS DE PAGO, S.A.",5,0.0003333333333333333
attempt_last_bank_name,final_evaluation,"ICBA BANCARD, INC.",5,0.0003333333333333333
attempt_last_bank_name,final_evaluation,"BANCO MERCANTIL DEL NORTE S.A.., INSTITUCI N DE BANCA M LTIPLE, GRUPO FINANCIERO",5,0.0003333333333333333
attempt_last_bank_name,final_evaluation,ZENITH BANK PLC,5,0.0003333333333333333
attempt_last_bank_name,final_evaluation,CHINATRUST COMMERCIAL BANK,5,0.0003333333333333333
attempt_last_bank_name,final_evaluation,ZAGREBACKA BANKA BH D.D.,5,0.0003333333333333333
attempt_last_bank_name,final_evaluation,EXTRA C.U.,5,0.0003333333333333333
attempt_last_bank_name,final_evaluation,BANCO BPI,5,0.0003333333333333333
attempt_last_bank_name,final_evaluation,BANCOLOMBIA,5,0.0003333333333333333
attempt_last_bank_name,final_evaluation,PRIORBANK JSC,5,0.0003333333333333333
attempt_last_bank_name,final_evaluation,"BANK ALFALAH, LTD.",5,0.0003333333333333333
attempt_last_bank_name,final_evaluation,COMMERZBANK,5,0.0003333333333333333
attempt_last_bank_name,final_evaluation,"ROYAL BANK OF SCOTlanD, N.V.",5,0.0003333333333333333
attempt_last_bank_name,final_evaluation,BANCO DE CREDITO E INVERSIONES,5,0.0003333333333333333
attempt_last_bank_name,final_evaluation,"HARRIS, N.A.",5,0.0003333333333333333
attempt_last_bank_name,final_evaluation,UBS AG,5,0.0003333333333333333
attempt_last_bank_name,final_evaluation,UNITED OVERSEAS BANK (MALAYSIA) BHD,5,0.0003333333333333333
attempt_last_bank_name,final_evaluation,BANK OF ISRAEL,5,0.0003333333333333333
attempt_last_bank_name,final_evaluation,"BANCO COOPERATIVO ESPANOL, S.A.",5,0.0003333333333333333
attempt_last_bank_name,final_evaluation,"CORNER BANCA, S.A.",5,0.0003333333333333333
attempt_last_bank_name,final_evaluation,"BANKCARD SERVICE JAPAN CO., LTD.",5,0.0003333333333333333
attempt_last_bank_name,final_evaluation,"INDUSIND BANK, LTD.",5,0.0003333333333333333
attempt_last_bank_name,final_evaluation,JS SAVINGS BANK BELARUSBANK,5,0.0003333333333333333
attempt_last_bank_name,final_evaluation,"SLOVENSKA SPORITELNA, A.S.",5,0.0003333333333333333
attempt_last_bank_name,final_evaluation,CITICORP,5,0.0003333333333333333
attempt_last_bank_name,final_evaluation,BANKIA,5,0.0003333333333333333
attempt_last_bank_name,final_evaluation,"NIUM PTE, LTD.",5,0.0003333333333333333
attempt_last_bank_name,final_evaluation,"KENTBANK, A.S.",5,0.0003333333333333333
attempt_last_bank_name,final_evaluation,OTP BANKA D.D.,5,0.0003333333333333333
attempt_last_bank_name,final_evaluation,VIETNAM TECHNOLOGICAL AND COMMERCIAL JSB,5,0.0003333333333333333
attempt_last_bank_name,final_evaluation,"BANCO INTERAMERICANO DE FINANZAS, S.A.E.M.A.",5,0.0003333333333333333
attempt_last_bank_name,final_evaluation,WGZ BANK AG WESTDEUTSCHE GENOSSENSCHAFTS-ZENTRALBANK,5,0.0003333333333333333
attempt_last_bank_name,final_evaluation,"RAKUTEN KC CO., LTD.",5,0.0003333333333333333
attempt_last_bank_name,final_evaluation,"FIRST FINANCIAL BANK, N.A.",5,0.0003333333333333333
attempt_last_bank_name,final_evaluation,GOLDMAN SACHS BANK USA,5,0.0003333333333333333
attempt_last_bank_name,final_evaluation,SERVIZI INTERBANCARI S.P.A.,5,0.0003333333333333333
attempt_last_bank_name,final_evaluation,"ABSA GROUP, LTD.",5,0.0003333333333333333
attempt_last_bank_name,final_evaluation,"YAMAGIN CREDIT CO., LTD.",5,0.0003333333333333333
attempt_last_bank_name,final_evaluation,COMMONWEALTH,5,0.0003333333333333333
attempt_last_bank_name,final_evaluation,"POCA VALLEY BANK, INC.",5,0.0003333333333333333
attempt_last_bank_name,final_evaluation,PUTNAM COUNTY BANK,5,0.0003333333333333333
attempt_last_bank_name,final_evaluation,CORP BANCA,5,0.0003333333333333333
attempt_last_bank_name,final_evaluation,TAMARA BANK,5,0.0003333333333333333
attempt_last_bank_name,final_evaluation,METROBANK CARD CORPORATION (A FINANCE COMPANY),5,0.0003333333333333333
attempt_last_bank_name,final_evaluation,WESTERN CAPITAL BANK,5,0.0003333333333333333
attempt_last_bank_name,final_evaluation,"HANG SENG BANK, LTD.",5,0.0003333333333333333
attempt_last_bank_name,final_evaluation,ORCHARD BANK (HSBC GROUP),5,0.0003333333333333333
attempt_last_bank_name,final_evaluation,"UNIBANK, LTD.",5,0.0003333333333333333
attempt_last_bank_name,final_evaluation,"JOINT-STOCK COMPANY ""SENSE BANK""",5,0.0003333333333333333
attempt_last_bank_name,final_evaluation,STATE BANK OF INDIA,5,0.0003333333333333333
attempt_last_bank_name,final_evaluation,CHINA MERCHANTS BANK,5,0.0003333333333333333
attempt_last_bank_name,final_evaluation,BANK OF NEW ZEAlanD,5,0.0003333333333333333
attempt_last_bank_name,final_evaluation,"EXTRACO BANKS, N.A.",5,0.0003333333333333333
attempt_last_bank_name,final_evaluation,FIRST GULF BANK PJSC,5,0.0003333333333333333
attempt_last_bank_name,final_evaluation,"NEDCOR BANK, LTD.",5,0.0003333333333333333
attempt_last_bank_name,final_evaluation,JSC ALLIANCE BANK,5,0.0003333333333333333
attempt_last_bank_name,final_evaluation,ERSTE BANK AD NOVI SAD,5,0.0003333333333333333
attempt_last_bank_name,final_evaluation,INLUX (NETHERlanDS) BV,5,0.0003333333333333333
attempt_last_bank_name,final_evaluation,"ING BANK (AUSTRALIA), LTD.",5,0.0003333333333333333
attempt_last_bank_name,final_evaluation,"KEYBANK, N.A.",5,0.0003333333333333333
attempt_last_bank_name,final_evaluation,FIRST SIGNATURE BANK AND TRUST COMPANY,5,0.0003333333333333333
attempt_last_bank_name,final_evaluation,ITS BANK,5,0.0003333333333333333
attempt_last_bank_name,final_evaluation,BANCO DE CHILE,5,0.0003333333333333333
attempt_last_bank_name,final_evaluation,NATIONAL CITY BANK OF KENTUCKY,5,0.0003333333333333333
attempt_last_bank_name,final_evaluation,BANKFIRST,4,0.0002666666666666667
attempt_last_bank_name,final_evaluation,DUBAI ISLAMIC BANK,4,0.0002666666666666667
attempt_last_bank_name,final_evaluation,BOUBYAN BANK K.S.C.,4,0.0002666666666666667
attempt_last_bank_name,final_evaluation,NORDDEUTSCHE lanDESBANK GIROZENTRALE NORD LB,4,0.0002666666666666667
attempt_last_bank_name,final_evaluation,HSBC BANK MIDDLE EAST,4,0.0002666666666666667
attempt_last_bank_name,final_evaluation,"BANK OF AMERICA, NATIONAL ASSOCIATION",4,0.0002666666666666667
attempt_last_bank_name,final_evaluation,SECURITY BANK CORPORATION,4,0.0002666666666666667
attempt_last_bank_name,final_evaluation,AMEX AUSTRALIA GLOBESTAR CHARGE,4,0.0002666666666666667
attempt_last_bank_name,final_evaluation,"SUMITOMO MITSUI CARD CO., LTD.",4,0.0002666666666666667
attempt_last_bank_name,final_evaluation,CHINA CONSTRUCTION BANK CORPORATION,4,0.0002666666666666667
attempt_last_bank_name,final_evaluation,HUNTINGTON NATIONAL BANK,4,0.0002666666666666667
attempt_last_bank_name,final_evaluation,CHINESE BANK,4,0.0002666666666666667
attempt_last_bank_name,final_evaluation,BANGOR SAVINGS BANK,4,0.0002666666666666667
attempt_last_bank_name,final_evaluation,"BANCO MERCANTIL DElanORTE S.A.., INSTITUCISN DE BANCA MZLTIP",4,0.0002666666666666667
attempt_last_bank_name,final_evaluation,STATE NATIONAL BANK OF CADDO MILLS,4,0.0002666666666666667
attempt_last_bank_name,final_evaluation,TALlanNA PANK,4,0.0002666666666666667
attempt_last_bank_name,final_evaluation,"WOORICARD CO., LTD",4,0.0002666666666666667
attempt_last_bank_name,final_evaluation,GRCC,4,0.0002666666666666667
attempt_last_bank_name,final_evaluation,"NOVA LJUBLJANSKA BANKA D.D., LJUBLJANA",4,0.0002666666666666667
attempt_last_bank_name,final_evaluation,CREDIT SUISSE,4,0.0002666666666666667
attempt_last_bank_name,final_evaluation,ICBA BANCARD,4,0.0002666666666666667
attempt_last_bank_name,final_evaluation,PLACER SIERRA BANK,4,0.0002666666666666667
attempt_last_bank_name,final_evaluation,RAIFFEISEN BANK AVAL PJSC,4,0.0002666666666666667
attempt_last_bank_name,final_evaluation,"UMB BANK, N.A.",4,0.0002666666666666667
attempt_last_bank_name,final_evaluation,"BANCO INDUSTRIAL E COMERCIAL, S.A.",4,0.0002666666666666667
attempt_last_bank_name,final_evaluation,CHARLES SCHWAB BANK,4,0.0002666666666666667
attempt_last_bank_name,final_evaluation,VIETNAM EXPORT IMPORT COMMERCIAL JSB,4,0.0002666666666666667
attempt_last_bank_name,final_evaluation,PULSE EFT ASSOCIATION,4,0.0002666666666666667
attempt_last_bank_name,final_evaluation,BORBJERG SPAREKASSE,4,0.0002666666666666667
attempt_last_bank_name,final_evaluation,FROST NATIONAL BANK,4,0.0002666666666666667
attempt_last_bank_name,final_evaluation,CLOUDWALK INSTITUIÇÃO DE PAGAMENTO E SERVIÇOS LTDA,4,0.0002666666666666667
attempt_last_bank_name,final_evaluation,TRADE AND DEVELOPMENT BANK OF MONGOLIA,4,0.0002666666666666667
attempt_last_bank_name,final_evaluation,BANCO DE GUAYAQUIL,4,0.0002666666666666667
attempt_last_bank_name,final_evaluation,BILBAO BIZKAIA KUTXA (BBK),4,0.0002666666666666667
attempt_last_bank_name,final_evaluation,SANTANDER,4,0.0002666666666666667
attempt_last_bank_name,final_evaluation,"HUNGARIAN VOLKSBANK, LTD.",4,0.0002666666666666667
attempt_last_bank_name,final_evaluation,"VAZCORP SOCIEDAD FINANCIERA, S.A.",4,0.0002666666666666667
attempt_last_bank_name,final_evaluation,RBC CENTURA BANK,4,0.0002666666666666667
attempt_last_bank_name,final_evaluation,PT. PRIMASWADANA PERKASA FINANCE,4,0.0002666666666666667
attempt_last_bank_name,final_evaluation,BANK AUDI- AUDI SARADAR GROUP,4,0.0002666666666666667
attempt_last_bank_name,final_evaluation,"BANCO CANARIAS DE VENEZUELA, BANCO UNIVERSAL, C.A.",4,0.0002666666666666667
attempt_last_bank_name,final_evaluation,"COMPUTER SERVICES, INC.",4,0.0002666666666666667
attempt_last_bank_name,final_evaluation,"CUSCAL, LTD.",4,0.0002666666666666667
attempt_last_bank_name,final_evaluation,THE COMMERCIAL BANK OF KUWAIT S.A.K.,4,0.0002666666666666667
attempt_last_bank_name,final_evaluation,BANCO CONTINENTAL,4,0.0002666666666666667
attempt_last_bank_name,final_evaluation,"TURK EKONOMI BANKASI, A.S.",4,0.0002666666666666667
attempt_last_bank_name,final_evaluation,"FBME CARD SERVICES, LTD.",4,0.0002666666666666667
attempt_last_bank_name,final_evaluation,ARMENIAN CARD CJSC,4,0.0002666666666666667
attempt_last_bank_name,final_evaluation,WEDGE BANK MIDDLE EAST S.A.L,4,0.0002666666666666667
attempt_last_bank_name,final_evaluation,BB BANKCARD CORPORATION,4,0.0002666666666666667
attempt_last_bank_name,final_evaluation,"GIO BUILDING SOCIETY, LTD.",4,0.0002666666666666667
attempt_last_bank_name,final_evaluation,BLC BANK S.A.L.,4,0.0002666666666666667
attempt_last_bank_name,final_evaluation,IMPERIAL BANK,4,0.0002666666666666667
attempt_last_bank_name,final_evaluation,"SCOTIABANK INVERLAT, S.A.",4,0.0002666666666666667
attempt_last_bank_name,final_evaluation,"MBNA EUROPE BANK, LTD.",4,0.0002666666666666667
attempt_last_bank_name,final_evaluation,"STANDARD CHARTERED GRINDLAYS (OFFSHORE), LTD.",4,0.0002666666666666667
attempt_last_bank_name,final_evaluation,"FIRST TENNESSEE BANK, N.A.",4,0.0002666666666666667
attempt_last_bank_name,final_evaluation,EAST WEST BANK,4,0.0002666666666666667
attempt_last_bank_name,final_evaluation,NORTH COMMUNITY BANK,4,0.0002666666666666667
attempt_last_bank_name,final_evaluation,NETWORK INTERNATIONAL LLC,4,0.0002666666666666667
attempt_last_bank_name,final_evaluation,"EXIM BANK TANZANIA, LTD.",4,0.0002666666666666667
attempt_last_bank_name,final_evaluation,PAREX BANK,4,0.0002666666666666667
attempt_last_bank_name,final_evaluation,"BANCA MORA, S.A.",4,0.0002666666666666667
attempt_last_bank_name,final_evaluation,S-PANKKI OY (S-BANK LIMITED),4,0.0002666666666666667
attempt_last_bank_name,final_evaluation,BANCO BILBAO VIZCAYA,4,0.0002666666666666667
attempt_last_bank_name,final_evaluation,EUROPAY BELGIUM S.C.R.L.,4,0.0002666666666666667
attempt_last_bank_name,final_evaluation,"VALORES INTERNACIONALES, S.A.",4,0.0002666666666666667
attempt_last_bank_name,final_evaluation,"FIRSTCARIBBEAN INTERNATIONAL BANK (BARBADOS), LTD.",4,0.0002666666666666667
attempt_last_bank_name,final_evaluation,BANK OF MALDIVES PLC,4,0.0002666666666666667
attempt_last_bank_name,final_evaluation,POHJOLA BANK PLC,4,0.0002666666666666667
attempt_last_bank_name,final_evaluation,UNICREDIT BANK HUNGARY ZRT.,4,0.0002666666666666667
attempt_last_bank_name,final_evaluation,AIB BANK,4,0.0002666666666666667
attempt_last_bank_name,final_evaluation,VICTORIABANK,4,0.0002666666666666667
attempt_last_bank_name,final_evaluation,RIAS S.R.L. (BANCOMAT),4,0.0002666666666666667
attempt_last_bank_name,final_evaluation,BANK OF WYOMING,4,0.0002666666666666667
attempt_last_bank_name,final_evaluation,"SHAZAM, INC.",4,0.0002666666666666667
attempt_last_bank_name,final_evaluation,HERITAGE FAMILY C.U.,4,0.0002666666666666667
attempt_last_bank_name,final_evaluation,"ING BANK, F.S.B.",4,0.0002666666666666667
attempt_last_bank_name,final_evaluation,INTERNATIONAL COMMERCIAL BANK OF CHINA,4,0.0002666666666666667
attempt_last_bank_name,final_evaluation,"SCOTIABANK TRINIDAD AND TOBAGO, LTD.",4,0.0002666666666666667
attempt_last_bank_name,final_evaluation,JSC HALYK SAVINGS BANK OF KAZAKHSTAN,3,0.0002
attempt_last_bank_name,final_evaluation,GOVERNOR AND COMPANY OF THE BANK OF IRElanD,3,0.0002
attempt_last_bank_name,final_evaluation,BANK SEVERNAYA KAZNA PUBLIC STOCK COMPANY,3,0.0002
attempt_last_bank_name,final_evaluation,REGIONAL BANKS ASSOCIATION OF JAPAN,3,0.0002
attempt_last_bank_name,final_evaluation,BANCO COOPERATIVO DO BRASIL S/A,3,0.0002
attempt_last_bank_name,final_evaluation,CHASE MANHATTAN BANK (USA),3,0.0002
attempt_last_bank_name,final_evaluation,"BANKINTER, S.A.",3,0.0002
attempt_last_bank_name,final_evaluation,"UNIBANCA, S.A",3,0.0002
attempt_last_bank_name,final_evaluation,KAPITAL BANK,3,0.0002
attempt_last_bank_name,final_evaluation,"CAJA DE AHORROS DE GALICIA, VIGO, ORENSE Y PONTEVEDRA",3,0.0002
attempt_last_bank_name,final_evaluation,"NATIONAL COMMERCIAL BANK JAMAICA, LTD.",3,0.0002
attempt_last_bank_name,final_evaluation,"HSBC BANK ARGENTINA, S.A.",3,0.0002
attempt_last_bank_name,final_evaluation,"KB KOOKMIN CARD CO., LTD",3,0.0002
attempt_last_bank_name,final_evaluation,BANCO DE GALICIA Y BUENOS AIRES,3,0.0002
attempt_last_bank_name,final_evaluation,ERSTE AND STEIERMARKISCHE BANK D.D.,3,0.0002
attempt_last_bank_name,final_evaluation,CIMB BANK BERHAD,3,0.0002
attempt_last_bank_name,final_evaluation,CITIZENS SOUTH BANK,3,0.0002
attempt_last_bank_name,final_evaluation,NATIONAL COMMERCIAL BANK,3,0.0002
attempt_last_bank_name,final_evaluation,SAUDI BRITISH BANK,3,0.0002
attempt_last_bank_name,final_evaluation,STOPANSKA BANKA A.D. SKOPJE,3,0.0002
attempt_last_bank_name,final_evaluation,K AND H BANK ZRT,3,0.0002
attempt_last_bank_name,final_evaluation,JSC FIRST REPUBLIC BANK,3,0.0002
attempt_last_bank_name,final_evaluation,"TARJETAS BANAMEX, SA DE CV, SOFOM E.R.",3,0.0002
attempt_last_bank_name,final_evaluation,EUROPEAN AMERICAN BANK,3,0.0002
attempt_last_bank_name,final_evaluation,"BANK HANDLOWY W WARSZAWIE, S.A.",3,0.0002
attempt_last_bank_name,final_evaluation,"BANCO ESPIRITO SANTO, S.A.",3,0.0002
attempt_last_bank_name,final_evaluation,PRESIDENTS CHOICE BANK,3,0.0002
attempt_last_bank_name,final_evaluation,"MBNA AMERICA (DELAWARE), N.A.",3,0.0002
attempt_last_bank_name,final_evaluation,PNC NATIONAL BANK_OF DELAWARE,3,0.0002
attempt_last_bank_name,final_evaluation,FIRST BANK OF NIGERIA PLC,3,0.0002
attempt_last_bank_name,final_evaluation,"BANCO DEL AUSTRO, S.A.",3,0.0002
attempt_last_bank_name,final_evaluation,SOCIETE GENERALE DE BANQUES AU BENIN SGBBE,3,0.0002
attempt_last_bank_name,final_evaluation,ARAB NATIONAL BANK,3,0.0002
attempt_last_bank_name,final_evaluation,"KASIKORNBANK PUBLIC CO., LTD.",3,0.0002
attempt_last_bank_name,final_evaluation,COMMUNITY FEDERAL SAVINGS BANK,3,0.0002
attempt_last_bank_name,final_evaluation,POWSZECHNA KASA OSZCZEDNOSCI BANK POLSKI SA (PKO BANK POLSKI,3,0.0002
attempt_last_bank_name,final_evaluation,JSCB - TBC BANK,3,0.0002
attempt_last_bank_name,final_evaluation,PRISMA MEDIOS DE PAGO SA,3,0.0002
attempt_last_bank_name,final_evaluation,BANK OF SCOTlanD,3,0.0002
attempt_last_bank_name,final_evaluation,JSCB ROSBANK,3,0.0002
attempt_last_bank_name,final_evaluation,STATE EMPLOYEES' C.U.,3,0.0002
attempt_last_bank_name,final_evaluation,FOX CHASE FEDERAL SAVINGS BANK,3,0.0002
attempt_last_bank_name,final_evaluation,BANCO AZTECA S.A. INSTITUCION DE BANCA MULTIPLE,3,0.0002
attempt_last_bank_name,final_evaluation,KOTAK MAHINDRA BANK,3,0.0002
attempt_last_bank_name,final_evaluation,"CO-OPERATIVE BANK OF KENYA, LTD.",3,0.0002
attempt_last_bank_name,final_evaluation,EXCEL BANK,3,0.0002
attempt_last_bank_name,final_evaluation,FBR NATIONAL BANK AND TRUST,3,0.0002
attempt_last_bank_name,final_evaluation,CAJA DE AHORROS DE MADRID (CAJA MADRID),3,0.0002
attempt_last_bank_name,final_evaluation,METROBANK CARD CORPORATION,3,0.0002
attempt_last_bank_name,final_evaluation,"STANDARD CHARTERED BANK (HONG KONG), LTD.",3,0.0002
attempt_last_bank_name,final_evaluation,"PROMOTORA CMR FALABELLA, S.A.",3,0.0002
attempt_last_bank_name,final_evaluation,"BANCO UNO, S.A.",3,0.0002
attempt_last_bank_name,final_evaluation,PT. BANK CENTRAL ASIA,3,0.0002
attempt_last_bank_name,final_evaluation,CAJA LABORAL POPULAR DE MONDRAGON,3,0.0002
attempt_last_bank_name,final_evaluation,OTP BANK NYRT.,3,0.0002
attempt_last_bank_name,final_evaluation,MOSCOW NARODNY BANK LIMITED (MOSNAR BANK LIMITED),3,0.0002
attempt_last_bank_name,final_evaluation,"ASYA KATILIM BANKASI, A.S.",3,0.0002
attempt_last_bank_name,final_evaluation,"PT BANK UOB BUANA, TBK.",3,0.0002
attempt_last_bank_name,final_evaluation,ZIP NETWORK,3,0.0002
attempt_last_bank_name,final_evaluation,"VOLKSBANK HUNGARY PRIVATE, LTD.",3,0.0002
attempt_last_bank_name,final_evaluation,VIVILD OG OMEGNS SPAREKASSE,3,0.0002
attempt_last_bank_name,final_evaluation,"KIWIBANK, LTD.",3,0.0002
attempt_last_bank_name,final_evaluation,CAPITAL ONE (EUROPE) PLC,3,0.0002
attempt_last_bank_name,final_evaluation,"NATIONSBANK OF DELAWARE, N.A.",3,0.0002
attempt_last_bank_name,final_evaluation,FINECOBANK S.P.A.,3,0.0002
attempt_last_bank_name,final_evaluation,"BANCO INDUSTRIAL DE VENEZUELA, C.A.",3,0.0002
attempt_last_bank_name,final_evaluation,JSC ENERGOBANK,3,0.0002
attempt_last_bank_name,final_evaluation,"STATE BANK OF MAURITIUS, LTD.",3,0.0002
attempt_last_bank_name,final_evaluation,"BANCO POPULAR DOMINICANO, C. POR A., BANCO MULTIPLE",3,0.0002
attempt_last_bank_name,final_evaluation,MBNA AMERICA BANK,3,0.0002
attempt_last_bank_name,final_evaluation,"UNION BANK OF CALIFORNIA, N.A.",3,0.0002
attempt_last_bank_name,final_evaluation,PRUDENTIAL BANK AND TRUST COMPANY,3,0.0002
attempt_last_bank_name,final_evaluation,BANK POLSKA KASA OPIEKI S.A. (BANK PEKAO SA),3,0.0002
attempt_last_bank_name,final_evaluation,AFFINITY F.C.U.,3,0.0002
attempt_last_bank_name,final_evaluation,UNION BANK OF INDIA,3,0.0002
attempt_last_bank_name,final_evaluation,E F.C.U.,3,0.0002
attempt_last_bank_name,final_evaluation,RIYAD BANK,3,0.0002
attempt_last_bank_name,final_evaluation,"LEUMICARD, LTD.",3,0.0002
attempt_last_bank_name,final_evaluation,"PEOPLES BANK, N.A.",3,0.0002
attempt_last_bank_name,final_evaluation,"ST. GEORGE BANK, LTD.",3,0.0002
attempt_last_bank_name,final_evaluation,"BANCO ITAU URUGUAY, S.A.",3,0.0002
attempt_last_bank_name,final_evaluation,"RBS CITIZENS, N.A.",3,0.0002
attempt_last_bank_name,final_evaluation,CAPITAL CITY BANK,3,0.0002
attempt_last_bank_name,final_evaluation,"CREDIT AGRICOLE BANK POLSKA, S.A.",3,0.0002
attempt_last_bank_name,final_evaluation,"BANCO DEL PICHINCHA, C.A.",3,0.0002
attempt_last_bank_name,final_evaluation,"BANCO BHD, S.A., BANCO MZLTIPLE",3,0.0002
attempt_last_bank_name,final_evaluation,ARAB FINANCIAL SERVICES COMPANY,3,0.0002
attempt_last_bank_name,final_evaluation,VSB INTERNATIONAL B.V.,3,0.0002
attempt_last_bank_name,final_evaluation,VERBAND DER SPARDA BANKEN E.V.,3,0.0002
attempt_last_bank_name,final_evaluation,"BANCO BRADESCO, S.A.",3,0.0002
attempt_last_bank_name,final_evaluation,ERSTE BANK DER OESTERREICHISCHEN SPARKASSEN AG,3,0.0002
attempt_last_bank_name,final_evaluation,PREMIER AMERICA C.U.,3,0.0002
attempt_last_bank_name,final_evaluation,"BANCO FRANCES, S.A.",3,0.0002
attempt_last_bank_name,final_evaluation,FIRST UNITED NATIONAL BANK AND TRUST COMPANY,3,0.0002
attempt_last_bank_name,final_evaluation,"E. SUN COMMERCIAL BANK CO., LTD.",3,0.0002
attempt_last_bank_name,final_evaluation,BANCA INTESA AD BEOGRAD,3,0.0002
attempt_last_bank_name,final_evaluation,UNIVERSAL INVESTMENT BANK AD SKOPJE,3,0.0002
attempt_last_bank_name,final_evaluation,"DENIZBANK, A.S.",3,0.0002
attempt_last_bank_name,final_evaluation,BNP PARIBAS S.A.E.,3,0.0002
attempt_last_bank_name,final_evaluation,"BBVA BANCO GANADERO, S.A.",3,0.0002
attempt_last_bank_name,final_evaluation,"EASTERN CARIBBEAN AMALGAMATED BANK, LTD.",3,0.0002
attempt_last_bank_name,final_evaluation,HSBC,3,0.0002
attempt_last_bank_name,final_evaluation,FAA C.U.,3,0.0002
attempt_last_bank_name,final_evaluation,COMMUNITY BANK,3,0.0002
attempt_last_bank_name,final_evaluation,HUDSON UNITED BANK,3,0.0002
attempt_last_bank_name,final_evaluation,YUBMES BANK AD BELGRADE,3,0.0002
attempt_last_bank_name,final_evaluation,"BANGKOK BANK PUBLIC CO., LTD.",3,0.0002
attempt_last_bank_name,final_evaluation,STATE EXPORT-IMPORT BANK OF UKRAINE (UKREXIMBANK),3,0.0002
attempt_last_bank_name,final_evaluation,JSCB FORUM,3,0.0002
attempt_last_bank_name,final_evaluation,BAYERISCHE lanDESBANK,3,0.0002
attempt_last_bank_name,final_evaluation,IBERCAJA (CAJA DE AHORROS Y MONTE DE PIEDAD DE ZARAGOZA ARAG,3,0.0002
attempt_last_bank_name,final_evaluation,CORTAL CONSORS,3,0.0002
attempt_last_bank_name,final_evaluation,CAPITAL ONE BANK,3,0.0002
attempt_last_bank_name,final_evaluation,USAA SAVINGS BANK,3,0.0002
attempt_last_bank_name,final_evaluation,GE MONEY BANK AG,3,0.0002
attempt_last_bank_name,final_evaluation,"STAR PROCESSING, INC.",3,0.0002
attempt_last_bank_name,final_evaluation,"BANCO EXTERIOR, C.A.",3,0.0002
attempt_last_bank_name,final_evaluation,AMEX CANADA GLOBESTAR,3,0.0002
attempt_last_bank_name,final_evaluation,BOEING EMPLOYEES C.U.,3,0.0002
attempt_last_bank_name,final_evaluation,"COMMERCIAL BANK OF DUBAI, LTD.",3,0.0002
attempt_last_bank_name,final_evaluation,USB BANK PLC,3,0.0002
attempt_last_bank_name,final_evaluation,BANK CARD COMPANY,3,0.0002
attempt_last_bank_name,final_evaluation,FIRST INDEPENDENCE BANK,3,0.0002
attempt_last_bank_name,final_evaluation,EDS EMPLOYEES F.C.U.,3,0.0002
attempt_last_bank_name,final_evaluation,"UC CARD CO., LTD.",3,0.0002
attempt_last_bank_name,final_evaluation,HUNTINGTON SCHOOLS F.C.U.,3,0.0002
attempt_last_bank_name,final_evaluation,"PIRAEUS BANK, S.A.",3,0.0002
attempt_last_bank_name,final_evaluation,"BANCO SANTANDER (BRASIL), S.A.",3,0.0002
attempt_last_bank_name,final_evaluation,"VALES INTERCONTINENTALES, S.A.",3,0.0002
attempt_last_bank_name,final_evaluation,"BANK OF CYPRUS PUBLIC CO., LTD.",3,0.0002
attempt_last_bank_name,final_evaluation,BANKAS SNORAS,3,0.0002
attempt_last_bank_name,final_evaluation,COMDIRECT BANK,2,0.00013333333333333334
attempt_last_bank_name,final_evaluation,SWISS POST,2,0.00013333333333333334
attempt_last_bank_name,final_evaluation,BANC ONE POINT-OF-SALE SERVICES CORPORATION,2,0.00013333333333333334
attempt_last_bank_name,final_evaluation,DUPONT COMMUNITY C.U.,2,0.00013333333333333334
attempt_last_bank_name,final_evaluation,BANK AUDI S.A.L. - AUDI SARADAR GROUP,2,0.00013333333333333334
attempt_last_bank_name,final_evaluation,BARCLAYS BANK DELAWARE,2,0.00013333333333333334
attempt_last_bank_name,final_evaluation,"WELLS FARGO BANK ARIZONA, N.A.",2,0.00013333333333333334
attempt_last_bank_name,final_evaluation,COMERICA BANK,2,0.00013333333333333334
attempt_last_bank_name,final_evaluation,"STANDARD CHARTERED BANK KENYA, LTD.",2,0.00013333333333333334
attempt_last_bank_name,final_evaluation,SHARJAH ISLAMIC BANK PJSC,2,0.00013333333333333334
attempt_last_bank_name,final_evaluation,"PSCU FINANCIAL SERVICES, INC.",2,0.00013333333333333334
attempt_last_bank_name,final_evaluation,"KENYA COMMERCIAL BANK, LTD.",2,0.00013333333333333334
attempt_last_bank_name,final_evaluation,BANCO DE LA PROVINCIA DE BUENOS AIRES,2,0.00013333333333333334
attempt_last_bank_name,final_evaluation,"BANCA COMERCIALA ROMANA, S.A.",2,0.00013333333333333334
attempt_last_bank_name,final_evaluation,COMMERCIAL BANK OF QATAR (Q.S.C.),2,0.00013333333333333334
attempt_last_bank_name,final_evaluation,"UAB BANK, LTD.",2,0.00013333333333333334
attempt_last_bank_name,final_evaluation,MAYBANK,2,0.00013333333333333334
attempt_last_bank_name,final_evaluation,"BANK OF AYUDHYA PUBLIC CO., LTD.",2,0.00013333333333333334
attempt_last_bank_name,final_evaluation,"SIAM COMMERCIAL BANK PUBLIC CO., LTD.",2,0.00013333333333333334
attempt_last_bank_name,final_evaluation,BNP PARIBAS FORTIS,2,0.00013333333333333334
attempt_last_bank_name,final_evaluation,"SBI SUMISHIN NET BANK, LTD.",2,0.00013333333333333334
attempt_last_bank_name,final_evaluation,IBERIABANK,2,0.00013333333333333334
attempt_last_bank_name,final_evaluation,SAUDI HOLlanDI BANK,2,0.00013333333333333334
attempt_last_bank_name,final_evaluation,SUPER FLYERS,2,0.00013333333333333334
attempt_last_bank_name,final_evaluation,"NYCE PAYMENTS NETWORK, LLC",2,0.00013333333333333334
attempt_last_bank_name,final_evaluation,JAL MILEAGE BANK,2,0.00013333333333333334
attempt_last_bank_name,final_evaluation,"FIRST CITIZENS BANK, LTD.",2,0.00013333333333333334
attempt_last_bank_name,final_evaluation,KUWAIT FINANCE HOUSE,2,0.00013333333333333334
attempt_last_bank_name,final_evaluation,"ROMANIAN COMMERCIAL BANK, S.A. - BANCA COMERCIALA ROMANA, S.A.",2,0.00013333333333333334
attempt_last_bank_name,final_evaluation,DNB NOR BANK ASA,2,0.00013333333333333334
attempt_last_bank_name,final_evaluation,JSCB FOR FOREIGN TRADE OF VIETNAM,2,0.00013333333333333334
attempt_last_bank_name,final_evaluation,CREDIT IMMOBILIER ET. HOTELIER,2,0.00013333333333333334
attempt_last_bank_name,final_evaluation,R RAPHAEL AND SONS PLC,2,0.00013333333333333334
attempt_last_bank_name,final_evaluation,TOTALBANK CURACAO N.V.,2,0.00013333333333333334
attempt_last_bank_name,final_evaluation,SAFEWAY LOS ANGELES F.C.U.,2,0.00013333333333333334
attempt_last_bank_name,final_evaluation,"ETIBANK, A.S.",2,0.00013333333333333334
attempt_last_bank_name,final_evaluation,PT. ANZ PANIN BANK,2,0.00013333333333333334
attempt_last_bank_name,final_evaluation,FIRSTBANK PUERTO RICO,2,0.00013333333333333334
attempt_last_bank_name,final_evaluation,ECOBANK NIGERIA PLC,2,0.00013333333333333334
attempt_last_bank_name,final_evaluation,NEWBRIDGE BANK,2,0.00013333333333333334
attempt_last_bank_name,final_evaluation,"ADVANCED BANK OF ASIA, LTD.",2,0.00013333333333333334
attempt_last_bank_name,final_evaluation,"BANCO ELCA, S.A.",2,0.00013333333333333334
attempt_last_bank_name,final_evaluation,AXIS BANK LIMITED,2,0.00013333333333333334
attempt_last_bank_name,final_evaluation,PJSC COMMERCIAL INDUSTRIAL BANK,2,0.00013333333333333334
attempt_last_bank_name,final_evaluation,MANUFACTURERS AND TRADERS TRUST COMPANY,2,0.00013333333333333334
attempt_last_bank_name,final_evaluation,HONG LEONG BANK BERHAD,2,0.00013333333333333334
attempt_last_bank_name,final_evaluation,"UTI BANK, LTD.",2,0.00013333333333333334
attempt_last_bank_name,final_evaluation,NATIONAL CITY BANK,2,0.00013333333333333334
attempt_last_bank_name,final_evaluation,"OVERSEA-CHINESE BANKING CORP., LTD.",2,0.00013333333333333334
attempt_last_bank_name,final_evaluation,SBI CARDS AND PAYMENT SERVICES LIMITED,2,0.00013333333333333334
attempt_last_bank_name,final_evaluation,WAFABANK,2,0.00013333333333333334
attempt_last_bank_name,final_evaluation,ENTERCARD SVERIGE AB,2,0.00013333333333333334
attempt_last_bank_name,final_evaluation,FIRST BANK,2,0.00013333333333333334
attempt_last_bank_name,final_evaluation,SAMSUNG CARD CO.,2,0.00013333333333333334
attempt_last_bank_name,final_evaluation,METCALF BANK,2,0.00013333333333333334
attempt_last_bank_name,final_evaluation,"BANCO DE AHORRO Y CREDITO MICRO, S.A.",2,0.00013333333333333334
attempt_last_bank_name,final_evaluation,CITIBANK SPAIN,2,0.00013333333333333334
attempt_last_bank_name,final_evaluation,TRAVELLERS CHEQUE,2,0.00013333333333333334
attempt_last_bank_name,final_evaluation,PJSC UKRSOTSBANK,2,0.00013333333333333334
attempt_last_bank_name,final_evaluation,INTERNATIONAL SMART CARD LLC,2,0.00013333333333333334
attempt_last_bank_name,final_evaluation,"GREATER BUILDING SOCIETY, LTD.",2,0.00013333333333333334
attempt_last_bank_name,final_evaluation,CONWAY NATIONAL BANK,2,0.00013333333333333334
attempt_last_bank_name,final_evaluation,DIGITAL F.C.U.,2,0.00013333333333333334
attempt_last_bank_name,final_evaluation,PUBLIC BANK BERHAD,2,0.00013333333333333334
attempt_last_bank_name,final_evaluation,ZAO RAIFFEISENBANK,2,0.00013333333333333334
attempt_last_bank_name,final_evaluation,ZAMINBANK OJSC,2,0.00013333333333333334
attempt_last_bank_name,final_evaluation,S AND T BANK,2,0.00013333333333333334
attempt_last_bank_name,final_evaluation,STANDARD FEDERAL BANK,2,0.00013333333333333334
attempt_last_bank_name,final_evaluation,"STANDARD CHARTERED BANK ZIMBABWE, LTD.",2,0.00013333333333333334
attempt_last_bank_name,final_evaluation,ALLIED IRISH BANKS PLC,2,0.00013333333333333334
attempt_last_bank_name,final_evaluation,lanSING AUTOMAKERS F.C.U.,2,0.00013333333333333334
attempt_last_bank_name,final_evaluation,METRO BANK,2,0.00013333333333333334
attempt_last_bank_name,final_evaluation,CREDIT AGRICOLE S.A.,2,0.00013333333333333334
attempt_last_bank_name,final_evaluation,FIRST COMMONWEALTH BANK,2,0.00013333333333333334
attempt_last_bank_name,final_evaluation,"FUBON BANK (HONG KONG), LTD.",2,0.00013333333333333334
attempt_last_bank_name,final_evaluation,BALTIYSKIY BANK,2,0.00013333333333333334
attempt_last_bank_name,final_evaluation,"PNC BANK, NATIONAL ASSOCIATION - CONSUMER CREDIT",2,0.00013333333333333334
attempt_last_bank_name,final_evaluation,"BANCO AGRICOLA, S.A.",2,0.00013333333333333334
attempt_last_bank_name,final_evaluation,POSTE ITALIANE S.P.A. (BANCO POSTA),2,0.00013333333333333334
attempt_last_bank_name,final_evaluation,SPAREBANKEN VEST,2,0.00013333333333333334
attempt_last_bank_name,final_evaluation,"CREDICARD, S.A.",2,0.00013333333333333334
attempt_last_bank_name,final_evaluation,FIRST NORTHERN C.U.,2,0.00013333333333333334
attempt_last_bank_name,final_evaluation,POLISH AND SLAVIC F.C.U.,2,0.00013333333333333334
attempt_last_bank_name,final_evaluation,HSBC BANK MALAYSIA BERHAD,2,0.00013333333333333334
attempt_last_bank_name,final_evaluation,"BNP PARIBAS BANK POLSKA, S.A.",2,0.00013333333333333334
attempt_last_bank_name,final_evaluation,"ABN AMRO BANK, N.V.",2,0.00013333333333333334
attempt_last_bank_name,final_evaluation,DIE SCHWEIZERISCHE POST,2,0.00013333333333333334
attempt_last_bank_name,final_evaluation,SPARKASSE BANK MAKEDONIJA AD SKOPJE,2,0.00013333333333333334
attempt_last_bank_name,final_evaluation,UKRAINSKY PROMYSLOVY BANK LLC,2,0.00013333333333333334
attempt_last_bank_name,final_evaluation,CANADIAN TIRE BANK,2,0.00013333333333333334
attempt_last_bank_name,final_evaluation,ADVANTA BANK CORP.,2,0.00013333333333333334
attempt_last_bank_name,final_evaluation,FIRST MUTUAL CREDIT BANK,2,0.00013333333333333334
attempt_last_bank_name,final_evaluation,CREDINS BANK SH.A.,2,0.00013333333333333334
attempt_last_bank_name,final_evaluation,BANCO BILBAO VIZCAYA ARGENTARIA (PANAMA) S.A. - BBVA (PANAMA,2,0.00013333333333333334
attempt_last_bank_name,final_evaluation,"PROVIDENT BANK AND TRUST OF BELIZE, LTD.",2,0.00013333333333333334
attempt_last_bank_name,final_evaluation,OLD NATIONAL BANK,2,0.00013333333333333334
attempt_last_bank_name,final_evaluation,FIRST CENTRAL BANK,2,0.00013333333333333334
attempt_last_bank_name,final_evaluation,NLB TUTUNSKA BANKA AD SKOPJE,2,0.00013333333333333334
attempt_last_bank_name,final_evaluation,JSB KAZKOMMERTSBANK,2,0.00013333333333333334
attempt_last_bank_name,final_evaluation,BULLS EYE C.U.,2,0.00013333333333333334
attempt_last_bank_name,final_evaluation,"HSBC BANK USA, N.A. ASSOCIATION",2,0.00013333333333333334
attempt_last_bank_name,final_evaluation,"APS FINANCIAL, LTD.",2,0.00013333333333333334
attempt_last_bank_name,final_evaluation,OP COOPERATIVE,2,0.00013333333333333334
attempt_last_bank_name,final_evaluation,"BC MOLDINDCONBANK, S.A.",2,0.00013333333333333334
attempt_last_bank_name,final_evaluation,NATIONAL BANK OF GREECE - TIRANA BRANCH,2,0.00013333333333333334
attempt_last_bank_name,final_evaluation,"MONEY CARD ASSOCIATION PR LEAGUE, INC.",2,0.00013333333333333334
attempt_last_bank_name,final_evaluation,"BANCO DEL SUQUIA, S.A.",2,0.00013333333333333334
attempt_last_bank_name,final_evaluation,YES BANK LIMITED,2,0.00013333333333333334
attempt_last_bank_name,final_evaluation,YUG-INVESTBANK JSB,2,0.00013333333333333334
attempt_last_bank_name,final_evaluation,PICPAY BANK BANCO MULTIPLO S A,2,0.00013333333333333334
attempt_last_bank_name,final_evaluation,COMDIRECT BANK AG,2,0.00013333333333333334
attempt_last_bank_name,final_evaluation,SERVIRED S.C.,2,0.00013333333333333334
attempt_last_bank_name,final_evaluation,"TMB BANK PUBLIC CO., LTD.",2,0.00013333333333333334
attempt_last_bank_name,final_evaluation,KOMERCIJALNA BANKA AD BEOGRAD CJSC,2,0.00013333333333333334
attempt_last_bank_name,final_evaluation,"BANK ONE, N.A.",2,0.00013333333333333334
attempt_last_bank_name,final_evaluation,"BANCO COMERCIAL URUGUAI, S.A.",2,0.00013333333333333334
attempt_last_bank_name,final_evaluation,"FIRST DATA CONO SUR, S.R.L.",2,0.00013333333333333334
attempt_last_bank_name,final_evaluation,LEUMI CARD,2,0.00013333333333333334
attempt_last_bank_name,final_evaluation,AS SEB PANK,2,0.00013333333333333334
attempt_last_bank_name,final_evaluation,P.T. BANK NIAGA,2,0.00013333333333333334
attempt_last_bank_name,final_evaluation,BANQUE MAROCAINE DU COMMERCE EXTERIEUR,2,0.00013333333333333334
attempt_last_bank_name,final_evaluation,BANCO DE RESERVAS DE LA REPUBLICA DOMINICANA,2,0.00013333333333333334
attempt_last_bank_name,final_evaluation,"BBVA BANCOMER, S.A.",2,0.00013333333333333334
attempt_last_bank_name,final_evaluation,"BANCO DE CREDITO DE BOLIVIA, S.A.",2,0.00013333333333333334
attempt_last_bank_name,final_evaluation,COMMERCIAL BANK OF DUBAI,2,0.00013333333333333334
attempt_last_bank_name,final_evaluation,BANCO PARIS,2,0.00013333333333333334
attempt_last_bank_name,final_evaluation,BANCO DEL ESTADO DE CHILE,2,0.00013333333333333334
attempt_last_bank_name,final_evaluation,BANCO DE CREDITO DEL PERU (BCP),2,0.00013333333333333334
attempt_last_bank_name,final_evaluation,EUROBANK  BULGARIA AD,2,0.00013333333333333334
attempt_last_bank_name,final_evaluation,FIRST BANK OF DELAWARE,2,0.00013333333333333334
attempt_last_bank_name,final_evaluation,FIRST STATE BANK,2,0.00013333333333333334
attempt_last_bank_name,final_evaluation,UNITED OVERSEAS BANK (MALAYSIA) BERHAD,2,0.00013333333333333334
attempt_last_bank_name,final_evaluation,KAOHSIUNG THIRD CREDIT CO-OPERATIVE,2,0.00013333333333333334
attempt_last_bank_name,final_evaluation,"TCM BANK, N.A.",2,0.00013333333333333334
attempt_last_bank_name,final_evaluation,BANK24.RU JSB,2,0.00013333333333333334
attempt_last_bank_name,final_evaluation,BLOM BANK S.A.L.,2,0.00013333333333333334
attempt_last_bank_name,final_evaluation,BANQUE SAUDI FRANSI,2,0.00013333333333333334
attempt_last_bank_name,final_evaluation,GOLOMT BANK OF MONGOLIA,2,0.00013333333333333334
attempt_last_bank_name,final_evaluation,BANK OF COMMUNICATIONS/HSBC,2,0.00013333333333333334
attempt_last_bank_name,final_evaluation,PT BANK MANDIRI (PERSERO) TBK,2,0.00013333333333333334
attempt_last_bank_name,final_evaluation,"""FIRST HEARTLAND JUSAN BANK"" JOINT STOCK COMPANY",2,0.00013333333333333334
attempt_last_bank_name,final_evaluation,FIRST INTERSTATE BANK,2,0.00013333333333333334
attempt_last_bank_name,final_evaluation,BANKA KOMBETARE TREGTARE SH.A.,2,0.00013333333333333334
attempt_last_bank_name,final_evaluation,ASOCIACION DE BANCOS QUE PRESTAN EL SERVICIO DE CREDIBANCO - CREDIBANCO,2,0.00013333333333333334
attempt_last_bank_name,final_evaluation,BANCO COOPERATIVO ESPANOL,2,0.00013333333333333334
attempt_last_bank_name,final_evaluation,SPACE COAST C.U.,2,0.00013333333333333334
attempt_last_bank_name,final_evaluation,DESERT SCHOOLS F.C.U.,2,0.00013333333333333334
attempt_last_bank_name,final_evaluation,BANCO INTER S.A.,2,0.00013333333333333334
attempt_last_bank_name,final_evaluation,MOST-BANK,2,0.00013333333333333334
attempt_last_bank_name,final_evaluation,"SCOTIABANK EL SALVADOR, S.A.",2,0.00013333333333333334
attempt_last_bank_name,final_evaluation,BANCO SANTANDER PUERTO RICO,2,0.00013333333333333334
attempt_last_bank_name,final_evaluation,EUROPAY 6000,2,0.00013333333333333334
attempt_last_bank_name,final_evaluation,TAPIOLA PANKKI OY,2,0.00013333333333333334
attempt_last_bank_name,final_evaluation,"HVB BANK CZECHIA, A.S.",2,0.00013333333333333334
attempt_last_bank_name,final_evaluation,MOONEY S.P.A.,2,0.00013333333333333334
attempt_last_bank_name,final_evaluation,DEUTSCHE POSTBANK AG,2,0.00013333333333333334
attempt_last_bank_name,final_evaluation,MONZO BANK LIMITED,2,0.00013333333333333334
attempt_last_bank_name,final_evaluation,"BB AND T FINANCIAL, F.S.B.",2,0.00013333333333333334
attempt_last_bank_name,final_evaluation,"TRIPLINK INTERNATIONAL CO.,LIMITED",2,0.00013333333333333334
attempt_last_bank_name,final_evaluation,VIETNAM PROSPERITY JSCB,2,0.00013333333333333334
attempt_last_bank_name,final_evaluation,UNIVERSAL BANK,2,0.00013333333333333334
attempt_last_bank_name,final_evaluation,BElanESHECONOMBANK FOREIGN ECONOMIC AFFAIRS BELARUS JSCB,2,0.00013333333333333334
attempt_last_bank_name,final_evaluation,UNION COMMERCIAL BANK PLC,2,0.00013333333333333334
attempt_last_bank_name,final_evaluation,"BANCO BHD, S.A.",2,0.00013333333333333334
attempt_last_bank_name,final_evaluation,SAVINGS BANK OF THE RUSSIA (SBERBANK),2,0.00013333333333333334
attempt_last_bank_name,final_evaluation,GOSPODARCZY BANK WIELKOPOLSKI S.A. (GBW S.A.),2,0.00013333333333333334
attempt_last_bank_name,final_evaluation,"C.U. SERVICES CORPORATION (AUSTRALIA), LTD.",2,0.00013333333333333334
attempt_last_bank_name,final_evaluation,ARAB INTERNATIONAL BANK,2,0.00013333333333333334
attempt_last_bank_name,final_evaluation,BANKA KOPER D.D.,2,0.00013333333333333334
attempt_last_bank_name,final_evaluation,RBS (RD EUROPE) GMBH,2,0.00013333333333333334
attempt_last_bank_name,final_evaluation,PT. BANK NEGARA INDONESIA (PERSERO) TBK.,2,0.00013333333333333334
attempt_last_bank_name,final_evaluation,"BANCO INTERNACIONAL, S.A.",2,0.00013333333333333334
attempt_last_bank_name,final_evaluation,KHAN BANK,2,0.00013333333333333334
attempt_last_bank_name,final_evaluation,EMIRATES BANK INTERNATIONAL PJSC,2,0.00013333333333333334
attempt_last_bank_name,final_evaluation,ARAB BANKING CORPORATION (JORDAN),2,0.00013333333333333334
attempt_last_bank_name,final_evaluation,"CAPITAL ONE, NATIONAL ASSOCIATION",2,0.00013333333333333334
attempt_last_bank_name,final_evaluation,INTERDIN S.A. EMISORA Y ADMINISTRADORA DE TARJETAS DE CREDIT,2,0.00013333333333333334
attempt_last_bank_name,final_evaluation,"TRANSACT NETWORK, LTD.",2,0.00013333333333333334
attempt_last_bank_name,final_evaluation,CAISSE NATIONALE DE CREDIT AGRICOLE,2,0.00013333333333333334
attempt_last_bank_name,final_evaluation,"NEW ENGlanD BANKCARD ASSOCIATION, INC.",2,0.00013333333333333334
attempt_last_bank_name,final_evaluation,VISA SWEDEN ASSOCIATION,2,0.00013333333333333334
attempt_last_bank_name,final_evaluation,"BANCO CITIBANK DE GUATEMALA, S.A.",2,0.00013333333333333334
attempt_last_bank_name,final_evaluation,LEESPORT BANK,2,0.00013333333333333334
attempt_last_bank_name,final_evaluation,1ST FINANCIAL BANK USA,2,0.00013333333333333334
attempt_last_bank_name,final_evaluation,FIRST NATIONAL,2,0.00013333333333333334
attempt_last_bank_name,final_evaluation,ELI LILLY F.C.U.,2,0.00013333333333333334
attempt_last_bank_name,final_evaluation,"INDUSTRIAL AND COMMERCIAL BANK OF CHINA, LTD.",2,0.00013333333333333334
attempt_last_bank_name,final_evaluation,AMERICAN EXPRESS US CARS,2,0.00013333333333333334
attempt_last_bank_name,final_evaluation,ZENITH BANK,2,0.00013333333333333334
attempt_last_bank_name,final_evaluation,BANCO POPOLARE CROATIA D.D,2,0.00013333333333333334
attempt_last_bank_name,final_evaluation,"COMMERCIAL BANK OF KUWAIT, S.A.K.",2,0.00013333333333333334
attempt_last_bank_name,final_evaluation,TD CANADA TRUST BANK,2,0.00013333333333333334
attempt_last_bank_name,final_evaluation,SAFE F.C.U.,2,0.00013333333333333334
attempt_last_bank_name,final_evaluation,DSK BANK PLC,2,0.00013333333333333334
attempt_last_bank_name,final_evaluation,B@NCA 24-7 S.P.A.,2,0.00013333333333333334
attempt_last_bank_name,final_evaluation,"WILMINGTON TRUST, N.A.",2,0.00013333333333333334
attempt_last_bank_name,final_evaluation,FIRST NATIONAL BANK OF PENNSYLVANIA,2,0.00013333333333333334
attempt_last_bank_name,final_evaluation,PT BANK MEGA TBK.,2,0.00013333333333333334
attempt_last_bank_name,final_evaluation,"DEUTSCHE KREDITBANK AG (DKB), LUFTHANSA, MILES AND MORE",2,0.00013333333333333334
attempt_last_bank_name,final_evaluation,"CREDIT ONE BANK, N.A.",2,0.00013333333333333334
attempt_last_bank_name,final_evaluation,CITIBANK PRIVATKUNDEN AG AND CO KGAA,2,0.00013333333333333334
attempt_last_bank_name,final_evaluation,ZUERCHER KANTONALBANK,2,0.00013333333333333334
attempt_last_bank_name,final_evaluation,NATWEST,2,0.00013333333333333334
attempt_last_bank_name,final_evaluation,"BANK OF WESTERN AUSTRALIA, LTD.",2,0.00013333333333333334
attempt_last_bank_name,final_evaluation,"lanKSER, S.A.",2,0.00013333333333333334
attempt_last_bank_name,final_evaluation,BANCO DE DESARROLLO RURAL S.A. BANRURAL,2,0.00013333333333333334
attempt_last_bank_name,final_evaluation,BANCO BTG PACTUAL SA,2,0.00013333333333333334
attempt_last_bank_name,final_evaluation,FARMERS AND MECHANICS NATIONAL BANK,2,0.00013333333333333334
attempt_last_bank_name,final_evaluation,BANCO FALABELLA,2,0.00013333333333333334
attempt_last_bank_name,final_evaluation,UNICREDIT BANKA SLOVENIJA D.D.,2,0.00013333333333333334
attempt_last_bank_name,final_evaluation,GCS,2,0.00013333333333333334
attempt_last_bank_name,final_evaluation,WUESTENROT BANK AG PFANDBRIEBANK,2,0.00013333333333333334
attempt_last_bank_name,final_evaluation,ESBANK ESKISEHIR BANKASI T.A.S.,2,0.00013333333333333334
attempt_last_bank_name,final_evaluation,DHCU COMMUNITY C.U.,2,0.00013333333333333334
attempt_last_bank_name,final_evaluation,NATIONAL DEVELOPMENT BANK PLC,1,6.666666666666667e-05
attempt_last_bank_name,final_evaluation,"INTERTRUSTBANK CO., LTD.",1,6.666666666666667e-05
attempt_last_bank_name,final_evaluation,MEMBERS 1ST F.C.U.,1,6.666666666666667e-05
attempt_last_bank_name,final_evaluation,"EUROPAY FRANCE, S.A.",1,6.666666666666667e-05
attempt_last_bank_name,final_evaluation,UNION BANK OF THE PHILIPPINES,1,6.666666666666667e-05
attempt_last_bank_name,final_evaluation,BANK OF CYPRUS,1,6.666666666666667e-05
attempt_last_bank_name,final_evaluation,QATAR NATIONAL BANK,1,6.666666666666667e-05
attempt_last_bank_name,final_evaluation,LLOYDS TSB AIRMILES,1,6.666666666666667e-05
attempt_last_bank_name,final_evaluation,BANK OF WOOD RIVER,1,6.666666666666667e-05
attempt_last_bank_name,final_evaluation,MERRICK BANK CORPORATION,1,6.666666666666667e-05
attempt_last_bank_name,final_evaluation,"WING lanG BANK, LTD.",1,6.666666666666667e-05
attempt_last_bank_name,final_evaluation,BANK OF THE PHILIPPINE Islands,1,6.666666666666667e-05
attempt_last_bank_name,final_evaluation,LLOYDS BANK PLC,1,6.666666666666667e-05
attempt_last_bank_name,final_evaluation,MDM BANK OJSC,1,6.666666666666667e-05
attempt_last_bank_name,final_evaluation,BANCO SECURITY,1,6.666666666666667e-05
attempt_last_bank_name,final_evaluation,TBI CREDIT EAD,1,6.666666666666667e-05
attempt_last_bank_name,final_evaluation,SMW LOCAL 110 F.C.U.,1,6.666666666666667e-05
attempt_last_bank_name,final_evaluation,BANK OF CHINA,1,6.666666666666667e-05
attempt_last_bank_name,final_evaluation,ADAMS NATIONAL BANK,1,6.666666666666667e-05
attempt_last_bank_name,final_evaluation,"BANCO CUSCATlan DE GUATEMALA, S.A.",1,6.666666666666667e-05
attempt_last_bank_name,final_evaluation,JUNIPER BANK,1,6.666666666666667e-05
attempt_last_bank_name,final_evaluation,CAPITAL ONE BANK OF CANADA BRANCH,1,6.666666666666667e-05
attempt_last_bank_name,final_evaluation,"BANCO DEL PAIS, S.A.",1,6.666666666666667e-05
attempt_last_bank_name,final_evaluation,PJSC BANK FINANCE AND CREDIT,1,6.666666666666667e-05
attempt_last_bank_name,final_evaluation,BANK SINOPAC,1,6.666666666666667e-05
attempt_last_bank_name,final_evaluation,LUOTTOKUNTA,1,6.666666666666667e-05
attempt_last_bank_name,final_evaluation,VISTA FEDERAL CREDIT UNION (WALT DISNEY WORLD),1,6.666666666666667e-05
attempt_last_bank_name,final_evaluation,BANCO INTERNACIONAL,1,6.666666666666667e-05
attempt_last_bank_name,final_evaluation,FIRST ARKANSAS BANK AND TRUST,1,6.666666666666667e-05
attempt_last_bank_name,final_evaluation,EMIRATES NBD BANK,1,6.666666666666667e-05
attempt_last_bank_name,final_evaluation,UNION BANK OF TAIWAN,1,6.666666666666667e-05
attempt_last_bank_name,final_evaluation,DZI BANK,1,6.666666666666667e-05
attempt_last_bank_name,final_evaluation,DBS,1,6.666666666666667e-05
attempt_last_bank_name,final_evaluation,ERSTE BANK A.D. PODGORICA,1,6.666666666666667e-05
attempt_last_bank_name,final_evaluation,SCE F.C.U.,1,6.666666666666667e-05
attempt_last_bank_name,final_evaluation,ASSOCIATES CAPITAL CORP.,1,6.666666666666667e-05
attempt_last_bank_name,final_evaluation,"UNICRE - INSTITUICAO FINANCEIRA DE CREDITO, S.A.",1,6.666666666666667e-05
attempt_last_bank_name,final_evaluation,FARMERS AND MERCHANTS BANK OF lanG BEACH,1,6.666666666666667e-05
attempt_last_bank_name,final_evaluation,SUNRATE SOLUTIONS LIMITED,1,6.666666666666667e-05
attempt_last_bank_name,final_evaluation,"VENTAS INTERNACIONALES, S.A. DE C.V.",1,6.666666666666667e-05
attempt_last_bank_name,final_evaluation,CENTRIS F.C.U.,1,6.666666666666667e-05
attempt_last_bank_name,final_evaluation,"SAINT KITTS AND NEVIS-ANGUILLA NATIONAL BANK, LTD.",1,6.666666666666667e-05
attempt_last_bank_name,final_evaluation,ALLIED BANKING CORPORATION,1,6.666666666666667e-05
attempt_last_bank_name,final_evaluation,"BANK OF YOKOHAMA, LTD.",1,6.666666666666667e-05
attempt_last_bank_name,final_evaluation,lanDMARK C.U.,1,6.666666666666667e-05
attempt_last_bank_name,final_evaluation,"DHANALAKSHMI BANK, LTD.",1,6.666666666666667e-05
attempt_last_bank_name,final_evaluation,STARWOOD PREFERRED GUEST HOTEL LOYALTY,1,6.666666666666667e-05
attempt_last_bank_name,final_evaluation,HOUSING BANK FOR TRADE AND FINANCE,1,6.666666666666667e-05
attempt_last_bank_name,final_evaluation,SANDIA LABORATORY F.C.U.,1,6.666666666666667e-05
attempt_last_bank_name,final_evaluation,"KARNATAKA BANK, LTD.",1,6.666666666666667e-05
attempt_last_bank_name,final_evaluation,FIRST LIBERTY BANK,1,6.666666666666667e-05
attempt_last_bank_name,final_evaluation,KEYPOINT C.U.,1,6.666666666666667e-05
attempt_last_bank_name,final_evaluation,"WESTPAC NEW ZEAlanD, LTD.",1,6.666666666666667e-05
attempt_last_bank_name,final_evaluation,"ANZ GRINDLAYS BANK, LTD.",1,6.666666666666667e-05
attempt_last_bank_name,final_evaluation,SAIGON BANK FOR INDUSTRY AND TRADE,1,6.666666666666667e-05
attempt_last_bank_name,final_evaluation,ARDSHININVESTBANK CJSC,1,6.666666666666667e-05
attempt_last_bank_name,final_evaluation,JUNIATA VALLEY BANK,1,6.666666666666667e-05
attempt_last_bank_name,final_evaluation,NEW ENGlanD BANKCARD ASSOCIATION,1,6.666666666666667e-05
attempt_last_bank_name,final_evaluation,SOCIETE GENERALE DE BANQUES AU CAMEROUN,1,6.666666666666667e-05
attempt_last_bank_name,final_evaluation,SOUTHERN EXCHANGE BANK,1,6.666666666666667e-05
attempt_last_bank_name,final_evaluation,HUDSON'S BAY COMPANY,1,6.666666666666667e-05
attempt_last_bank_name,final_evaluation,STERlanG BANK,1,6.666666666666667e-05
attempt_last_bank_name,final_evaluation,SAN DIEGO COUNTY C.U.,1,6.666666666666667e-05
attempt_last_bank_name,final_evaluation,"JSC ""UNIVERSAL BANK""",1,6.666666666666667e-05
attempt_last_bank_name,final_evaluation,"EGYPTIAN BANKS CO. FOR TECHNOLOGICAL ADVANCEMENT, S.A",1,6.666666666666667e-05
attempt_last_bank_name,final_evaluation,NORDEA BANK AB (PUBL),1,6.666666666666667e-05
attempt_last_bank_name,final_evaluation,TURK EKONOMI BANKASI A.S.,1,6.666666666666667e-05
attempt_last_bank_name,final_evaluation,"BANCO INTERCONTINENTAL, S.A.",1,6.666666666666667e-05
attempt_last_bank_name,final_evaluation,"BANCO INTERNACIONAL DE MOCAMBIQUE, S.A.R.L.",1,6.666666666666667e-05
attempt_last_bank_name,final_evaluation,"UNIBANCA, BANCO UNIVERSAL, C.A.",1,6.666666666666667e-05
attempt_last_bank_name,final_evaluation,BPOST,1,6.666666666666667e-05
attempt_last_bank_name,final_evaluation,"HSBC BANK USA, N.A.",1,6.666666666666667e-05
attempt_last_bank_name,final_evaluation,"CENTRAL TRUST BANK, THE",1,6.666666666666667e-05
attempt_last_bank_name,final_evaluation,BANCO INBURSA S.A. INSTITUCION DE BANCA MULTIPLE GRUPO FINAN,1,6.666666666666667e-05
attempt_last_bank_name,final_evaluation,UNION BANK COMPANY,1,6.666666666666667e-05
attempt_last_bank_name,final_evaluation,EXCHANGE NATIONAL BANK,1,6.666666666666667e-05
attempt_last_bank_name,final_evaluation,SOUTHWEST CARD ASSOCIATION,1,6.666666666666667e-05
attempt_last_bank_name,final_evaluation,ROGUE RIVER COMMUNITY C.U.,1,6.666666666666667e-05
attempt_last_bank_name,final_evaluation,"CITIBANK USA, N.A.",1,6.666666666666667e-05
attempt_last_bank_name,final_evaluation,VENEZOlanO DE CREDITO S.A. BANCO UNIVERS.A.L.,1,6.666666666666667e-05
attempt_last_bank_name,final_evaluation,BANCO SUDECOR COOPERATIVO LTDO.,1,6.666666666666667e-05
attempt_last_bank_name,final_evaluation,"SANTA BARBARA BANK AND TRUST, N.A.",1,6.666666666666667e-05
attempt_last_bank_name,final_evaluation,"SBI CARDS AND PAYMENT SERVICES PVT., LTD.",1,6.666666666666667e-05
attempt_last_bank_name,final_evaluation,PT. BANK CIMB NIAGA TBK.,1,6.666666666666667e-05
attempt_last_bank_name,final_evaluation,ALAU TECNOLOGIA S.A.U.,1,6.666666666666667e-05
attempt_last_bank_name,final_evaluation,BANCO IBI S.A. BANCO MULTIPLO,1,6.666666666666667e-05
attempt_last_bank_name,final_evaluation,SKOWHEGAN SAVINGS BANK,1,6.666666666666667e-05
attempt_last_bank_name,final_evaluation,JSB POLTAVA BANK,1,6.666666666666667e-05
attempt_last_bank_name,final_evaluation,FIRST BANK AND TRUST COMPANY,1,6.666666666666667e-05
attempt_last_bank_name,final_evaluation,BANK OF BIRMINGHAM,1,6.666666666666667e-05
attempt_last_bank_name,final_evaluation,"CREDIT ANDORRA, S.A.",1,6.666666666666667e-05
attempt_last_bank_name,final_evaluation,BANQUE INTERNATIONALE POUR LAFRIQUE OCCIDENTALE - BIAO,1,6.666666666666667e-05
attempt_last_bank_name,final_evaluation,BANCO DE LA NACION,1,6.666666666666667e-05
attempt_last_bank_name,final_evaluation,"BANCO BAC SAN JOSE, S.A.",1,6.666666666666667e-05
attempt_last_bank_name,final_evaluation,"BANK PRZEMYSLOWO-HANDLOWY PKB, S.A.",1,6.666666666666667e-05
attempt_last_bank_name,final_evaluation,"BUTTERFIELD BANK (UK), LTD.",1,6.666666666666667e-05
attempt_last_bank_name,final_evaluation,"RAKUTEN CARD CO., LTD.",1,6.666666666666667e-05
attempt_last_bank_name,final_evaluation,POSTBANK,1,6.666666666666667e-05
attempt_last_bank_name,final_evaluation,"NATIONAL BANK OF KENYA, LTD.",1,6.666666666666667e-05
attempt_last_bank_name,final_evaluation,SEACOAST NATIONAL BANK,1,6.666666666666667e-05
attempt_last_bank_name,final_evaluation,FIRST BANK AND TRUST,1,6.666666666666667e-05
attempt_last_bank_name,final_evaluation,CENTRAL PROFIT BANKA D.D. SARAJEVO,1,6.666666666666667e-05
attempt_last_bank_name,final_evaluation,"HSBC MEXICO S.A., INSTITUCION DE BANCA MULTIPLE, GRUPO FINAN",1,6.666666666666667e-05
attempt_last_bank_name,final_evaluation,EUROBANK EFG BULGARIA A.D.,1,6.666666666666667e-05
attempt_last_bank_name,final_evaluation,JSC MINSK TRANSIT BANK,1,6.666666666666667e-05
attempt_last_bank_name,final_evaluation,REDWOOD C.U.,1,6.666666666666667e-05
attempt_last_bank_name,final_evaluation,BANCO POPULAR Y DE DESARROLLO COMUNAL,1,6.666666666666667e-05
attempt_last_bank_name,final_evaluation,EGG BANKING PLC,1,6.666666666666667e-05
attempt_last_bank_name,final_evaluation,EUROBANK AND TRUST COMPANY,1,6.666666666666667e-05
attempt_last_bank_name,final_evaluation,HARBOR BANK,1,6.666666666666667e-05
attempt_last_bank_name,final_evaluation,"BANCO BISA, S.A.",1,6.666666666666667e-05
attempt_last_bank_name,final_evaluation,DANSKE BANK A/S,1,6.666666666666667e-05
attempt_last_bank_name,final_evaluation,MICHIGAN SCHOOLS AND GOVERNMENT C.U.,1,6.666666666666667e-05
attempt_last_bank_name,final_evaluation,"CITIBANK ESPANA, S.A.",1,6.666666666666667e-05
attempt_last_bank_name,final_evaluation,MIDFIRST BANK,1,6.666666666666667e-05
attempt_last_bank_name,final_evaluation,lanDESBANK SAAR,1,6.666666666666667e-05
attempt_last_bank_name,final_evaluation,"BANCO BOLIVARIANO, C.A.",1,6.666666666666667e-05
attempt_last_bank_name,final_evaluation,STERlanG SAVINGS BANK,1,6.666666666666667e-05
attempt_last_bank_name,final_evaluation,"INVESTEC BANK, LTD.",1,6.666666666666667e-05
attempt_last_bank_name,final_evaluation,ALLIANT C.U.,1,6.666666666666667e-05
attempt_last_bank_name,final_evaluation,ADVANTIS C.U.,1,6.666666666666667e-05
attempt_last_bank_name,final_evaluation,"BANK OF CHINA, LTD.",1,6.666666666666667e-05
attempt_last_bank_name,final_evaluation,"EURONET PAYMENTS AND CARD SERVICES, LTD.",1,6.666666666666667e-05
attempt_last_bank_name,final_evaluation,VISA,1,6.666666666666667e-05
attempt_last_bank_name,final_evaluation,EMBRY BANK,1,6.666666666666667e-05
attempt_last_bank_name,final_evaluation,REVOLUT PAYMENTS AUSTRALIA PTY LTD,1,6.666666666666667e-05
attempt_last_bank_name,final_evaluation,ABU DHABI COMMERCIAL BANK,1,6.666666666666667e-05
attempt_last_bank_name,final_evaluation,CAPITAL ONE BANK (CANADA BRANCH),1,6.666666666666667e-05
attempt_last_bank_name,final_evaluation,"HSBC RETAIL CREDIT (USA), INC.",1,6.666666666666667e-05
attempt_last_bank_name,final_evaluation,FINANCEIRA ITAU CBD S.A. CREDITO FINANCIAMENTO E INVESTIMENT,1,6.666666666666667e-05
attempt_last_bank_name,final_evaluation,"EFG EUROBANK ERGASIAS, S.A.",1,6.666666666666667e-05
attempt_last_bank_name,final_evaluation,BANCO CSF S/A,1,6.666666666666667e-05
attempt_last_bank_name,final_evaluation,"HSBC MEXICO, S.A. INSTITUCION DE BANCA MULTIPLE, GRUPO HSBC",1,6.666666666666667e-05
attempt_last_bank_name,final_evaluation,COMMUNITY BANK AND TRUST,1,6.666666666666667e-05
attempt_last_bank_name,final_evaluation,TRINIDAD AND TOBAGO UNIT TRUST CORPORATION,1,6.666666666666667e-05
attempt_last_bank_name,final_evaluation,CJSC CB RUSSIAN INDUSTRIAL BANK,1,6.666666666666667e-05
attempt_last_bank_name,final_evaluation,"BANCO PASTOR, S.A.",1,6.666666666666667e-05
attempt_last_bank_name,final_evaluation,FIRST CHOICE AMERICA COMMUNITY F.C.U.,1,6.666666666666667e-05
attempt_last_bank_name,final_evaluation,ALTRA F.C.U.,1,6.666666666666667e-05
attempt_last_bank_name,final_evaluation,SOUTHEAST ASIA COMMERCIAL JSB,1,6.666666666666667e-05
attempt_last_bank_name,final_evaluation,EQUITABLE F.C.U.,1,6.666666666666667e-05
attempt_last_bank_name,final_evaluation,BANQUE POSTALE,1,6.666666666666667e-05
attempt_last_bank_name,final_evaluation,"BANCO ESPIRITO SANTO DOS ACORES, S.A.",1,6.666666666666667e-05
attempt_last_bank_name,final_evaluation,MERCHANTS NATIONAL BANK OF AURORA,1,6.666666666666667e-05
attempt_last_bank_name,final_evaluation,QIWI BANK (JSC),1,6.666666666666667e-05
attempt_last_bank_name,final_evaluation,ISLAMIC INTERNATIONAL ARAB BANK PLC,1,6.666666666666667e-05
attempt_last_bank_name,final_evaluation,ARAB FINANCIAL SERVICES COMPANY B.S.C. (C),1,6.666666666666667e-05
attempt_last_bank_name,final_evaluation,LAPORTE COMMUNITY F.C.U.,1,6.666666666666667e-05
attempt_last_bank_name,final_evaluation,SOUTHERN BANK AND TRUST COMPANY,1,6.666666666666667e-05
attempt_last_bank_name,final_evaluation,ICBC,1,6.666666666666667e-05
attempt_last_bank_name,final_evaluation,"CU COOPERATIVE SYSTEMS, LLC",1,6.666666666666667e-05
attempt_last_bank_name,final_evaluation,ABNB F.C.U.,1,6.666666666666667e-05
attempt_last_bank_name,final_evaluation,UBS AG (UNION BANK OF SWITZERlanD),1,6.666666666666667e-05
attempt_last_bank_name,final_evaluation,"AEON CREDIT SERVICE (ASIA) CO., LTD.",1,6.666666666666667e-05
attempt_last_bank_name,final_evaluation,BANK OF COMMUNICATIONS,1,6.666666666666667e-05
attempt_last_bank_name,final_evaluation,BARCLAYS,1,6.666666666666667e-05
attempt_last_bank_name,final_evaluation,JOINT STOCK COMMERCIAL BANK FOR INVESTMENT AND DEVELOPMENT OF VIETNAM,1,6.666666666666667e-05
attempt_last_bank_name,final_evaluation,"NORTHERN TRUST BANK, FEDERAL SAVINGS BANK",1,6.666666666666667e-05
attempt_last_bank_name,final_evaluation,"DEXIA BANKA SLOVENSKO, A.S.",1,6.666666666666667e-05
attempt_last_bank_name,final_evaluation,SYNDICATE BANK,1,6.666666666666667e-05
attempt_last_bank_name,final_evaluation,CITIZENS-UNION SAVINGS BANK,1,6.666666666666667e-05
attempt_last_bank_name,final_evaluation,GOLD BANK,1,6.666666666666667e-05
attempt_last_bank_name,final_evaluation,"ALBARAKA TURK KATILIM BANKASI, A.S.",1,6.666666666666667e-05
attempt_last_bank_name,final_evaluation,ARVEST BANK,1,6.666666666666667e-05
attempt_last_bank_name,final_evaluation,"STATE FINANCIAL BANK, N.A.",1,6.666666666666667e-05
attempt_last_bank_name,final_evaluation,SEDICIBANCA S.P.A.,1,6.666666666666667e-05
attempt_last_bank_name,final_evaluation,OJSC BANK ESKHATA,1,6.666666666666667e-05
attempt_last_bank_name,final_evaluation,UNIVERSAL FINANCING SERVICES,1,6.666666666666667e-05
attempt_last_bank_name,final_evaluation,CITIBANK INTERNATIONAL PLC,1,6.666666666666667e-05
attempt_last_bank_name,final_evaluation,MERCEDES-BENZ BANK AG,1,6.666666666666667e-05
attempt_last_bank_name,final_evaluation,"COMMERCE BANCSHARES, INC.",1,6.666666666666667e-05
attempt_last_bank_name,final_evaluation,BYBLOS BANK S.A.L.,1,6.666666666666667e-05
attempt_last_bank_name,final_evaluation,SHERWOOD STATE BANK,1,6.666666666666667e-05
attempt_last_bank_name,final_evaluation,FIRST NATIONAL BANK OF GILMER,1,6.666666666666667e-05
attempt_last_bank_name,final_evaluation,CENTRAL-EUROPEAN INTERNATIONAL BANK (CIB BANK) RT.,1,6.666666666666667e-05
attempt_last_bank_name,final_evaluation,JSCB BANK OF MOSCOW,1,6.666666666666667e-05
attempt_last_bank_name,final_evaluation,SWEDBANK AB,1,6.666666666666667e-05
attempt_last_bank_name,final_evaluation,Elan FINANCIAL SERVICES,1,6.666666666666667e-05
attempt_last_bank_name,final_evaluation,CENTENNIAL BANK,1,6.666666666666667e-05
attempt_last_bank_name,final_evaluation,RIZAL COMMERCIAL BANKING CORPORATION,1,6.666666666666667e-05
attempt_last_bank_name,final_evaluation,FIRST INDEPENDENCE BANK OF FLORIDA,1,6.666666666666667e-05
attempt_last_bank_name,final_evaluation,AMERICA FIRST F.C.U.,1,6.666666666666667e-05
attempt_last_bank_name,final_evaluation,EAST WEST BANKING CORPORATION,1,6.666666666666667e-05
attempt_last_bank_name,final_evaluation,CITIBANK - COLOMBIA,1,6.666666666666667e-05
attempt_last_bank_name,final_evaluation,UNITED NATIONS F.C.U.,1,6.666666666666667e-05
attempt_last_bank_name,final_evaluation,"BANCO LAFISE BANCENTRO, S.A.",1,6.666666666666667e-05
attempt_last_bank_name,final_evaluation,"FBME BANK, LTD.",1,6.666666666666667e-05
attempt_last_bank_name,final_evaluation,"BANCO MERCANTIL, S.A.",1,6.666666666666667e-05
attempt_last_bank_name,final_evaluation,"MACQUARIE BANK, LTD.",1,6.666666666666667e-05
attempt_last_bank_name,final_evaluation,DIAMOND C.U.,1,6.666666666666667e-05
attempt_last_bank_name,final_evaluation,"BANCO ATlanTICO, S.A.",1,6.666666666666667e-05
attempt_last_bank_name,final_evaluation,"CREDOMATIC DEL ISTMO, S.A.",1,6.666666666666667e-05
attempt_last_bank_name,final_evaluation,"AMERICAN SAVINGS, F.S.B.",1,6.666666666666667e-05
attempt_last_bank_name,final_evaluation,CHINESE AMERICAN BANK,1,6.666666666666667e-05
attempt_last_bank_name,final_evaluation,BANQUE DU CAIRE,1,6.666666666666667e-05
attempt_last_bank_name,final_evaluation,"UNITED OVERSEAS BANK(THAI)PUBLIC CO., LTD.",1,6.666666666666667e-05
attempt_last_bank_name,final_evaluation,DUPAGE C.U.,1,6.666666666666667e-05
attempt_last_bank_name,final_evaluation,CREDIT POPULAIRE D'ALGERIE,1,6.666666666666667e-05
attempt_last_bank_name,final_evaluation,"MARSHALL BANK, N.A.",1,6.666666666666667e-05
attempt_last_bank_name,final_evaluation,"INVERSIONES FEDEBAN, S.A.",1,6.666666666666667e-05
attempt_last_bank_name,final_evaluation,"FIDELITY BANK (BAHAMAS), LTD.",1,6.666666666666667e-05
attempt_last_bank_name,final_evaluation,"RAYMOND JAMES BANK, F.S.B.",1,6.666666666666667e-05
attempt_last_bank_name,final_evaluation,"MERCANTILE BANK, LTD.",1,6.666666666666667e-05
attempt_last_bank_name,final_evaluation,SOCIETE MONETIQUE-TUNISIE,1,6.666666666666667e-05
attempt_last_bank_name,final_evaluation,BANQUE CENTRALE POPULAIRE,1,6.666666666666667e-05
attempt_last_bank_name,final_evaluation,PREPAY TECHNOLOGIES LTD,1,6.666666666666667e-05
attempt_last_bank_name,final_evaluation,GREEN DOT,1,6.666666666666667e-05
attempt_last_bank_name,final_evaluation,DEUTSCHE BANK S.P.A.,1,6.666666666666667e-05
attempt_last_bank_name,final_evaluation,EUROPEAN CLEARING BANK LTD. LIABILITY COMPANY,1,6.666666666666667e-05
attempt_last_bank_name,final_evaluation,BANCO POPULAR NORTH AMERICA,1,6.666666666666667e-05
attempt_last_bank_name,final_evaluation,"BANCO POPULAR DOMINICANO - BANCO MULTIPLE, S.A.",1,6.666666666666667e-05
attempt_last_bank_name,final_evaluation,INDIAN BANK,1,6.666666666666667e-05
attempt_last_bank_name,final_evaluation,PJSC UKRSIBBANK,1,6.666666666666667e-05
attempt_last_bank_name,final_evaluation,GUARANTY TRUST BANK PLC,1,6.666666666666667e-05
attempt_last_bank_name,final_evaluation,PAYPAY CARD CORPORATION,1,6.666666666666667e-05
attempt_last_bank_name,final_evaluation,"PNC BANK, GLOBAL INVESTMENT SERVICING",1,6.666666666666667e-05
attempt_last_bank_name,final_evaluation,SOUTH CAROlanA F.C.U.,1,6.666666666666667e-05
attempt_last_bank_name,final_evaluation,"BANCO BANSUD, S.A.",1,6.666666666666667e-05
attempt_last_bank_name,final_evaluation,FRAMINGHAM MUNICIPAL F.C.U.,1,6.666666666666667e-05
attempt_last_bank_name,final_evaluation,BANCO DESARROLLO DE LOS PUEBLOS SA CODESARROLLO,1,6.666666666666667e-05
attempt_last_bank_name,final_evaluation,KHRESCHATYK OJSC CB,1,6.666666666666667e-05
attempt_last_bank_name,final_evaluation,"PRUDENTIAL SAVINGS BANK, F.S.B.",1,6.666666666666667e-05
attempt_last_bank_name,final_evaluation,SPAREKASSEN I SKALS,1,6.666666666666667e-05
attempt_last_bank_name,final_evaluation,"SERVICIOS FINANCIEROS CARREFOUR, ESTABLECIMIENTO",1,6.666666666666667e-05
attempt_last_bank_name,final_evaluation,INDIANA UNIVERSITY C.U.,1,6.666666666666667e-05
attempt_last_bank_name,final_evaluation,"SOUTHTRUST BANK, N.A.",1,6.666666666666667e-05
attempt_last_bank_name,final_evaluation,"FIRST PEOPLES BANK, INC.",1,6.666666666666667e-05
attempt_last_bank_name,final_evaluation,BANK OF THE OZARKS,1,6.666666666666667e-05
attempt_last_bank_name,final_evaluation,MEMBERS C.U.,1,6.666666666666667e-05
attempt_last_bank_name,final_evaluation,"RAIFFEISENBANK, A.S.",1,6.666666666666667e-05
attempt_last_bank_name,final_evaluation,"EQUITY BANK, LTD.",1,6.666666666666667e-05
attempt_last_bank_name,final_evaluation,"BANCO PROMOTOR DElanORTE, S.A.",1,6.666666666666667e-05
attempt_last_bank_name,final_evaluation,CALIFORNIA COAST C.U.,1,6.666666666666667e-05
attempt_last_bank_name,final_evaluation,DZ BANK AG DEUTSCHE ZENTRAL-GENOSSENSCHAFTSBANK,1,6.666666666666667e-05
attempt_last_bank_name,final_evaluation,JSC BELAGROPROMBANK,1,6.666666666666667e-05
attempt_last_bank_name,final_evaluation,"NORDSTROM, F.S.B.",1,6.666666666666667e-05
attempt_last_bank_name,final_evaluation,"IXE BANCO, S.A.",1,6.666666666666667e-05
attempt_last_bank_name,final_evaluation,WARKA BANK FOR INVESTMENT AND FINANCE,1,6.666666666666667e-05
attempt_last_bank_name,final_evaluation,"BANCO POPULAR ESPANOL, S.A.",1,6.666666666666667e-05
attempt_last_bank_name,final_evaluation,"DBS BANK (HONG KONG), LTD.",1,6.666666666666667e-05
attempt_last_bank_name,final_evaluation,MILlanNIUM STATE BANK OF TEXAS,1,6.666666666666667e-05
attempt_last_bank_name,final_evaluation,BANK OF HAWAII CREDIT CARD,1,6.666666666666667e-05
attempt_last_bank_name,final_evaluation,INTOUCH C.U.,1,6.666666666666667e-05
attempt_last_bank_name,final_evaluation,"MVB BANK, INC",1,6.666666666666667e-05
attempt_last_bank_name,final_evaluation,FALCON INTERNATIONAL BANK,1,6.666666666666667e-05
attempt_last_bank_name,final_evaluation,RAIFFEISENBANK AUSTRIA D.D.,1,6.666666666666667e-05
attempt_last_bank_name,final_evaluation,"CITY BANK, LTD.",1,6.666666666666667e-05
attempt_last_bank_name,final_evaluation,NATIONAL BANK OF ARIZONA,1,6.666666666666667e-05
attempt_last_bank_name,final_evaluation,FINANCIERA BERMUDEZ Y VAlanZUELA S.A. COMPANIA DE FINANCIAMIENTO COMERCIAL,1,6.666666666666667e-05
attempt_last_bank_name,final_evaluation,RAIFFEISEN BANK DD BOSNIA HERZEGOVINA,1,6.666666666666667e-05
attempt_last_bank_name,final_evaluation,BRD GROUPE SOCIETE GENERALE,1,6.666666666666667e-05
attempt_last_bank_name,final_evaluation,PUBLIC JSC JSB UKRGASBANK,1,6.666666666666667e-05
attempt_last_bank_name,final_evaluation,SPIRE F.C.U.,1,6.666666666666667e-05
attempt_last_bank_name,final_evaluation,RAIFFEISEN SCHWEIZ GENOSSENSCHAFT,1,6.666666666666667e-05
attempt_last_bank_name,final_evaluation,TUCOEMAS F.C.U.,1,6.666666666666667e-05
attempt_last_bank_name,final_evaluation,CALIFORNIA BANK AND TRUST,1,6.666666666666667e-05
attempt_last_bank_name,final_evaluation,ESL F.C.U.,1,6.666666666666667e-05
attempt_last_bank_name,final_evaluation,"CORESTATES BANK, N.A.",1,6.666666666666667e-05
attempt_last_bank_name,final_evaluation,CODE C.U.,1,6.666666666666667e-05
attempt_last_bank_name,final_evaluation,U OF P F.C.U.,1,6.666666666666667e-05
attempt_last_bank_name,final_evaluation,NATIONAL SOCIETE GENERALE BANK S.A.E.,1,6.666666666666667e-05
attempt_last_bank_name,final_evaluation,PEACH STATE F.C.U.,1,6.666666666666667e-05
attempt_last_bank_name,final_evaluation,MISSION AREA F.C.U.,1,6.666666666666667e-05
attempt_last_bank_name,final_evaluation,OTP BANKA HRVATSKA D.D.,1,6.666666666666667e-05
attempt_last_bank_name,final_evaluation,ORIENT CORPORATION,1,6.666666666666667e-05
attempt_last_bank_name,final_evaluation,JSCB SOYUZ,1,6.666666666666667e-05
attempt_last_bank_name,final_evaluation,NORTHERN TRUST BANK,1,6.666666666666667e-05
attempt_last_bank_name,final_evaluation,CB MKB UNIONBANK A.D.,1,6.666666666666667e-05
attempt_last_bank_name,final_evaluation,CHARLOTTE METRO C.U.,1,6.666666666666667e-05
attempt_last_bank_name,final_evaluation,GRUPA BPS BANKI SPOLDZIELCZE I BANK BPS,1,6.666666666666667e-05
attempt_last_bank_name,final_evaluation,BRITISH AIRWAYS,1,6.666666666666667e-05
attempt_last_bank_name,final_evaluation,CHINATRUST (PHILIPPINES) COMMERCIAL BANK,1,6.666666666666667e-05
attempt_last_bank_name,final_evaluation,CENTRA C.U.,1,6.666666666666667e-05
attempt_last_bank_name,final_evaluation,MERIWEST C.U.,1,6.666666666666667e-05
attempt_last_bank_name,final_evaluation,"APS BANK, LTD.",1,6.666666666666667e-05
attempt_last_bank_name,final_evaluation,BANCO CACIQUE,1,6.666666666666667e-05
attempt_last_bank_name,final_evaluation,ACBA CREDIT AGRICOLE BANK CJSC,1,6.666666666666667e-05
attempt_last_bank_name,final_evaluation,CITIBANK BERHAD,1,6.666666666666667e-05
attempt_last_bank_name,final_evaluation,CREDIT EUROPE BANK,1,6.666666666666667e-05
attempt_last_bank_name,final_evaluation,"ANDORRA BANC AGRICOL REIG, S.A.",1,6.666666666666667e-05
attempt_last_bank_name,final_evaluation,SECURITY SERVICE F.C.U.,1,6.666666666666667e-05
attempt_last_bank_name,final_evaluation,FIRST REGIONAL BANK,1,6.666666666666667e-05
attempt_last_bank_name,final_evaluation,XACBANK LLC,1,6.666666666666667e-05
attempt_last_bank_name,final_evaluation,PARK AVENUE BANK,1,6.666666666666667e-05
attempt_last_bank_name,final_evaluation,FIRST NATIONAL BANK OF JOLIET,1,6.666666666666667e-05
attempt_last_bank_name,final_evaluation,ERSTE BANK HUNGARY ZRT.,1,6.666666666666667e-05
attempt_last_bank_name,final_evaluation,"CAPITAL ONE, N.A.",1,6.666666666666667e-05
attempt_last_bank_name,final_evaluation,UNION SAVINGS BANK,1,6.666666666666667e-05
attempt_last_bank_name,final_evaluation,ALIOR BANK SPOLKA AKCYJNA,1,6.666666666666667e-05
attempt_last_bank_name,final_evaluation,ERSTE BANK DER OSTERREICHISCHEN SPARKASSEN AG,1,6.666666666666667e-05
attempt_last_bank_name,final_evaluation,"BOE BANK, LTD.",1,6.666666666666667e-05
attempt_last_bank_name,final_evaluation,COlanIAL BANK,1,6.666666666666667e-05
attempt_last_bank_name,final_evaluation,"UNICREDIT TIRIAC BANK, S.A.",1,6.666666666666667e-05
attempt_last_bank_name,final_evaluation,BANK OF SUFFOLK,1,6.666666666666667e-05
attempt_last_bank_name,final_evaluation,"JOINT DEVELOPMENT BANK, LTD.",1,6.666666666666667e-05
attempt_last_bank_name,final_evaluation,GRAND BANK AND TRUST OF FLORIDA,1,6.666666666666667e-05
attempt_last_bank_name,final_evaluation,CAJA RURAL DE ALMERIA Y MALAGA (CAJAMAR),1,6.666666666666667e-05
attempt_last_bank_name,final_evaluation,G T AND R EMPLOYEES NORTH CAROlanA FEDERALC.U.,1,6.666666666666667e-05
attempt_last_bank_name,final_evaluation,MERCADOLIBRE SRL,1,6.666666666666667e-05
attempt_last_bank_name,final_evaluation,VISA NORGE A/S,1,6.666666666666667e-05
attempt_last_bank_name,final_evaluation,JOINT STOCK COMMERCIAL BANK MOLDINDCONBANK S.A.,1,6.666666666666667e-05
attempt_last_bank_name,final_evaluation,"PING AN BANK CO., LTD.",1,6.666666666666667e-05
attempt_last_bank_name,final_evaluation,FIRST USA BANK,1,6.666666666666667e-05
attempt_last_bank_name,final_evaluation,SANTANDER CONSUMER BANK AG,1,6.666666666666667e-05
attempt_last_bank_name,final_evaluation,LASALLE BANK MIDWEST NATIONAL ASSOCIATION,1,6.666666666666667e-05
attempt_last_bank_name,final_evaluation,CITIBANK EUROPE PUBLIC LIMITED COMPANY,1,6.666666666666667e-05
attempt_last_bank_name,final_evaluation,"FIRST DATA CONO SUR, S.A.",1,6.666666666666667e-05
attempt_last_bank_name,final_evaluation,PAGSEGURO INTERNET S.A,1,6.666666666666667e-05
attempt_last_bank_name,final_evaluation,"BANCO SAFRA, S.A.",1,6.666666666666667e-05
attempt_last_bank_name,final_evaluation,"AMICUS, F.S.B.",1,6.666666666666667e-05
attempt_last_bank_name,final_evaluation,PT. BANK RAKYAT INDONESIA (PERSERO),1,6.666666666666667e-05
attempt_last_bank_name,final_evaluation,CAJA DE AHORROS Y PENSIONES DE BARCElanA-ANDORRA,1,6.666666666666667e-05
attempt_last_bank_name,final_evaluation,VIETNAM INTERNATIONAL COMMERCIAL JSB,1,6.666666666666667e-05
attempt_last_bank_name,final_evaluation,SMI ONE,1,6.666666666666667e-05
attempt_last_bank_name,final_evaluation,"SURUGA BANK, LTD.",1,6.666666666666667e-05
attempt_last_bank_name,final_evaluation,BANCORPSOUTH BANK,1,6.666666666666667e-05
attempt_last_bank_name,final_evaluation,HSBC(UK),1,6.666666666666667e-05
attempt_last_bank_name,final_evaluation,UNITED BANK S.E.A.,1,6.666666666666667e-05
attempt_last_bank_name,final_evaluation,SANTA CLARA COUNTY F.C.U.,1,6.666666666666667e-05
attempt_last_bank_name,final_evaluation,PT. HONEST FINANCIAL TECHNOLOGIES,1,6.666666666666667e-05
attempt_last_bank_name,final_evaluation,GERMANTOWN FEDERAL SAVINGS BANK,1,6.666666666666667e-05
attempt_last_bank_name,final_evaluation,SCHOOLSFIRST F.C.U.,1,6.666666666666667e-05
attempt_last_bank_name,final_evaluation,"SCOTIABANK (BELIZE), LTD.",1,6.666666666666667e-05
attempt_last_bank_name,final_evaluation,PUBLIC SAVINGS BANK,1,6.666666666666667e-05
attempt_last_bank_name,final_evaluation,SOUTHTRUST BANK,1,6.666666666666667e-05
attempt_last_bank_name,final_evaluation,SVYAZNOY BANK (JSC),1,6.666666666666667e-05
attempt_last_bank_name,final_evaluation,"INVEST-BANK, S.A.",1,6.666666666666667e-05
attempt_last_bank_name,final_evaluation,"WILMINGTON SAVINGS FUND SOCIETY, F.S.B.",1,6.666666666666667e-05
attempt_last_bank_name,final_evaluation,WESTERN F.C.U.,1,6.666666666666667e-05
attempt_last_bank_name,final_evaluation,BANK OF BOULDER,1,6.666666666666667e-05
attempt_last_bank_name,final_evaluation,FIRST COMMUNITY BANK,1,6.666666666666667e-05
attempt_last_bank_name,final_evaluation,"BANCO COLPATRIA - RED MULTIBANCA COLPATRIA, S.A.",1,6.666666666666667e-05
attempt_last_bank_name,final_evaluation,VANCOUVER CITY SAVINGS C.U.,1,6.666666666666667e-05
attempt_last_bank_name,final_evaluation,OHIO CENTRAL SAVINGS,1,6.666666666666667e-05
attempt_last_bank_name,final_evaluation,"BANCO POPULAR DOMINICANO, C. POR A.",1,6.666666666666667e-05
attempt_last_bank_name,final_evaluation,ZIONS FIRST NATIONAL BANK,1,6.666666666666667e-05
attempt_last_bank_name,final_evaluation,ONPOINT COMMUNITY C.U.,1,6.666666666666667e-05
attempt_last_bank_name,final_evaluation,VJA,1,6.666666666666667e-05
attempt_last_bank_name,final_evaluation,"BANCO MULTIPLE SANTA CRUZ, S.A.",1,6.666666666666667e-05
attempt_last_bank_name,final_evaluation,"CIBC BANK AND TRUST COMPANY CAYMAN, LTD.",1,6.666666666666667e-05
attempt_last_bank_name,final_evaluation,BANCO DE LA REPUBLICA ORIENTAL DEL URUGUAY,1,6.666666666666667e-05
attempt_last_bank_name,final_evaluation,"BANK OF NOVA SCOTIA JAMAICA, LTD.",1,6.666666666666667e-05
attempt_last_bank_name,final_evaluation,AMERICAN HERITAGE FEDERAL CREDIT UNION,1,6.666666666666667e-05
attempt_last_bank_name,final_evaluation,BANK OF IRElanD,1,6.666666666666667e-05
attempt_last_bank_name,final_evaluation,"INVERUNION, BANCO COMERCIAL, C.A.",1,6.666666666666667e-05
attempt_last_bank_name,final_evaluation,"ISRAEL DISCOUNT BANK, LTD.",1,6.666666666666667e-05
attempt_last_bank_name,final_evaluation,CAIXA ECONOMICA FEDERAL,1,6.666666666666667e-05
attempt_last_bank_name,final_evaluation,AMERICAN EXPRESS JAPAN,1,6.666666666666667e-05
attempt_last_bank_name,final_evaluation,"DC CARD COMPANY, LTD.",1,6.666666666666667e-05
attempt_last_bank_name,final_evaluation,JSCB ASAKA,1,6.666666666666667e-05
attempt_last_bank_name,final_evaluation,"BANCO DE OCCIDENTE, S.A.",1,6.666666666666667e-05
attempt_last_bank_name,final_evaluation,ARROWHEAD CENTRAL C.U.,1,6.666666666666667e-05
attempt_last_bank_name,final_evaluation,OCHOCO F.C.U.,1,6.666666666666667e-05
attempt_last_bank_name,final_evaluation,UMPQUA BANK,1,6.666666666666667e-05
attempt_last_bank_name,final_evaluation,CO-OPERATIVE BANK PLC,1,6.666666666666667e-05
attempt_last_bank_name,final_evaluation,FIRST INVESTMENT BANK,1,6.666666666666667e-05
attempt_last_bank_name,final_evaluation,PEOPLES STATE BANK,1,6.666666666666667e-05
attempt_last_bank_name,final_evaluation,PINNACLE BANK,1,6.666666666666667e-05
attempt_last_bank_name,final_evaluation,SUDAMERIS BANK S.A.E.C.A.,1,6.666666666666667e-05
attempt_last_bank_name,final_evaluation,FIRST COMMUNITY C.U.,1,6.666666666666667e-05
attempt_last_bank_name,final_evaluation,"BANCO DE LA PRODUCCION,S.A. (PRODUBANCO)",1,6.666666666666667e-05
attempt_last_bank_name,final_evaluation,SOCIETE GENERALE DE BANQUES AU SENEGAL,1,6.666666666666667e-05
attempt_last_bank_name,final_evaluation,"TAIPEI FUBON COMMERCIAL BANK CO., LTD.",1,6.666666666666667e-05
attempt_last_bank_name,final_evaluation,"SHANGHAI COMMERCIAL AND SAVINGS BANK, LTD.",1,6.666666666666667e-05
attempt_last_bank_name,final_evaluation,ROBINS F.C.U.,1,6.666666666666667e-05
attempt_last_bank_name,final_evaluation,EUROPAY AUSTRIA ZAHlanGSVERKEHRSSYSTEME GMBH,1,6.666666666666667e-05
attempt_last_bank_name,final_evaluation,KOTAK MAHINDRA BANK LTD,1,6.666666666666667e-05
attempt_last_bank_name,final_evaluation,"CITITARJETAS DE HONDURAS, S.A.",1,6.666666666666667e-05
attempt_last_bank_name,final_evaluation,MICHIGAN STATE UNIVERSITY F.C.U.,1,6.666666666666667e-05
attempt_last_bank_name,final_evaluation,NORDEA BANK NORGE ASA HK,1,6.666666666666667e-05
attempt_last_bank_name,final_evaluation,SPARKASSE BANK D.D.,1,6.666666666666667e-05
attempt_last_bank_name,final_evaluation,"WELLS FARGO BANK NORTHWEST, N.A.",1,6.666666666666667e-05
attempt_last_bank_name,final_evaluation,GIBSlanD BANK AND TRUST COMPANY,1,6.666666666666667e-05
attempt_last_bank_name,final_evaluation,FIRST ENTERTAINMENT C.U.,1,6.666666666666667e-05
attempt_last_bank_name,final_evaluation,COMMERCIAL INTERNATIONAL BANK,1,6.666666666666667e-05
attempt_last_bank_name,final_evaluation,"BANCO CITIBANK DE COSTA RICA, S.A.",1,6.666666666666667e-05
attempt_last_bank_name,final_evaluation,BELVOIR F.C.U.,1,6.666666666666667e-05
attempt_last_bank_name,final_evaluation,"COMMERCIAL BANK OF QATAR, LTD.",1,6.666666666666667e-05
attempt_last_bank_name,final_evaluation,"BANCO COMERCIAL DE MACAU, S.A.",1,6.666666666666667e-05
attempt_last_bank_name,final_evaluation,"CONTECNICA, S.A.",1,6.666666666666667e-05
attempt_last_bank_name,final_evaluation,ADAMS COUNTY NATIONAL BANK,1,6.666666666666667e-05
attempt_last_bank_name,final_evaluation,GULF BANK K.S.C.,1,6.666666666666667e-05
attempt_last_bank_name,final_evaluation,"BOKF, N.A.",1,6.666666666666667e-05
attempt_last_bank_name,final_evaluation,MBANK S.A.,1,6.666666666666667e-05
attempt_last_bank_name,final_evaluation,NORGREN EMPLOYEES F.C.U.,1,6.666666666666667e-05
attempt_last_bank_name,final_evaluation,"ASKARI BANK, LTD.",1,6.666666666666667e-05
attempt_last_bank_name,final_evaluation,INTESA SANPAOLO BANKA,1,6.666666666666667e-05
attempt_last_bank_name,final_evaluation,"CITIBANK TAIWAN, LTD.",1,6.666666666666667e-05
attempt_last_bank_name,final_evaluation,HSBC BANK - EGYPT SAE,1,6.666666666666667e-05
attempt_last_bank_name,final_evaluation,"HSBC BANK (PANAMA), S.A.",1,6.666666666666667e-05
attempt_last_bank_name,final_evaluation,METRO C.U.,1,6.666666666666667e-05
attempt_last_bank_name,final_evaluation,HYUNDAI CARD,1,6.666666666666667e-05
attempt_last_bank_name,final_evaluation,"ATH COSTA RICA, S.A.",1,6.666666666666667e-05
attempt_last_bank_name,final_evaluation,BANQUE MAROCAINE POUR LE COMMERCE ET lanDUSTRIE,1,6.666666666666667e-05
attempt_last_bank_name,final_evaluation,BANK OF MEAD,1,6.666666666666667e-05
attempt_last_bank_name,final_evaluation,WRIGHT EXPRESS FINANCIAL SERVICES CORPORATION,1,6.666666666666667e-05
attempt_last_bank_name,final_evaluation,PT BANK UOB INDONESIA,1,6.666666666666667e-05
attempt_last_bank_name,final_evaluation,"REPUBLIC SAVINGS BANK, F.S.B.",1,6.666666666666667e-05
attempt_last_bank_name,final_evaluation,"LOTTE CARD CO., LTD.",1,6.666666666666667e-05
attempt_last_bank_name,final_evaluation,lanE STAR NATIONAL BANK,1,6.666666666666667e-05
attempt_last_bank_name,final_evaluation,COMPANHIA BRASILEIRA DE MEIOS DE PAGAMENTO,1,6.666666666666667e-05
attempt_last_bank_name,final_evaluation,CENTRAL TRUST BANK,1,6.666666666666667e-05
attempt_last_bank_name,final_evaluation,ADVANCIAL F.C.U.,1,6.666666666666667e-05
attempt_last_bank_name,final_evaluation,ECOBANK RWANDA S.A.,1,6.666666666666667e-05
attempt_last_bank_name,final_evaluation,"HOME RETAIL GROUP PERSONAL FINANCE, LTD.",1,6.666666666666667e-05
attempt_last_bank_name,final_evaluation,PRVA BANKA CG A.D. - FOUNDED IN 1901,1,6.666666666666667e-05
attempt_last_bank_name,final_evaluation,"BANCO AZTECA DO BRASIL, S.A.",1,6.666666666666667e-05
attempt_last_bank_name,final_evaluation,HSBC BANK EGYPT,1,6.666666666666667e-05
attempt_last_bank_name,final_evaluation,SUNTRUST,1,6.666666666666667e-05
attempt_last_bank_name,final_evaluation,MISSION F.C.U.,1,6.666666666666667e-05
attempt_last_bank_name,final_evaluation,RECARGAPAY INSTITUICAO DE PAGAMENTO LTDA.,1,6.666666666666667e-05
attempt_last_bank_name,final_evaluation,YELLOWSTONE BANK,1,6.666666666666667e-05
attempt_last_bank_name,final_evaluation,PJSC BANK FORUM,1,6.666666666666667e-05
attempt_last_bank_name,final_evaluation,EAST COAST C.U.,1,6.666666666666667e-05
attempt_last_bank_name,final_evaluation,PIRAEUS BANK EGYPT,1,6.666666666666667e-05
attempt_last_bank_name,final_evaluation,BPCE,1,6.666666666666667e-05
attempt_last_bank_name,final_evaluation,POST BANK AND SAVINGS BANK CORPORATION (POSTABANK RT.),1,6.666666666666667e-05
attempt_last_bank_name,final_evaluation,"ST. GEORGES BANK AND TRUST CO., LTD.",1,6.666666666666667e-05
attempt_last_bank_name,final_evaluation,"FLORIDA BANK, N.A.",1,6.666666666666667e-05
attempt_last_bank_name,final_evaluation,TIB - THE INDEPENDENT BANKERSBANK,1,6.666666666666667e-05
attempt_last_bank_name,final_evaluation,SANTANDER UK PLC,1,6.666666666666667e-05
attempt_last_bank_name,final_evaluation,"KOTAK MAHINDRA BANK, LTD.",1,6.666666666666667e-05
attempt_last_bank_name,final_evaluation,WESTERN BANK OF LAS CRUCES,1,6.666666666666667e-05
attempt_last_bank_name,final_evaluation,TENNESSEE MEMBERS 1ST F.C.U.,1,6.666666666666667e-05
attempt_last_bank_name,final_evaluation,BANCO DINERS CLUB DEL ECUADOR SA,1,6.666666666666667e-05
attempt_last_bank_name,final_evaluation,ALLIANCE DATA SYSTEMS,1,6.666666666666667e-05
attempt_last_bank_name,final_evaluation,REDSTONE F.C.U.,1,6.666666666666667e-05
attempt_last_bank_name,final_evaluation,UNTERTUERKHEIMER VOLKSBANK,1,6.666666666666667e-05
attempt_last_bank_name,final_evaluation,TWIN COUNTY C.U.,1,6.666666666666667e-05
attempt_last_bank_name,final_evaluation,SOUTH FLORIDA EDUCATIONAL F.C.U.,1,6.666666666666667e-05
attempt_last_bank_name,final_evaluation,PJSC TRUSTBANK,1,6.666666666666667e-05
attempt_last_bank_name,final_evaluation,INTELIGENCIA EN FINANZAS SAPI DE CV,1,6.666666666666667e-05
attempt_last_bank_name,final_evaluation,CENTURY NATIONAL BANK,1,6.666666666666667e-05
attempt_last_bank_name,final_evaluation,ACCESS BANK PLC,1,6.666666666666667e-05
attempt_last_bank_name,final_evaluation,"DANSKE BANK AKTIESELSKAB, DENMARK, SWEDEN BRANCH",1,6.666666666666667e-05
attempt_last_bank_name,final_evaluation,COMMUNITY BANCSERVICE CORPORATION,1,6.666666666666667e-05
attempt_last_bank_name,final_evaluation,AMBANK (M) BERHAD,1,6.666666666666667e-05
attempt_last_bank_name,final_evaluation,CRESTAR BANK,1,6.666666666666667e-05
attempt_last_bank_name,final_evaluation,"CITI CARDS JAPAN, INC.",1,6.666666666666667e-05
attempt_last_bank_name,final_evaluation,PROCREDIT BANK (BULGARIA) A.D.,1,6.666666666666667e-05
attempt_last_bank_name,final_evaluation,"BANCO INDUSTRIAL, S.A.",1,6.666666666666667e-05
attempt_last_bank_name,final_evaluation,"FULTON BANK, N.A.",1,6.666666666666667e-05
attempt_last_bank_name,final_evaluation,"BANK OF AMERICA N.T. AND, S.A.",1,6.666666666666667e-05
attempt_last_bank_name,final_evaluation,PT. BANK PERMATA TBK,1,6.666666666666667e-05
attempt_last_bank_name,final_evaluation,BC CARD CO.,1,6.666666666666667e-05
attempt_last_bank_name,final_evaluation,UNITED COMMERCIAL BANK,1,6.666666666666667e-05
attempt_last_bank_name,final_evaluation,SAMPO PANKKI OYJ / SAMPO BANK PLC,1,6.666666666666667e-05
attempt_last_bank_name,final_evaluation,JSCB - BANK OF BAKU,1,6.666666666666667e-05
attempt_last_bank_name,final_evaluation,AUDI BANK,1,6.666666666666667e-05
attempt_last_bank_name,final_evaluation,"SUNCORP-METWAY, LTD.",1,6.666666666666667e-05
attempt_last_bank_name,final_evaluation,SOCIETE GENERALE TCHADIENNE DE BANQUE (SGTB),1,6.666666666666667e-05
attempt_last_bank_name,final_evaluation,"TARJETAS CUSCATlan, S.A.",1,6.666666666666667e-05
attempt_last_bank_name,final_evaluation,"BANCA ROMANA DE COMERT EXTERIOR, S.A.",1,6.666666666666667e-05
attempt_last_bank_name,final_evaluation,"BANKATlanTIC, F.S.B.",1,6.666666666666667e-05
attempt_last_bank_name,final_evaluation,"RBTT BANK, LTD.",1,6.666666666666667e-05
attempt_last_bank_name,final_evaluation,"BUY WAY PERSONAL FINANCE, S.A.",1,6.666666666666667e-05
attempt_last_bank_name,final_evaluation,UNICREDIT BULBANK A.D.,1,6.666666666666667e-05
attempt_last_bank_name,final_evaluation,PAYLIFE BANK GMBH,1,6.666666666666667e-05
attempt_last_bank_name,final_evaluation,TARJETAS DE ORO S.A. DE C.V.,1,6.666666666666667e-05
attempt_last_bank_name,final_evaluation,IQ C.U.,1,6.666666666666667e-05
attempt_last_bank_name,final_evaluation,"NORDEA BANK POLSKA, S.A.",1,6.666666666666667e-05
attempt_last_bank_name,final_evaluation,AEON CREDIT SERVICE (M) BERHAD,1,6.666666666666667e-05
attempt_last_bank_name,final_evaluation,VIVA PAYMENT SERVICES S.A.,1,6.666666666666667e-05
attempt_last_bank_name,final_evaluation,BANQUE LAURENTIENNE DU CANADA,1,6.666666666666667e-05
attempt_last_bank_name,final_evaluation,"TIRANA BANK, S.A.",1,6.666666666666667e-05
attempt_last_bank_name,final_evaluation,UNION FEDERAL BANK OF INDIANAPOLIS,1,6.666666666666667e-05
attempt_last_bank_name,final_evaluation,CURVE UK LIMITED,1,6.666666666666667e-05
attempt_last_bank_name,final_evaluation,BANCO PICHINCHA C.A.,1,6.666666666666667e-05
attempt_last_bank_name,final_evaluation,EQUITABLE PCI BANK,1,6.666666666666667e-05
attempt_last_bank_name,final_evaluation,UKRAINSKY PROMYSLOVY BANK LIMITED LIABILITY COMPANY,1,6.666666666666667e-05
attempt_last_bank_name,final_evaluation,GREATER NEVADA C.U.,1,6.666666666666667e-05
attempt_last_bank_name,final_evaluation,"JAMMU & KASHMIR BANK LTD., THE",1,6.666666666666667e-05
attempt_last_bank_name,final_evaluation,BANCO HSBC HONDURAS S.A. (BANCO HSBC S.A.),1,6.666666666666667e-05
attempt_last_bank_name,final_evaluation,OMNIAMERICAN F.C.U.,1,6.666666666666667e-05
attempt_last_bank_name,final_evaluation,BANCAR TECNOLOGIA CO SA COMPANIA DE FINANCIAMIENTO,1,6.666666666666667e-05
attempt_last_bank_name,final_evaluation,"ATE BANK ROMANIA, S.A.",1,6.666666666666667e-05
attempt_last_bank_name,final_evaluation,"CHINA GUANGFA BANK CO., LTD.",1,6.666666666666667e-05
attempt_last_bank_name,final_evaluation,"BANCO CONTINENTAL DE PANAMA, S.A.",1,6.666666666666667e-05
attempt_last_bank_name,final_evaluation,JSCB SLAVIANSKY BANK,1,6.666666666666667e-05
attempt_last_bank_name,final_evaluation,RAIFFEISEN BANK SH.A.,1,6.666666666666667e-05
attempt_last_bank_name,final_evaluation,"HONGKONG AND SHANGHAI BANKING CORPORATION, LTD.",1,6.666666666666667e-05
attempt_last_bank_name,final_evaluation,MKB BANK ZRT.,1,6.666666666666667e-05
attempt_last_bank_name,final_evaluation,BANK HAPOALIM B.M.,1,6.666666666666667e-05
attempt_last_bank_name,final_evaluation,"CARIBBEAN CREDIT CARD CORP., LTD.",1,6.666666666666667e-05
attempt_last_bank_name,final_evaluation,EUROCARD AB,1,6.666666666666667e-05
attempt_last_bank_name,final_evaluation,AEC MEXICO SA DE CV GSTAR CONS REVOLVE,1,6.666666666666667e-05
attempt_last_bank_name,final_evaluation,ITHAD BANK,1,6.666666666666667e-05
attempt_last_bank_name,final_evaluation,"BANCO AGROMERCANTIL DE GUATEMALA, S.A.",1,6.666666666666667e-05
attempt_last_bank_name,final_evaluation,HELLENIC BANK,1,6.666666666666667e-05
attempt_last_bank_name,final_evaluation,AUSTRALIA AND NEW ZEAlanD BANKING GROUP LTD. FREQUENT FLYER,1,6.666666666666667e-05
attempt_last_bank_name,final_evaluation,JSC ATF BANK,1,6.666666666666667e-05
attempt_last_bank_name,final_evaluation,COLLABRIA FINANCIAL SERVICES,1,6.666666666666667e-05
attempt_last_bank_name,final_evaluation,"MACEDONIA THRACE BANK, S.A.",1,6.666666666666667e-05
attempt_last_bank_name,final_evaluation,RICHlanD STATE BANK,1,6.666666666666667e-05
attempt_last_bank_name,final_evaluation,"PECUNIA CARDS E.D.E., S.L.U.",1,6.666666666666667e-05
attempt_last_bank_name,final_evaluation,COMMUNITY TRUST BANK OF TEXAS,1,6.666666666666667e-05
attempt_last_bank_name,final_evaluation,BANCO CREDITO INVERSIONES,1,6.666666666666667e-05
attempt_last_bank_name,final_evaluation,ALAHLI BANK OF KUWAIT (K.S.C.),1,6.666666666666667e-05
attempt_last_bank_name,final_evaluation,"FIA CARD SERVICES, NATIONAL ASSOCIATION (2)",1,6.666666666666667e-05
attempt_last_bank_name,final_evaluation,VIST BANK,1,6.666666666666667e-05
attempt_last_bank_name,final_evaluation,AB DNB NORD BANKAS,1,6.666666666666667e-05
attempt_last_bank_name,final_evaluation,AMERICAN EXPRESS COMPANY UK,1,6.666666666666667e-05
attempt_last_bank_name,final_evaluation,"BANCO MACRO BANSUD, S.A.",1,6.666666666666667e-05
attempt_last_bank_name,final_evaluation,FIRST ABU DHABI BANK PJSC,1,6.666666666666667e-05
attempt_last_bank_name,final_evaluation,"NIPPON SHINPAN CO., LTD.",1,6.666666666666667e-05
attempt_last_bank_name,final_evaluation,GE MONEY,1,6.666666666666667e-05
attempt_last_bank_name,final_evaluation,FIREFIGHTERS C.U.,1,6.666666666666667e-05
attempt_last_bank_name,final_evaluation,SAVINGS BANK OF MONGOLIA,1,6.666666666666667e-05
attempt_last_bank_name,final_evaluation,SEB VILNIAUS BANKAS AB,1,6.666666666666667e-05
attempt_last_bank_name,final_evaluation,HOME CREDIT BANK JSC,1,6.666666666666667e-05
attempt_last_bank_name,final_evaluation,VYSTAR C.U.,1,6.666666666666667e-05
attempt_last_bank_name,final_evaluation,ELEVATIONS C.U.,1,6.666666666666667e-05
attempt_last_bank_name,final_evaluation,"BANK MILlanNIUM, S.A.",1,6.666666666666667e-05
attempt_last_bank_name,final_evaluation,BANREGIO,1,6.666666666666667e-05
attempt_last_bank_name,final_evaluation,PALM DESERT NATIONAL BANK,1,6.666666666666667e-05
attempt_last_bank_name,final_evaluation,BANCO MERCANTIL FINASA S.A. - SAO PAULO,1,6.666666666666667e-05
attempt_last_bank_name,final_evaluation,"HSBC BANK AUSTRALIA, LTD.",1,6.666666666666667e-05
attempt_last_bank_name,final_evaluation,Diners Club Del Ecuador S.A.,1,6.666666666666667e-05
attempt_last_bank_name,final_evaluation,BANCO BRADESCO,1,6.666666666666667e-05
attempt_last_bank_name,final_evaluation,SAINT LUKE'S C.U.,1,6.666666666666667e-05
attempt_last_bank_name,final_evaluation,OJSC PROMSVYAZBANK,1,6.666666666666667e-05
attempt_last_bank_name,final_evaluation,SUNCOAST SCHOOLS F.C.U.,1,6.666666666666667e-05
attempt_last_bank_name,final_evaluation,BANK OF THE WEST,1,6.666666666666667e-05
attempt_last_bank_name,final_evaluation,SHANGHAI PUDONG DEVELOPMENT BANK,1,6.666666666666667e-05
attempt_last_bank_name,final_evaluation,WORKERS SAVINGS AND LOAN BANK,1,6.666666666666667e-05
attempt_last_bank_name,final_evaluation,TARJETAS BANAMEX S.A. DE C.V. SOFOM ENTIDAD REGULADA,1,6.666666666666667e-05
attempt_last_bank_name,final_evaluation,SIDNEY F.C.U.,1,6.666666666666667e-05
attempt_last_bank_name,final_evaluation,NATIONAL BANK OF RAS AL-KHAIMAH (RAKBANK),1,6.666666666666667e-05
attempt_last_bank_name,final_evaluation,BARCLAY BANK,1,6.666666666666667e-05
attempt_last_bank_name,final_evaluation,lanDESBANK BADEN-WUERTTEMBERG,1,6.666666666666667e-05
attempt_last_bank_name,final_evaluation,BANCO BILBAO VIZCAYA ARGENTARIA COLOMBIA S.A. BBVA COLOMBIA,1,6.666666666666667e-05
attempt_last_bank_name,final_evaluation,BANK OF NEVADA,1,6.666666666666667e-05
attempt_last_bank_name,historical_train,unknown,20496,0.3416
attempt_last_bank_name,historical_train,"JCB INTERNATIONAL CREDIT CARD CO., LTD.",2565,0.04275
attempt_last_bank_name,historical_train,VTB BANK OJSC,1374,0.0229
attempt_last_bank_name,historical_train,REVOLUT BANK UAB,1229,0.020483333333333333
attempt_last_bank_name,historical_train,WESTPAC BANKING CORPORATION,699,0.01165
attempt_last_bank_name,historical_train,CAJA DE AHORROS Y PENSIONES DE BARCElanA(LA CAIXA),695,0.011583333333333333
attempt_last_bank_name,historical_train,"JPMORGAN CHASE BANK, N.A.",587,0.009783333333333333
attempt_last_bank_name,historical_train,"CHASE BANK USA, N.A.",569,0.009483333333333333
attempt_last_bank_name,historical_train,KASPI BANK JSC,503,0.008383333333333333
attempt_last_bank_name,historical_train,"YES BANK, LTD.",490,0.008166666666666666
attempt_last_bank_name,historical_train,JSC UNIVERSAL BANK,435,0.00725
attempt_last_bank_name,historical_train,LA BANQUE POSTALE,381,0.00635
attempt_last_bank_name,historical_train,TURKIYE GARANTI BANKASI A. S.,353,0.005883333333333333
attempt_last_bank_name,historical_train,BANK OF AMERICA,347,0.005783333333333333
attempt_last_bank_name,historical_train,AMERICAN EXPRESS COMPANY,341,0.005683333333333334
attempt_last_bank_name,historical_train,"TELLER, A.S.",324,0.0054
attempt_last_bank_name,historical_train,MASTERCARD FRANCE S.A.S.,315,0.00525
attempt_last_bank_name,historical_train,"WELLS FARGO BANK, N.A.",310,0.005166666666666667
attempt_last_bank_name,historical_train,STANDARD CHARTERED BANK,293,0.004883333333333333
attempt_last_bank_name,historical_train,VTB BANK (KAZAKHSTAN) SUBSIDIARY JOINT STOCK COMPANY,289,0.004816666666666667
attempt_last_bank_name,historical_train,U.S. BANK N.A. ND,265,0.004416666666666667
attempt_last_bank_name,historical_train,"BANK OF AMERICA, N.A.",246,0.0041
attempt_last_bank_name,historical_train,COMMERCIAL BANK MASTER-BANK,237,0.00395
attempt_last_bank_name,historical_train,YORKSHIRE BANK,235,0.003916666666666666
attempt_last_bank_name,historical_train,"HONGKONG AND SHANGHAI BANKING CORP., LTD.",233,0.0038833333333333333
attempt_last_bank_name,historical_train,"HDFC BANK, LTD.",226,0.003766666666666667
attempt_last_bank_name,historical_train,NU PAGAMENTOS SA,221,0.003683333333333333
attempt_last_bank_name,historical_train,AMERICAN EXPRESS,219,0.00365
attempt_last_bank_name,historical_train,"BANCO ITAU, S.A.",217,0.0036166666666666665
attempt_last_bank_name,historical_train,"CARD SERVICES FOR CREDIT UNIONS, INC.",216,0.0036
attempt_last_bank_name,historical_train,AMERICAN EXPRESS US,204,0.0034
attempt_last_bank_name,historical_train,BANCO POPULAR DE PUERTO RICO,194,0.0032333333333333333
attempt_last_bank_name,historical_train,BARCLAYS BANK PLC,191,0.003183333333333333
attempt_last_bank_name,historical_train,SUNRATE PARTNERS UK LIMITED,184,0.0030666666666666668
attempt_last_bank_name,historical_train,WOORI BANK,184,0.0030666666666666668
attempt_last_bank_name,historical_train,"FIDELITY INFORMATION SERVICES, INC.",180,0.003
attempt_last_bank_name,historical_train,"CAPITAL ONE BANK (USA), N.A.",173,0.0028833333333333332
attempt_last_bank_name,historical_train,ZIRAAT BANKASI,171,0.00285
attempt_last_bank_name,historical_train,WIELKOPOLSKI BANK SPOLDZIELCZY,171,0.00285
attempt_last_bank_name,historical_train,COMMONWEALTH BANK OF AUSTRALIA,166,0.002766666666666667
attempt_last_bank_name,historical_train,TARJETAS UNISOLUCIONES S.A. DE C.V.,164,0.0027333333333333333
attempt_last_bank_name,historical_train,SUTTON BANK,154,0.0025666666666666667
attempt_last_bank_name,historical_train,TORONTO-DOMINION BANK,151,0.0025166666666666666
attempt_last_bank_name,historical_train,ZUNO BANK AG,147,0.00245
attempt_last_bank_name,historical_train,"BANCOLOMBIA, S.A.",146,0.0024333333333333334
attempt_last_bank_name,historical_train,CAIXABANK S.A.,145,0.002416666666666667
attempt_last_bank_name,historical_train,"REVOLUT, LTD.",138,0.0023
attempt_last_bank_name,historical_train,ROYAL BANK OF CANADA,137,0.0022833333333333334
attempt_last_bank_name,historical_train,"SHINHAN CARD CO., LTD.",136,0.002266666666666667
attempt_last_bank_name,historical_train,JSC BANK KYRGYZSTAN,135,0.00225
attempt_last_bank_name,historical_train,"BANCO DE ORO UNIBANK, INC.",132,0.0022
attempt_last_bank_name,historical_train,POSTE ITALIANE,129,0.00215
attempt_last_bank_name,historical_train,METABANK,129,0.00215
attempt_last_bank_name,historical_train,CANADIAN IMPERIAL BANK OF COMMERCE,127,0.002116666666666667
attempt_last_bank_name,historical_train,"UNO-E BANK, S.A.",126,0.0021
attempt_last_bank_name,historical_train,AMERICAN EXPRESS US CONSUMER,126,0.0021
attempt_last_bank_name,historical_train,"BOC CREDIT CARD (INTERNATIONAL), LTD.",125,0.0020833333333333333
attempt_last_bank_name,historical_train,HANSEATIC BANK GMBH AND CO KG,123,0.00205
attempt_last_bank_name,historical_train,BNP PARIBAS,121,0.0020166666666666666
attempt_last_bank_name,historical_train,"BC CARD CO., LTD.",120,0.002
attempt_last_bank_name,historical_train,"U.S. BANK, N.A.",120,0.002
attempt_last_bank_name,historical_train,"YAPI VE KREDI BANKASI, A.S.",119,0.0019833333333333335
attempt_last_bank_name,historical_train,ROCKY MOUNTAIN BANKCARD SYSTEM INC.,119,0.0019833333333333335
attempt_last_bank_name,historical_train,"BANCO ITAUCARD, S.A.",118,0.0019666666666666665
attempt_last_bank_name,historical_train,"BANCO CITICARD, S.A.",117,0.00195
attempt_last_bank_name,historical_train,OJSC BANK URALSIB,116,0.0019333333333333333
attempt_last_bank_name,historical_train,"TURKIYE IS BANKASI, A.S.",114,0.0019
attempt_last_bank_name,historical_train,CB PRIVATBANK,112,0.0018666666666666666
attempt_last_bank_name,historical_train,"SOCIETE GENERALE, S.A.",112,0.0018666666666666666
attempt_last_bank_name,historical_train,LLOYDS TSB BANK PLC,112,0.0018666666666666666
attempt_last_bank_name,historical_train,"ITAU UNIBANCO, S.A.",111,0.00185
attempt_last_bank_name,historical_train,DEUTSCHER SPARKASSEN UND GIROVERBAND,110,0.0018333333333333333
attempt_last_bank_name,historical_train,BANK OF MONTREAL,107,0.0017833333333333334
attempt_last_bank_name,historical_train,WIRECARD BANK AG,105,0.00175
attempt_last_bank_name,historical_train,VIETNAM-ASIA COMMERCIAL JSB,104,0.0017333333333333333
attempt_last_bank_name,historical_train,"BANCO SANTANDER, S.A.",104,0.0017333333333333333
attempt_last_bank_name,historical_train,"CHASE MANHATTAN BANK USA, N.A.",101,0.0016833333333333333
attempt_last_bank_name,historical_train,"SILVERTON BANK, N.A.",101,0.0016833333333333333
attempt_last_bank_name,historical_train,CITIBANK,101,0.0016833333333333333
attempt_last_bank_name,historical_train,"UNITED BANK, LTD.",99,0.00165
attempt_last_bank_name,historical_train,DZ BANK AG,99,0.00165
attempt_last_bank_name,historical_train,"WING HANG BANK, LTD.",96,0.0016
attempt_last_bank_name,historical_train,EUROPAY FRANCE SAS,96,0.0016
attempt_last_bank_name,historical_train,"MBNA AMERICA BANK, N.A.",93,0.00155
attempt_last_bank_name,historical_train,AKBANK T.A.S.,92,0.0015333333333333334
attempt_last_bank_name,historical_train,BANK OF NOVA SCOTIA,88,0.0014666666666666667
attempt_last_bank_name,historical_train,"CITIBANK, N.A.",88,0.0014666666666666667
attempt_last_bank_name,historical_train,"ICICI BANK, LTD.",88,0.0014666666666666667
attempt_last_bank_name,historical_train,"ING BANK, N.V.",87,0.00145
attempt_last_bank_name,historical_train,BRE BANK SPOLKA AKCYJNA,85,0.0014166666666666668
attempt_last_bank_name,historical_train,"MIDWEST PAYMENT SYSTEMS, INC.",84,0.0014
attempt_last_bank_name,historical_train,"CONAVI BANCO COMERCIAL Y DE AHORROS, S.A.",83,0.0013833333333333334
attempt_last_bank_name,historical_train,SOCIETE GENERALE,83,0.0013833333333333334
attempt_last_bank_name,historical_train,EMIRATES NBD,82,0.0013666666666666666
attempt_last_bank_name,historical_train,BAC SAN JOSE,79,0.0013166666666666667
attempt_last_bank_name,historical_train,FIFTH THIRD BANK,78,0.0013
attempt_last_bank_name,historical_train,BANK OF HAWAII,78,0.0013
attempt_last_bank_name,historical_train,JSC BANK OF GEORGIA,77,0.0012833333333333334
attempt_last_bank_name,historical_train,METROPOLITAN BANK AND TRUST COMPANY,76,0.0012666666666666666
attempt_last_bank_name,historical_train,NORWEST BANK IOWA N.A.,76,0.0012666666666666666
attempt_last_bank_name,historical_train,BRANCH BANKING AND TRUST COMPANY,76,0.0012666666666666666
attempt_last_bank_name,historical_train,BANCO POPOLARE SOCIETA COOPERATIVA,76,0.0012666666666666666
attempt_last_bank_name,historical_train,TRADE REPUBLIC BANK GMBH,75,0.00125
attempt_last_bank_name,historical_train,THE TORONTO-DOMINION BANK,75,0.00125
attempt_last_bank_name,historical_train,"PNC BANK, N.A.",75,0.00125
attempt_last_bank_name,historical_train,BANCO BILBAO VIZCAYA ARGENTARIA S.A. (BBVA),74,0.0012333333333333332
attempt_last_bank_name,historical_train,ZHELDORBANK JSB,74,0.0012333333333333332
attempt_last_bank_name,historical_train,"WISE PAYMENTS, LTD.",74,0.0012333333333333332
attempt_last_bank_name,historical_train,"CHINA MINSHENG BANKING CORP., LTD.",73,0.0012166666666666667
attempt_last_bank_name,historical_train,BANCO DE CREDITO DEL PERU,73,0.0012166666666666667
attempt_last_bank_name,historical_train,CORPORATE COMMERCIAL BANK A.D.,73,0.0012166666666666667
attempt_last_bank_name,historical_train,MASHREQBANK,71,0.0011833333333333333
attempt_last_bank_name,historical_train,"ISRAEL CREDIT CARDS, LTD.",71,0.0011833333333333333
attempt_last_bank_name,historical_train,NATIONAL WESTMINSTER BANK PLC,70,0.0011666666666666668
attempt_last_bank_name,historical_train,DEUTSCHER SPARKASSEN- UND GIROVERBAND,69,0.00115
attempt_last_bank_name,historical_train,"ING BANK SLASKI, S.A.",69,0.00115
attempt_last_bank_name,historical_train,USAA FEDERAL SAVINGS BANK,68,0.0011333333333333334
attempt_last_bank_name,historical_train,FIRST DATA CORPORATION,67,0.0011166666666666666
attempt_last_bank_name,historical_train,"SERVIRED, SOCIEDAD ESPANOLA DE MEDIOS DE PAGO, S.A.",67,0.0011166666666666666
attempt_last_bank_name,historical_train,"CREDIT AGRICOLE, S.A.",66,0.0011
attempt_last_bank_name,historical_train,COMMERCIAL BANK PRIVATBANK,65,0.0010833333333333333
attempt_last_bank_name,historical_train,BANCO AZTECA S.A. INSTITUCION DE BANCA MULTIPLE,65,0.0010833333333333333
attempt_last_bank_name,historical_train,GARANTI,65,0.0010833333333333333
attempt_last_bank_name,historical_train,MBNA CANADA BANK,64,0.0010666666666666667
attempt_last_bank_name,historical_train,NATIONAL BANK FOR FOREIGN ECONOMIC ACTIVITY OF THE REPUBLIC OF UZBEKISTAN,64,0.0010666666666666667
attempt_last_bank_name,historical_train,OJSC UNICREDIT BANK,64,0.0010666666666666667
attempt_last_bank_name,historical_train,HSBC - BESTBUY,63,0.00105
attempt_last_bank_name,historical_train,RBC ROYAL BANK OF CANADA,63,0.00105
attempt_last_bank_name,historical_train,WAL-MART CANADA BANK,63,0.00105
attempt_last_bank_name,historical_train,METROBANK CARD CORPORATION (A FINANCE COMPANY),63,0.00105
attempt_last_bank_name,historical_train,WELLS FARGO,62,0.0010333333333333334
attempt_last_bank_name,historical_train,"HSBC BANK NEVADA, N.A.",62,0.0010333333333333334
attempt_last_bank_name,historical_train,JSCB KAPITALBANK,61,0.0010166666666666666
attempt_last_bank_name,historical_train,CHASE,61,0.0010166666666666666
attempt_last_bank_name,historical_train,KAZKOMMERTSBANK,60,0.001
attempt_last_bank_name,historical_train,TD CANADA TRUST,59,0.0009833333333333332
attempt_last_bank_name,historical_train,"FINANSBANK, A.S.",59,0.0009833333333333332
attempt_last_bank_name,historical_train,RENESSANS BANK,58,0.0009666666666666667
attempt_last_bank_name,historical_train,BANK LEUMI LE-ISRAEL B.M.,58,0.0009666666666666667
attempt_last_bank_name,historical_train,"CAIXA D'ESTALVIS UNIO DE CAIXES DE MANLLEU, SABADELL Y TERRA",58,0.0009666666666666667
attempt_last_bank_name,historical_train,"HYUNDAICARD CO., LTD.",58,0.0009666666666666667
attempt_last_bank_name,historical_train,"EUROPAY NORGE, A.S.",57,0.00095
attempt_last_bank_name,historical_train,EMPOWER F.C.U.,57,0.00095
attempt_last_bank_name,historical_train,CREDIT LIBANAIS S.A.L.,56,0.0009333333333333333
attempt_last_bank_name,historical_train,DISCOVER,56,0.0009333333333333333
attempt_last_bank_name,historical_train,"SAMSUNG CARD CO., LTD.",55,0.0009166666666666666
attempt_last_bank_name,historical_train,SERVICES C.U.,54,0.0009
attempt_last_bank_name,historical_train,"FIA CARD SERVICES, N.A.",54,0.0009
attempt_last_bank_name,historical_train,"BANCO NACIONAL DE MEXICO, S.A.",54,0.0009
attempt_last_bank_name,historical_train,"NATIONAL AUSTRALIA BANK, LTD.",53,0.0008833333333333333
attempt_last_bank_name,historical_train,LA POSTE,53,0.0008833333333333333
attempt_last_bank_name,historical_train,BOURSORAMA BANQUE,53,0.0008833333333333333
attempt_last_bank_name,historical_train,HSBC BANK,53,0.0008833333333333333
attempt_last_bank_name,historical_train,"MITSUBISHI UFJ NICOS CO., LTD.",53,0.0008833333333333333
attempt_last_bank_name,historical_train,CAISSE NATIONALE DES CAISSES D'EPARGNE (CNCE),52,0.0008666666666666666
attempt_last_bank_name,historical_train,INTESA SANPAOLO S.P.A.,52,0.0008666666666666666
attempt_last_bank_name,historical_train,"U.S. BANK NATIONAL ASSOCIATION, ND",49,0.0008166666666666667
attempt_last_bank_name,historical_train,PRIORBANK JSCB,49,0.0008166666666666667
attempt_last_bank_name,historical_train,"VINCENTO PAYMENT SOLUTIONS, LTD.",49,0.0008166666666666667
attempt_last_bank_name,historical_train,"FIRST GULF BANK, N.A.",49,0.0008166666666666667
attempt_last_bank_name,historical_train,CHINA MERCHANTS BANK,49,0.0008166666666666667
attempt_last_bank_name,historical_train,INTERNATIONAL CARD SERVICES BV,49,0.0008166666666666667
attempt_last_bank_name,historical_train,TAMARA BANK,49,0.0008166666666666667
attempt_last_bank_name,historical_train,"CREDIT SAISON CO., LTD.",48,0.0008
attempt_last_bank_name,historical_train,CREDIT LYONNAIS,47,0.0007833333333333334
attempt_last_bank_name,historical_train,ROYAL BANK OF SCOTlanD,47,0.0007833333333333334
attempt_last_bank_name,historical_train,FORT BELVOIR F.C.U.,46,0.0007666666666666667
attempt_last_bank_name,historical_train,CJSC AMI-BANK,46,0.0007666666666666667
attempt_last_bank_name,historical_train,JACK HENRY AND ASSOCIATES,46,0.0007666666666666667
attempt_last_bank_name,historical_train,THE BANK OF NOVA SCOTIA,46,0.0007666666666666667
attempt_last_bank_name,historical_train,"TD BANK, N.A.",46,0.0007666666666666667
attempt_last_bank_name,historical_train,TOJIKSODIROTBONK JSC,46,0.0007666666666666667
attempt_last_bank_name,historical_train,TTCU FEDERAL CREDIT UNION,45,0.00075
attempt_last_bank_name,historical_train,QNB BANK A.¿,44,0.0007333333333333333
attempt_last_bank_name,historical_train,M AND I (MARSHALL AND ILSLEY) BANK,43,0.0007166666666666667
attempt_last_bank_name,historical_train,"UNITED OVERSEAS BANK, LTD.",43,0.0007166666666666667
attempt_last_bank_name,historical_train,"SUMITOMO MITSUI CARD CO., LTD.",43,0.0007166666666666667
attempt_last_bank_name,historical_train,"AXIS BANK, LTD.",43,0.0007166666666666667
attempt_last_bank_name,historical_train,"UNITED BULGARIAN BANK, LTD.",43,0.0007166666666666667
attempt_last_bank_name,historical_train,NATIONAL BANK OF ABU DHABI,42,0.0007
attempt_last_bank_name,historical_train,"DC CARD CO., LTD.",42,0.0007
attempt_last_bank_name,historical_train,BANK MILlanNIUM SPOLKA AKCYJNA,42,0.0007
attempt_last_bank_name,historical_train,PSA PAYMENT SERVICES AUSTRIA GMBH,42,0.0007
attempt_last_bank_name,historical_train,EURO KARTENSYSTEME GMBH,42,0.0007
attempt_last_bank_name,historical_train,"UNITED BANK, S.A.E.",42,0.0007
attempt_last_bank_name,historical_train,NOVA KBM,42,0.0007
attempt_last_bank_name,historical_train,"ADVANZIA BANK, S.A.",42,0.0007
attempt_last_bank_name,historical_train,"BANCO NACIONAL DE CREDITO, C.A.",41,0.0006833333333333333
attempt_last_bank_name,historical_train,ABBEY NATIONAL PLC,41,0.0006833333333333333
attempt_last_bank_name,historical_train,COMMERCIAL INTERNATIONAL BANK (EGYPT) S.A.E.,41,0.0006833333333333333
attempt_last_bank_name,historical_train,BANK CENTER CREDIT,41,0.0006833333333333333
attempt_last_bank_name,historical_train,BANK OF THE PHILIPPINE ISLANDS,41,0.0006833333333333333
attempt_last_bank_name,historical_train,"VISA ARGENTINA, S.A.",40,0.0006666666666666666
attempt_last_bank_name,historical_train,"BANCO SABADELL, S.A.",40,0.0006666666666666666
attempt_last_bank_name,historical_train,PT. BANK CENTRAL ASIA TBK,40,0.0006666666666666666
attempt_last_bank_name,historical_train,"T.C. ZIRAAT BANKASI, A.S.",40,0.0006666666666666666
attempt_last_bank_name,historical_train,POSTE ITALIANE S.P.A. (BANCO POSTA),39,0.00065
attempt_last_bank_name,historical_train,INTESA SANPAOLO,39,0.00065
attempt_last_bank_name,historical_train,POWSZECHNY BANK KREDYTOWY SA W WARSZAWIE,39,0.00065
attempt_last_bank_name,historical_train,UNITED OVERSEAS BANK PHILIPPINES,39,0.00065
attempt_last_bank_name,historical_train,"KB KOOKMIN CARD CO., LTD.",38,0.0006333333333333333
attempt_last_bank_name,historical_train,HALIFAX,38,0.0006333333333333333
attempt_last_bank_name,historical_train,"SWEDBANK, A.S.",38,0.0006333333333333333
attempt_last_bank_name,historical_train,COMERICA BANK,37,0.0006166666666666666
attempt_last_bank_name,historical_train,SCOTIABANK SUD AMERICANO,37,0.0006166666666666666
attempt_last_bank_name,historical_train,BANK OF THE PHILIPPINE Islands,37,0.0006166666666666666
attempt_last_bank_name,historical_train,HSBC BANK MALAYSIA BERHAD,37,0.0006166666666666666
attempt_last_bank_name,historical_train,BANQUE FEDERATIVE DU CREDIT MUTUEL (BFCM),37,0.0006166666666666666
attempt_last_bank_name,historical_train,KOOKMIN BANK,36,0.0006
attempt_last_bank_name,historical_train,"FIRST USA BANK, N.A.",36,0.0006
attempt_last_bank_name,historical_train,STARLING BANK LIMITED,36,0.0006
attempt_last_bank_name,historical_train,"BANK ZACHODNI WBK, S.A.",36,0.0006
attempt_last_bank_name,historical_train,NAVY F.C.U.,36,0.0006
attempt_last_bank_name,historical_train,"VIA CARD (THAIlanD) CO., LTD.",35,0.0005833333333333334
attempt_last_bank_name,historical_train,CREDIT INDUSTRIEL ET COMMERCIAL,35,0.0005833333333333334
attempt_last_bank_name,historical_train,JSC TBC BANK,35,0.0005833333333333334
attempt_last_bank_name,historical_train,"EUROPAY (EUROCARD) ISRAEL, LTD.",35,0.0005833333333333334
attempt_last_bank_name,historical_train,"CESKA SPORITELNA, A.S (CZECH SAVINGS BANK)",35,0.0005833333333333334
attempt_last_bank_name,historical_train,WGZ BANK AG WESTDEUTSCHE GENOSSENSCHAFTS-ZENTRALBANK,34,0.0005666666666666667
attempt_last_bank_name,historical_train,"BANCO BILBAO VIZCAYA ARGENTARIA, S.A.",33,0.00055
attempt_last_bank_name,historical_train,JS INNOVATION CB IPAK YULI,32,0.0005333333333333334
attempt_last_bank_name,historical_train,"MERCANTILE DISCOUNT BANK, LTD.",32,0.0005333333333333334
attempt_last_bank_name,historical_train,HSBC BANK PLC,32,0.0005333333333333334
attempt_last_bank_name,historical_train,"RAIFFEISENBANK A.D., BEOGRAD",32,0.0005333333333333334
attempt_last_bank_name,historical_train,STANDARD CHARTERED,32,0.0005333333333333334
attempt_last_bank_name,historical_train,SUPER FLYERS,32,0.0005333333333333334
attempt_last_bank_name,historical_train,JOINT STOCK POST-PENSION BANK AVAL,32,0.0005333333333333334
attempt_last_bank_name,historical_train,FIRST ARKANSAS BANK AND TRUST,31,0.0005166666666666667
attempt_last_bank_name,historical_train,WASHINGTON MUTUAL,31,0.0005166666666666667
attempt_last_bank_name,historical_train,UNICREDIT S.P.A.,31,0.0005166666666666667
attempt_last_bank_name,historical_train,UNITED SAUDI COMMERCIAL BANK,31,0.0005166666666666667
attempt_last_bank_name,historical_train,"MASTERCAJAS, S.A.",31,0.0005166666666666667
attempt_last_bank_name,historical_train,E*TRADE BANK,31,0.0005166666666666667
attempt_last_bank_name,historical_train,EUROPAY BELGIUM S.C.R.L.,30,0.0005
attempt_last_bank_name,historical_train,"BANCO DO BRASIL, S.A.",30,0.0005
attempt_last_bank_name,historical_train,"RAKUTEN KC CO., LTD.",30,0.0005
attempt_last_bank_name,historical_train,TURKIYE VAKIFLAR BANKASI T.A.O.,30,0.0005
attempt_last_bank_name,historical_train,"FIRST TENNESSEE BANK, N.A.",30,0.0005
attempt_last_bank_name,historical_train,CAPITAL ONE BANK (CANADA BRANCH),30,0.0005
attempt_last_bank_name,historical_train,HANA BANK,30,0.0005
attempt_last_bank_name,historical_train,WESTERN CAPITAL BANK,29,0.00048333333333333334
attempt_last_bank_name,historical_train,OAK TRUST C.U.,29,0.00048333333333333334
attempt_last_bank_name,historical_train,BLC BANK S.A.L.,29,0.00048333333333333334
attempt_last_bank_name,historical_train,"BANCA TRANSILVANIA, S.A.",29,0.00048333333333333334
attempt_last_bank_name,historical_train,SUNTRUST BANK,29,0.00048333333333333334
attempt_last_bank_name,historical_train,BANK OF BARODA,29,0.00048333333333333334
attempt_last_bank_name,historical_train,"NATIONAL BANK OF KUWAIT, S.A.K.",29,0.00048333333333333334
attempt_last_bank_name,historical_train,BANCO ESPANOL DE CREDITO,29,0.00048333333333333334
attempt_last_bank_name,historical_train,"TATRA BANKA, A.S.",29,0.00048333333333333334
attempt_last_bank_name,historical_train,DZ BANK AG DEUTSCHE ZENTRAL- GENOSSENSCHAFTSBANK,29,0.00048333333333333334
attempt_last_bank_name,historical_train,"BANCO INDUSTRIAL E COMERCIAL, S.A.",29,0.00048333333333333334
attempt_last_bank_name,historical_train,"CITIBANK (SOUTH DAKOTA), N.A.",29,0.00048333333333333334
attempt_last_bank_name,historical_train,"DBS BANK, LTD.",29,0.00048333333333333334
attempt_last_bank_name,historical_train,"CITIBANK, N.A.- COSTCO",28,0.00046666666666666666
attempt_last_bank_name,historical_train,VISALUX S.C.,28,0.00046666666666666666
attempt_last_bank_name,historical_train,"KUVEYT TURK KATILIM BANKASI, A.S.",28,0.00046666666666666666
attempt_last_bank_name,historical_train,JORDAN NATIONAL BANK PLC,28,0.00046666666666666666
attempt_last_bank_name,historical_train,REGIONS BANK,28,0.00046666666666666666
attempt_last_bank_name,historical_train,"CU ELECTRONIC TRANSACTION SERVICES, INC.",28,0.00046666666666666666
attempt_last_bank_name,historical_train,CLYDESDALE BANK PLC,28,0.00046666666666666666
attempt_last_bank_name,historical_train,LA FEDERATION DES CAISSES DESJARDINS DU QUEBEC,28,0.00046666666666666666
attempt_last_bank_name,historical_train,AMEX GERMANY GLOBESTAR CHARGE,28,0.00046666666666666666
attempt_last_bank_name,historical_train,OTP BANKA D.D.,27,0.00045
attempt_last_bank_name,historical_train,STAMFORD F.C.U.,27,0.00045
attempt_last_bank_name,historical_train,HDFC BANK LIMITED,27,0.00045
attempt_last_bank_name,historical_train,NATIONAL BANK OF EGYPT,27,0.00045
attempt_last_bank_name,historical_train,EMIRATES NBD BANK (P.J.S.C.),27,0.00045
attempt_last_bank_name,historical_train,UZPROMSTROYBANK UZBEK JSC INDUSTRIAL AND CONSTRUCTION BANK,26,0.0004333333333333333
attempt_last_bank_name,historical_train,"CAPITEC BANK, LTD.",26,0.0004333333333333333
attempt_last_bank_name,historical_train,SAUDI CAIRO BANK,26,0.0004333333333333333
attempt_last_bank_name,historical_train,INTERBANK - BANCO INTERNACIONAL DEL PERU,26,0.0004333333333333333
attempt_last_bank_name,historical_train,AL RAJHI BANKING AND INVESTMENT CORP.,26,0.0004333333333333333
attempt_last_bank_name,historical_train,"STAR PROCESSING, INC.",26,0.0004333333333333333
attempt_last_bank_name,historical_train,"FEDERAL BANK, LTD.",26,0.0004333333333333333
attempt_last_bank_name,historical_train,"FIRSTRAND BANK, LTD.",25,0.0004166666666666667
attempt_last_bank_name,historical_train,"SUMITOMO MITSUI CARD COMPANY, LTD.",25,0.0004166666666666667
attempt_last_bank_name,historical_train,CREDIT MOSCOW BANK,25,0.0004166666666666667
attempt_last_bank_name,historical_train,"FISERV SOLUTIONS, INC.",25,0.0004166666666666667
attempt_last_bank_name,historical_train,ICICI,25,0.0004166666666666667
attempt_last_bank_name,historical_train,CREDIT IMMOBILIER ET HOTELIER,25,0.0004166666666666667
attempt_last_bank_name,historical_train,"HANASK CARD CO., LTD.",24,0.0004
attempt_last_bank_name,historical_train,BANCOLOMBIA,24,0.0004
attempt_last_bank_name,historical_train,VISA COLOMBIA,24,0.0004
attempt_last_bank_name,historical_train,"UNITED OVERSEAS BANK(THAI)PUBLIC CO., LTD.",24,0.0004
attempt_last_bank_name,historical_train,"CAIXA GERAL DE DEPOSITOS, S.A.",24,0.0004
attempt_last_bank_name,historical_train,CENTURION,24,0.0004
attempt_last_bank_name,historical_train,INTESA SAN PAOLO,24,0.0004
attempt_last_bank_name,historical_train,BANCO DE BOGOTA,24,0.0004
attempt_last_bank_name,historical_train,PT. BANK CENTRAL ASIA,24,0.0004
attempt_last_bank_name,historical_train,UNITED OVERSEAS BANK (MALAYSIA) BHD,24,0.0004
attempt_last_bank_name,historical_train,VTB BANK (ARMENIA) CJSC,23,0.00038333333333333334
attempt_last_bank_name,historical_train,ITHMAAR BANK B.S.C.,23,0.00038333333333333334
attempt_last_bank_name,historical_train,KOREA EXCHANGE BANK,23,0.00038333333333333334
attempt_last_bank_name,historical_train,BANCORP BANK,23,0.00038333333333333334
attempt_last_bank_name,historical_train,"ANZ NATIONAL BANK, LTD.",23,0.00038333333333333334
attempt_last_bank_name,historical_train,ZEPTER BANKA A.D.,23,0.00038333333333333334
attempt_last_bank_name,historical_train,"UNIBANK, LTD.",23,0.00038333333333333334
attempt_last_bank_name,historical_train,WOODFOREST NATIONAL BANK,23,0.00038333333333333334
attempt_last_bank_name,historical_train,"UNIBANCO - UNIAO DE BANCOS BRASILEIROS, S.A.",23,0.00038333333333333334
attempt_last_bank_name,historical_train,"WELLS FARGO BANK NEVADA, N.A.",23,0.00038333333333333334
attempt_last_bank_name,historical_train,"ARGENCARD, S.A.",23,0.00038333333333333334
attempt_last_bank_name,historical_train,VIETNAM EXPORT IMPORT COMMERCIAL JSB,23,0.00038333333333333334
attempt_last_bank_name,historical_train,"BANCO DE CREDITO BALEAR, S.A.",23,0.00038333333333333334
attempt_last_bank_name,historical_train,VILNIAUS BANKAS,22,0.00036666666666666667
attempt_last_bank_name,historical_train,CHINA CONSTRUCTION BANK CORPORATION,22,0.00036666666666666667
attempt_last_bank_name,historical_train,MILITARY COMMERCIAL JSB,22,0.00036666666666666667
attempt_last_bank_name,historical_train,VSB INTERNATIONAL B.V.,22,0.00036666666666666667
attempt_last_bank_name,historical_train,"UNICARD BANCO MULTIPLO, S.A.",22,0.00036666666666666667
attempt_last_bank_name,historical_train,"BANCO COMERCIAL PORTUGUES, S.A.",22,0.00036666666666666667
attempt_last_bank_name,historical_train,"ABSA GROUP, LTD.",22,0.00036666666666666667
attempt_last_bank_name,historical_train,ARMENIAN CARD CJSC,22,0.00036666666666666667
attempt_last_bank_name,historical_train,MALAYAN BANKING BERHAD,22,0.00036666666666666667
attempt_last_bank_name,historical_train,ARAB BANK PLC,22,0.00036666666666666667
attempt_last_bank_name,historical_train,CORP BANCA,22,0.00036666666666666667
attempt_last_bank_name,historical_train,ANELIK BANK CJSC,21,0.00035
attempt_last_bank_name,historical_train,"OVERSEA-CHINESE BANKING CORP., LTD.",21,0.00035
attempt_last_bank_name,historical_train,"BANCO COOPERATIVO ESPANOL, S.A.",21,0.00035
attempt_last_bank_name,historical_train,"BANCO PICHINCHA, C.A.",21,0.00035
attempt_last_bank_name,historical_train,FIRST NATIONAL BANK IN MENA,21,0.00035
attempt_last_bank_name,historical_train,"UTI BANK, LTD.",21,0.00035
attempt_last_bank_name,historical_train,CATHAY UNITED BANK,21,0.00035
attempt_last_bank_name,historical_train,NATIONAL AGRICULTURAL COOPERATIVE FEDERATION,21,0.00035
attempt_last_bank_name,historical_train,COMMERCIAL BANK OF CEYlan PLC,21,0.00035
attempt_last_bank_name,historical_train,THE BANK OF GEORGIA,21,0.00035
attempt_last_bank_name,historical_train,"AUSTRALIA AND NEW ZEAlanD BANKING GROUP, LTD.",21,0.00035
attempt_last_bank_name,historical_train,ASIA COMMERCIAL BANK,21,0.00035
attempt_last_bank_name,historical_train,"WACHOVIA BANK, N.A.",21,0.00035
attempt_last_bank_name,historical_train,ITS BANK,21,0.00035
attempt_last_bank_name,historical_train,"BANK OF WESTERN AUSTRALIA, LTD.",21,0.00035
attempt_last_bank_name,historical_train,FIRST GULF BANK PJSC,20,0.0003333333333333333
attempt_last_bank_name,historical_train,CARTASI S.P.A.,20,0.0003333333333333333
attempt_last_bank_name,historical_train,JAL MILEAGE BANK,20,0.0003333333333333333
attempt_last_bank_name,historical_train,"RBS CITIZENS, N.A.",20,0.0003333333333333333
attempt_last_bank_name,historical_train,CHINATRUST COMMERCIAL BANK,20,0.0003333333333333333
attempt_last_bank_name,historical_train,PRESIDENTS CHOICE BANK,20,0.0003333333333333333
attempt_last_bank_name,historical_train,RIZAL COMMERCIAL BANKING CORPORATION,20,0.0003333333333333333
attempt_last_bank_name,historical_train,"WING lanG BANK, LTD.",20,0.0003333333333333333
attempt_last_bank_name,historical_train,BELCO COMMUNITY C.U.,20,0.0003333333333333333
attempt_last_bank_name,historical_train,"KRUNGTHAI CARD PUBLIC CO., LTD.",19,0.00031666666666666665
attempt_last_bank_name,historical_train,PJSC IMEXBANK,19,0.00031666666666666665
attempt_last_bank_name,historical_train,"STANDARD BANK OF SOUTH AFRICA, LTD.",19,0.00031666666666666665
attempt_last_bank_name,historical_train,JS SAVINGS BANK BELARUSBANK,19,0.00031666666666666665
attempt_last_bank_name,historical_train,FIRST PREMIER BANK,19,0.00031666666666666665
attempt_last_bank_name,historical_train,"FIFTH THIRD PROCESSING SOLUTIONS, INC.",19,0.00031666666666666665
attempt_last_bank_name,historical_train,"CB MOLDOVA-AGROINDBANK, S.A.",19,0.00031666666666666665
attempt_last_bank_name,historical_train,BANCO DE CREDITO E INVERSIONES,19,0.00031666666666666665
attempt_last_bank_name,historical_train,"VISECA CARD SERVICES, S.A.",19,0.00031666666666666665
attempt_last_bank_name,historical_train,"SLOVENSKA SPORITELNA, A.S.",19,0.00031666666666666665
attempt_last_bank_name,historical_train,"EXTRACO BANKS, N.A.",19,0.00031666666666666665
attempt_last_bank_name,historical_train,INLUX (NETHERlanDS) BV,19,0.00031666666666666665
attempt_last_bank_name,historical_train,ABU DHABI ISLAMIC BANK,19,0.00031666666666666665
attempt_last_bank_name,historical_train,UBS AG,19,0.00031666666666666665
attempt_last_bank_name,historical_train,CREDOMATIC DE MEXICO S.A. DE C.V.,19,0.00031666666666666665
attempt_last_bank_name,historical_train,CU COOPERATIVE SYSTEMS,19,0.00031666666666666665
attempt_last_bank_name,historical_train,CJSC AKTSENT BANK,19,0.00031666666666666665
attempt_last_bank_name,historical_train,"NEDBANK, LTD.",18,0.0003
attempt_last_bank_name,historical_train,STATE EMPLOYEES' C.U.,18,0.0003
attempt_last_bank_name,historical_train,"ST. GEORGE BANK, LTD.",18,0.0003
attempt_last_bank_name,historical_train,BANCO SANTANDER CHILE,18,0.0003
attempt_last_bank_name,historical_train,"PIRAEUS BANK, S.A.",18,0.0003
attempt_last_bank_name,historical_train,VISA JORDAN CARD SERVICES,18,0.0003
attempt_last_bank_name,historical_train,DEUTSCHE BANK AG,18,0.0003
attempt_last_bank_name,historical_train,GOLDMAN SACHS BANK USA,18,0.0003
attempt_last_bank_name,historical_train,"KOKUNAI SHINPAN CO., LTD.",18,0.0003
attempt_last_bank_name,historical_train,"CORNER BANCA, S.A.",18,0.0003
attempt_last_bank_name,historical_train,"KEYBANK, N.A.",18,0.0003
attempt_last_bank_name,historical_train,"BANCO MERCANTIL DElanORTE S.A.., INSTITUCISN DE BANCA MZLTIP",18,0.0003
attempt_last_bank_name,historical_train,STATE BANK OF INDIA,18,0.0003
attempt_last_bank_name,historical_train,OTP BANK PLC,18,0.0003
attempt_last_bank_name,historical_train,"NATIONAL BANK OF GREECE, S.A.",18,0.0003
attempt_last_bank_name,historical_train,PROVINCE OF CHINA[A] (COUNTRY CODE: TWN),18,0.0003
attempt_last_bank_name,historical_train,IBERCAJA (CAJA DE AHORROS Y MONTE DE PIEDAD DE ZARAGOZA ARAG,18,0.0003
attempt_last_bank_name,historical_train,"BANCO CANARIAS DE VENEZUELA, BANCO UNIVERSAL, C.A.",18,0.0003
attempt_last_bank_name,historical_train,"SHAZAM, INC.",18,0.0003
attempt_last_bank_name,historical_train,BANCO ITAU CHILE,18,0.0003
attempt_last_bank_name,historical_train,POHJOLA BANK PLC,18,0.0003
attempt_last_bank_name,historical_train,COMMUNITY FEDERAL SAVINGS BANK,18,0.0003
attempt_last_bank_name,historical_train,CHASE CARD SERVICES CANADA,18,0.0003
attempt_last_bank_name,historical_train,"CITIBANK SINGAPORE, LTD.",18,0.0003
attempt_last_bank_name,historical_train,"ING BANK (AUSTRALIA), LTD.",18,0.0003
attempt_last_bank_name,historical_train,"WESTPAC NEW ZEAlanD, LTD.",18,0.0003
attempt_last_bank_name,historical_train,"BANCA MORA, S.A.",18,0.0003
attempt_last_bank_name,historical_train,"BANCO GENERAL, S.A.",17,0.00028333333333333335
attempt_last_bank_name,historical_train,"VAZCORP SOCIEDAD FINANCIERA, S.A.",17,0.00028333333333333335
attempt_last_bank_name,historical_train,"MITSUBISHI UFJ FINANCIAL GROUP, INC.",17,0.00028333333333333335
attempt_last_bank_name,historical_train,NATIONAL BANK OF OMAN LTD. (S.A.O.G.),17,0.00028333333333333335
attempt_last_bank_name,historical_train,"CASH STATION, INC.",17,0.00028333333333333335
attempt_last_bank_name,historical_train,PBS INTERNATIONAL A/S,17,0.00028333333333333335
attempt_last_bank_name,historical_train,"BANCO MERCANTIL DEL NORTE S.A.., INSTITUCI N DE BANCA M LTIPLE, GRUPO FINANCIERO",17,0.00028333333333333335
attempt_last_bank_name,historical_train,GUARANTY TRUST BANK,17,0.00028333333333333335
attempt_last_bank_name,historical_train,DEUTSCHE KREDITBANK AKTIENGESELLSCHAFT,17,0.00028333333333333335
attempt_last_bank_name,historical_train,MBNA AMERICA BANK,17,0.00028333333333333335
attempt_last_bank_name,historical_train,"FIRSTMERIT BANK, N.A.",17,0.00028333333333333335
attempt_last_bank_name,historical_train,"BANCO DE GALICIA Y BUENOS AIRES, S.A.",17,0.00028333333333333335
attempt_last_bank_name,historical_train,"BANCO INTERAMERICANO DE FINANZAS, S.A.E.M.A.",17,0.00028333333333333335
attempt_last_bank_name,historical_train,BANQUE LIBANO-FRANCAISE S.A.L. /COMMERCE AND FINANCE S.A.L.,17,0.00028333333333333335
attempt_last_bank_name,historical_train,"TURKIYE HALK BANKASI, A.S.",17,0.00028333333333333335
attempt_last_bank_name,historical_train,HSBC,17,0.00028333333333333335
attempt_last_bank_name,historical_train,EXTRA C.U.,17,0.00028333333333333335
attempt_last_bank_name,historical_train,TAISHIN INTERNATIONAL BANK,17,0.00028333333333333335
attempt_last_bank_name,historical_train,"PROMOTORA CMR FALABELLA, S.A.",17,0.00028333333333333335
attempt_last_bank_name,historical_train,"BANK OF AMERICA, NATIONAL ASSOCIATION",16,0.0002666666666666667
attempt_last_bank_name,historical_train,WESTERN STATES BANKCARD ASSOCIATION,16,0.0002666666666666667
attempt_last_bank_name,historical_train,WUESTENROT BANK AG PFANDBRIEBANK,16,0.0002666666666666667
attempt_last_bank_name,historical_train,SPARKASSE BANK MAKEDONIJA AD SKOPJE,16,0.0002666666666666667
attempt_last_bank_name,historical_train,"WELLS FARGO BANK IOWA, N.A.",16,0.0002666666666666667
attempt_last_bank_name,historical_train,LEUMI CARD,16,0.0002666666666666667
attempt_last_bank_name,historical_train,SAVINGS BANK OF THE RUSSIA (SBERBANK),16,0.0002666666666666667
attempt_last_bank_name,historical_train,ROCKY MOUNTAIN BANKCARD SYSTEM,16,0.0002666666666666667
attempt_last_bank_name,historical_train,"VOLKSBANK ROMANIA, S.A.",16,0.0002666666666666667
attempt_last_bank_name,historical_train,GRCC,16,0.0002666666666666667
attempt_last_bank_name,historical_train,"DENIZBANK, A.S.",16,0.0002666666666666667
attempt_last_bank_name,historical_train,DINERS CLUB INTERNATIONAL,16,0.0002666666666666667
attempt_last_bank_name,historical_train,NETWORK INTERNATIONAL LLC,15,0.00025
attempt_last_bank_name,historical_train,ASOCIACION LA NACIONAL DE AHORROS Y PRESTAMOS,15,0.00025
attempt_last_bank_name,historical_train,FIRST UNITED NATIONAL BANK AND TRUST COMPANY,15,0.00025
attempt_last_bank_name,historical_train,"CREDIT ONE BANK, N.A.",15,0.00025
attempt_last_bank_name,historical_train,UNIBANK COMMERCIAL BANK,15,0.00025
attempt_last_bank_name,historical_train,"CITIBANK NIGERIA, LTD.",15,0.00025
attempt_last_bank_name,historical_train,KAPITAL BANK JSB,15,0.00025
attempt_last_bank_name,historical_train,SERVIZI INTERBANCARI S.P.A.,15,0.00025
attempt_last_bank_name,historical_train,"PRUDENTIAL SAVINGS BANK, F.S.B.",15,0.00025
attempt_last_bank_name,historical_train,"VALES INTERCONTINENTALES, S.A.",15,0.00025
attempt_last_bank_name,historical_train,CREDIT LYONNAIS CONGO,15,0.00025
attempt_last_bank_name,historical_train,"TARJETA NARANJA DOMINICANA, S.A.",15,0.00025
attempt_last_bank_name,historical_train,BANKFIRST,15,0.00025
attempt_last_bank_name,historical_train,VISION BANCO SOCIEDAD ANONIMA EMISORA DECAPITAL ABIERTO,15,0.00025
attempt_last_bank_name,historical_train,EURO KARTENSYSTEME EUROCARD UND EUROCHEQUE GMBH,15,0.00025
attempt_last_bank_name,historical_train,FARMERS AND MECHANICS NATIONAL BANK,15,0.00025
attempt_last_bank_name,historical_train,PEOPLES BANK,15,0.00025
attempt_last_bank_name,historical_train,"MBNA AMERICA (DELAWARE), N.A.",15,0.00025
attempt_last_bank_name,historical_train,FIRST INTERSTATE BANK,15,0.00025
attempt_last_bank_name,historical_train,NATIONWIDE BUILDING SOCIETY,15,0.00025
attempt_last_bank_name,historical_train,"BANCO BRADESCO CARTOES, S.A.",15,0.00025
attempt_last_bank_name,historical_train,FIRST NATIONAL BANK,15,0.00025
attempt_last_bank_name,historical_train,"FIRSTCARIBBEAN INTERNATIONAL BANK (CAYMAN), LTD.",15,0.00025
attempt_last_bank_name,historical_train,BANK OF NEW ZEAlanD,15,0.00025
attempt_last_bank_name,historical_train,BANCO MERCANTIL DE COLOMBIA,15,0.00025
attempt_last_bank_name,historical_train,OJSC CB INTERBANK,15,0.00025
attempt_last_bank_name,historical_train,FIRST NATIONAL BANK OF OMAHA,15,0.00025
attempt_last_bank_name,historical_train,ASB BANK,15,0.00025
attempt_last_bank_name,historical_train,BANCO DEL ESTADO DE CHILE,15,0.00025
attempt_last_bank_name,historical_train,"BANCO SANTANDER RIO, S.A.",14,0.00023333333333333333
attempt_last_bank_name,historical_train,"MBNA EUROPE BANK, LTD.",14,0.00023333333333333333
attempt_last_bank_name,historical_train,"CAPITAL ONE, NATIONAL ASSOCIATION",14,0.00023333333333333333
attempt_last_bank_name,historical_train,CAPITAL ONE (EUROPE) PLC,14,0.00023333333333333333
attempt_last_bank_name,historical_train,"LIFECARD CO., LTD.",14,0.00023333333333333333
attempt_last_bank_name,historical_train,"BANKCARD SERVICE JAPAN CO., LTD.",14,0.00023333333333333333
attempt_last_bank_name,historical_train,lanSING AUTOMAKERS F.C.U.,14,0.00023333333333333333
attempt_last_bank_name,historical_train,BB BANKCARD CORPORATION,14,0.00023333333333333333
attempt_last_bank_name,historical_train,HERITAGE FAMILY C.U.,14,0.00023333333333333333
attempt_last_bank_name,historical_train,"KENTBANK, A.S.",14,0.00023333333333333333
attempt_last_bank_name,historical_train,YUG-INVESTBANK JSB,14,0.00023333333333333333
attempt_last_bank_name,historical_train,TT HELlanIC POSTBANK,14,0.00023333333333333333
attempt_last_bank_name,historical_train,CLOUDWALK INSTITUIÇÃO DE PAGAMENTO E SERVIÇOS LTDA,14,0.00023333333333333333
attempt_last_bank_name,historical_train,KUWAIT FINANCE HOUSE,14,0.00023333333333333333
attempt_last_bank_name,historical_train,AMERIABANK CJSC,14,0.00023333333333333333
attempt_last_bank_name,historical_train,USAA SAVINGS BANK,14,0.00023333333333333333
attempt_last_bank_name,historical_train,JSC ATF BANK,14,0.00023333333333333333
attempt_last_bank_name,historical_train,"TURK EKONOMI BANKASI, A.S.",14,0.00023333333333333333
attempt_last_bank_name,historical_train,CITICORP,14,0.00023333333333333333
attempt_last_bank_name,historical_train,UNITED COMMERCIAL BANK,14,0.00023333333333333333
attempt_last_bank_name,historical_train,"EPOS CARD CO., LTD.",14,0.00023333333333333333
attempt_last_bank_name,historical_train,"BC MOLDINDCONBANK, S.A.",14,0.00023333333333333333
attempt_last_bank_name,historical_train,ISYNERGY SDN. BHD.,14,0.00023333333333333333
attempt_last_bank_name,historical_train,"STANDARD CHARTERED GRINDLAYS (OFFSHORE), LTD.",14,0.00023333333333333333
attempt_last_bank_name,historical_train,BANK SIMPANAN NASIONAL,14,0.00023333333333333333
attempt_last_bank_name,historical_train,"BANCO DE VASCONIA, S.A.",13,0.00021666666666666666
attempt_last_bank_name,historical_train,VIETNAM TECHNOLOGICAL AND COMMERCIAL JSB,13,0.00021666666666666666
attempt_last_bank_name,historical_train,CAISSE CENTRALE DE CREDIT MUTUEL,13,0.00021666666666666666
attempt_last_bank_name,historical_train,"BANK ALFALAH, LTD.",13,0.00021666666666666666
attempt_last_bank_name,historical_train,PUBLIC BANK BERHAD,13,0.00021666666666666666
attempt_last_bank_name,historical_train,VISA AUSTRIA,13,0.00021666666666666666
attempt_last_bank_name,historical_train,JSCB - TBC BANK,13,0.00021666666666666666
attempt_last_bank_name,historical_train,GROUPEMENT CARTE BLEUE,13,0.00021666666666666666
attempt_last_bank_name,historical_train,SAIGON THUONG TIN COMMERCIAL JSB,13,0.00021666666666666666
attempt_last_bank_name,historical_train,COlanIAL BANK,13,0.00021666666666666666
attempt_last_bank_name,historical_train,PT. BANK NEGARA INDONESIA (PERSERO) TBK.,13,0.00021666666666666666
attempt_last_bank_name,historical_train,"NEPAL INVESTMENT BANK, LTD.",13,0.00021666666666666666
attempt_last_bank_name,historical_train,"BANCO DAVIVIENDA, S.A.",13,0.00021666666666666666
attempt_last_bank_name,historical_train,"ASYA KATILIM BANKASI, A.S.",13,0.00021666666666666666
attempt_last_bank_name,historical_train,BANK AUDI- AUDI SARADAR GROUP,13,0.00021666666666666666
attempt_last_bank_name,historical_train,"CESKOSLOVENSKA OBCHODNI BANKA, A.S.",13,0.00021666666666666666
attempt_last_bank_name,historical_train,SVENSKA HANDELSBANKEN AB,13,0.00021666666666666666
attempt_last_bank_name,historical_train,"VALORES INTERNACIONALES, S.A.",13,0.00021666666666666666
attempt_last_bank_name,historical_train,"GE MONEY BANK, A.S.",12,0.0002
attempt_last_bank_name,historical_train,TOTALBANK CURACAO N.V.,12,0.0002
attempt_last_bank_name,historical_train,FIRST BANK,12,0.0002
attempt_last_bank_name,historical_train,"INTERPAYMENT SERVICES, LTD.",12,0.0002
attempt_last_bank_name,historical_train,AMERICAN EXPRESS US CARS,12,0.0002
attempt_last_bank_name,historical_train,COMMONWEALTH,12,0.0002
attempt_last_bank_name,historical_train,"ING BANK, F.S.B.",12,0.0002
attempt_last_bank_name,historical_train,EMIRATES NBD BANK,12,0.0002
attempt_last_bank_name,historical_train,IMPERIAL BANK,12,0.0002
attempt_last_bank_name,historical_train,"PROVIDENT BANK AND TRUST OF BELIZE, LTD.",12,0.0002
attempt_last_bank_name,historical_train,EXCEL BANK,12,0.0002
attempt_last_bank_name,historical_train,"RAIFFEISENBANK, A.S.",12,0.0002
attempt_last_bank_name,historical_train,NATIONAL BANK OF CANADA,12,0.0002
attempt_last_bank_name,historical_train,BANCO ESPANOL DE CREDITO S.A. (BANESTO),12,0.0002
attempt_last_bank_name,historical_train,"YAMAGIN CREDIT CO., LTD.",12,0.0002
attempt_last_bank_name,historical_train,"LEUMICARD, LTD.",12,0.0002
attempt_last_bank_name,historical_train,"FIRST DATA CONO SUR, S.R.L.",12,0.0002
attempt_last_bank_name,historical_train,UNIVERSAL FINANCING SERVICES,12,0.0002
attempt_last_bank_name,historical_train,ABU DHABI COMMERCIAL BANK,12,0.0002
attempt_last_bank_name,historical_train,BANCO INTERNACIONAL DO FUNCHAL S.A. (BANIF),12,0.0002
attempt_last_bank_name,historical_train,UNION BANK OF INDIA,12,0.0002
attempt_last_bank_name,historical_train,PIRAEUS BANK A.D. BEOGRAD,12,0.0002
attempt_last_bank_name,historical_train,BANK OF COMMUNICATIONS,12,0.0002
attempt_last_bank_name,historical_train,RAIFFEISEN BANK,12,0.0002
attempt_last_bank_name,historical_train,BANCO CONTINENTAL,12,0.0002
attempt_last_bank_name,historical_train,TALlanNA PANK,12,0.0002
attempt_last_bank_name,historical_train,JSB KAZKOMMERTSBANK,12,0.0002
attempt_last_bank_name,historical_train,JSC ENERGOBANK,12,0.0002
attempt_last_bank_name,historical_train,NORDEA BANK FINlanD PLC,12,0.0002
attempt_last_bank_name,historical_train,"FIRST FINANCIAL BANK, N.A.",12,0.0002
attempt_last_bank_name,historical_train,"KIWIBANK, LTD.",12,0.0002
attempt_last_bank_name,historical_train,VICTORIABANK,12,0.0002
attempt_last_bank_name,historical_train,BANCO DE CHILE,12,0.0002
attempt_last_bank_name,historical_train,"SIAM COMMERCIAL BANK PUBLIC CO., LTD.",11,0.00018333333333333334
attempt_last_bank_name,historical_train,"STANDARD CHARTERED BANK ZIMBABWE, LTD.",11,0.00018333333333333334
attempt_last_bank_name,historical_train,"UC CARD CO., LTD.",11,0.00018333333333333334
attempt_last_bank_name,historical_train,CITIZENS SOUTH BANK,11,0.00018333333333333334
attempt_last_bank_name,historical_train,GE CAPITAL RETAIL BANK,11,0.00018333333333333334
attempt_last_bank_name,historical_train,UNICREDIT BANK HUNGARY ZRT.,11,0.00018333333333333334
attempt_last_bank_name,historical_train,HONG LEONG BANK BERHAD,11,0.00018333333333333334
attempt_last_bank_name,historical_train,"TOPCARD SERVICE, S.A.",11,0.00018333333333333334
attempt_last_bank_name,historical_train,MOSCOW MUNICIPAL BANK-BANK OF MOSCOW,11,0.00018333333333333334
attempt_last_bank_name,historical_train,"CAJA DE AHORROS DE GALICIA, VIGO, ORENSE Y PONTEVEDRA",11,0.00018333333333333334
attempt_last_bank_name,historical_train,EUROPEAN AMERICAN BANK,11,0.00018333333333333334
attempt_last_bank_name,historical_train,"CUSCAL, LTD.",11,0.00018333333333333334
attempt_last_bank_name,historical_train,"EPOS CARD COMPANY, LTD.",11,0.00018333333333333334
attempt_last_bank_name,historical_train,NATIONAL CITY BANK OF KENTUCKY,11,0.00018333333333333334
attempt_last_bank_name,historical_train,SWITCHGATE CARIBBEAN LLC,11,0.00018333333333333334
attempt_last_bank_name,historical_train,CANADIAN TIRE BANK,11,0.00018333333333333334
attempt_last_bank_name,historical_train,CAPITAL CITY BANK,11,0.00018333333333333334
attempt_last_bank_name,historical_train,"BANK OF CYPRUS PUBLIC CO., LTD.",11,0.00018333333333333334
attempt_last_bank_name,historical_train,FIRST NATIONAL BANK OF GILMER,11,0.00018333333333333334
attempt_last_bank_name,historical_train,BANQUE CENTRALE POPULAIRE,11,0.00018333333333333334
attempt_last_bank_name,historical_train,AUSTRALIA AND NEW ZEAlanD BANKING GROUP LTD. FREQUENT FLYER,11,0.00018333333333333334
attempt_last_bank_name,historical_train,FIRST AMERICAN BANK,11,0.00018333333333333334
attempt_last_bank_name,historical_train,DUBAI ISLAMIC BANK,11,0.00018333333333333334
attempt_last_bank_name,historical_train,INTERNATIONAL BANK OF AZERBAIJAN,11,0.00018333333333333334
attempt_last_bank_name,historical_train,KHAN BANK,11,0.00018333333333333334
attempt_last_bank_name,historical_train,"NOVA LJUBLJANSKA BANKA D.D., LJUBLJANA",11,0.00018333333333333334
attempt_last_bank_name,historical_train,"CREDOMATIC INTERNATIONAL, S.A.",11,0.00018333333333333334
attempt_last_bank_name,historical_train,CAISSE NATIONALE DE CREDIT AGRICOLE,11,0.00018333333333333334
attempt_last_bank_name,historical_train,VISA ICElanD,11,0.00018333333333333334
attempt_last_bank_name,historical_train,MCB ODINBANK (LLC),11,0.00018333333333333334
attempt_last_bank_name,historical_train,NEWBRIDGE BANK,10,0.00016666666666666666
attempt_last_bank_name,historical_train,"CARIBBEAN COMMERCIAL BANK, LTD.",10,0.00016666666666666666
attempt_last_bank_name,historical_train,FIRST-CITIZENS BANK AND TRUST COMPANY,10,0.00016666666666666666
attempt_last_bank_name,historical_train,SWEDBANK AB,10,0.00016666666666666666
attempt_last_bank_name,historical_train,"RAIFFEISEN BANK, S.A.",10,0.00016666666666666666
attempt_last_bank_name,historical_train,BANCO DE LA PROVINCIA DE BUENOS AIRES,10,0.00016666666666666666
attempt_last_bank_name,historical_train,"TCM BANK, N.A.",10,0.00016666666666666666
attempt_last_bank_name,historical_train,ERSTE AND STEIERMARKISCHE BANK D.D.,10,0.00016666666666666666
attempt_last_bank_name,historical_train,BANKIA,10,0.00016666666666666666
attempt_last_bank_name,historical_train,ICBA BANCARD,10,0.00016666666666666666
attempt_last_bank_name,historical_train,BANCO REGIONAL DE MONTERREY S.A. BANREGIO,10,0.00016666666666666666
attempt_last_bank_name,historical_train,"BANCO BAC SAN JOSE, S.A.",10,0.00016666666666666666
attempt_last_bank_name,historical_train,MILLBURY F.C.U.,10,0.00016666666666666666
attempt_last_bank_name,historical_train,"STATE BANK OF MAURITIUS, LTD.",10,0.00016666666666666666
attempt_last_bank_name,historical_train,ZENITH BANK PLC,10,0.00016666666666666666
attempt_last_bank_name,historical_train,BANK OF SCOTlanD PLC,10,0.00016666666666666666
attempt_last_bank_name,historical_train,COMMERCIAL BANK OF GREECE,10,0.00016666666666666666
attempt_last_bank_name,historical_train,ATTIJARIWAFA BANK,10,0.00016666666666666666
attempt_last_bank_name,historical_train,"BBVA BANCO FRANCES, S.A.",10,0.00016666666666666666
attempt_last_bank_name,historical_train,"AMICUS, F.S.B.",10,0.00016666666666666666
attempt_last_bank_name,historical_train,CHUNG-SHING BANK,10,0.00016666666666666666
attempt_last_bank_name,historical_train,JCB CARD,10,0.00016666666666666666
attempt_last_bank_name,historical_train,S-PANKKI OY (S-BANK LIMITED),10,0.00016666666666666666
attempt_last_bank_name,historical_train,"ABN AMRO BANK, N.V.",10,0.00016666666666666666
attempt_last_bank_name,historical_train,ALBERTA TREASURY BRANCHES,10,0.00016666666666666666
attempt_last_bank_name,historical_train,BANCO INTER S.A.,10,0.00016666666666666666
attempt_last_bank_name,historical_train,THE HONGKONG AND SHANGHAI BANKING CORPORATION LIMITED,10,0.00016666666666666666
attempt_last_bank_name,historical_train,YUBMES BANK AD BELGRADE,10,0.00016666666666666666
attempt_last_bank_name,historical_train,CIMB BANK BERHAD,10,0.00016666666666666666
attempt_last_bank_name,historical_train,PT BANK MANDIRI (PERSERO) TBK,10,0.00016666666666666666
attempt_last_bank_name,historical_train,KAPITAL BANK,10,0.00016666666666666666
attempt_last_bank_name,historical_train,CAPITAL ONE BANK,10,0.00016666666666666666
attempt_last_bank_name,historical_train,"ETIBANK, A.S.",9,0.00015
attempt_last_bank_name,historical_train,ZAGREBACKA BANKA BH D.D.,9,0.00015
attempt_last_bank_name,historical_train,STATE NATIONAL BANK OF CADDO MILLS,9,0.00015
attempt_last_bank_name,historical_train,"TRANSACT NETWORK, LTD.",9,0.00015
attempt_last_bank_name,historical_train,BAYERISCHE lanDESBANK,9,0.00015
attempt_last_bank_name,historical_train,UKRAINSKY PROMYSLOVY BANK LLC,9,0.00015
attempt_last_bank_name,historical_train,DIE SCHWEIZERISCHE POST,9,0.00015
attempt_last_bank_name,historical_train,JSC ALLIANCE BANK,9,0.00015
attempt_last_bank_name,historical_train,"VSEOBECNA UVEROVA BANKA, A.S.",9,0.00015
attempt_last_bank_name,historical_train,"BANCO EXTERIOR, C.A.",9,0.00015
attempt_last_bank_name,historical_train,"HARRIS, N.A.",9,0.00015
attempt_last_bank_name,historical_train,BILBAO BIZKAIA KUTXA (BBK),9,0.00015
attempt_last_bank_name,historical_train,SOCIETE GENERALE DE BANQUES AU CAMEROUN,9,0.00015
attempt_last_bank_name,historical_train,"BANCO DEL PICHINCHA, C.A.",9,0.00015
attempt_last_bank_name,historical_train,OMNIAMERICAN F.C.U.,9,0.00015
attempt_last_bank_name,historical_train,"BANCO SANTANDER TOTTA, S.A.",9,0.00015
attempt_last_bank_name,historical_train,ZIP NETWORK,9,0.00015
attempt_last_bank_name,historical_train,BANCO POPULAR Y DE DESARROLLO COMUNAL,9,0.00015
attempt_last_bank_name,historical_train,UT BANK LIMITED,9,0.00015
attempt_last_bank_name,historical_train,BANCO DE GALICIA Y BUENOS AIRES,9,0.00015
attempt_last_bank_name,historical_train,METROBANK CARD CORPORATION,9,0.00015
attempt_last_bank_name,historical_train,"NIUM PTE, LTD.",9,0.00015
attempt_last_bank_name,historical_train,TRINIDAD AND TOBAGO UNIT TRUST CORPORATION,9,0.00015
attempt_last_bank_name,historical_train,BANCA DI SASSARI S.P.A.,9,0.00015
attempt_last_bank_name,historical_train,"INTERBANK, A.S.",9,0.00015
attempt_last_bank_name,historical_train,"BANCO ITAU URUGUAY, S.A.",9,0.00015
attempt_last_bank_name,historical_train,PREMIER AMERICA C.U.,9,0.00015
attempt_last_bank_name,historical_train,"AVAL CARD (COSTA RICA), S.A.",9,0.00015
attempt_last_bank_name,historical_train,PT BANK MEGA TBK.,9,0.00015
attempt_last_bank_name,historical_train,AMEX UK GLOBESTAR,9,0.00015
attempt_last_bank_name,historical_train,"LOTTE CARD CO., LTD.",9,0.00015
attempt_last_bank_name,historical_train,FAA C.U.,9,0.00015
attempt_last_bank_name,historical_train,"FIA CARD SERVICES, NATIONAL ASSOCIATION (2)",9,0.00015
attempt_last_bank_name,historical_train,"STANDARD CHARTERED BANK (HONG KONG), LTD.",9,0.00015
attempt_last_bank_name,historical_train,"SANTA BARBARA BANK AND TRUST, N.A.",9,0.00015
attempt_last_bank_name,historical_train,"BANCO ESPIRITO SANTO, S.A.",9,0.00015
attempt_last_bank_name,historical_train,"REDEBAN MULTICOLOR, S.A.",9,0.00015
attempt_last_bank_name,historical_train,SANTANDER,9,0.00015
attempt_last_bank_name,historical_train,JOINT STOCK COMMERCIAL BANK MOLDINDCONBANK S.A.,9,0.00015
attempt_last_bank_name,historical_train,FINECOBANK S.P.A.,9,0.00015
attempt_last_bank_name,historical_train,"WOORICARD CO., LTD",9,0.00015
attempt_last_bank_name,historical_train,CHARLES SCHWAB BANK,9,0.00015
attempt_last_bank_name,historical_train,NORDEA BANK AB,9,0.00015
attempt_last_bank_name,historical_train,FIRST BANK OF DELAWARE,9,0.00015
attempt_last_bank_name,historical_train,CORTAL CONSORS,9,0.00015
attempt_last_bank_name,historical_train,"HANG SENG BANK, LTD.",9,0.00015
attempt_last_bank_name,historical_train,NATIONAL COMMERCIAL BANK,8,0.00013333333333333334
attempt_last_bank_name,historical_train,PRUDENTIAL BANK AND TRUST COMPANY,8,0.00013333333333333334
attempt_last_bank_name,historical_train,AB SIAULIU BANKAS,8,0.00013333333333333334
attempt_last_bank_name,historical_train,"HUNGARIAN VOLKSBANK, LTD.",8,0.00013333333333333334
attempt_last_bank_name,historical_train,JSCB ROSBANK,8,0.00013333333333333334
attempt_last_bank_name,historical_train,COMMERZBANK,8,0.00013333333333333334
attempt_last_bank_name,historical_train,"BANK ONE, N.A.",8,0.00013333333333333334
attempt_last_bank_name,historical_train,INTERNATIONAL COMMERCIAL BANK OF CHINA,8,0.00013333333333333334
attempt_last_bank_name,historical_train,XY DNB NOR,8,0.00013333333333333334
attempt_last_bank_name,historical_train,"KASIKORNBANK PUBLIC CO., LTD.",8,0.00013333333333333334
attempt_last_bank_name,historical_train,FIRST COMMONWEALTH BANK,8,0.00013333333333333334
attempt_last_bank_name,historical_train,RECARGAPAY INSTITUICAO DE PAGAMENTO LTDA.,8,0.00013333333333333334
attempt_last_bank_name,historical_train,"TRIPLINK INTERNATIONAL CO.,LIMITED",8,0.00013333333333333334
attempt_last_bank_name,historical_train,"NEDCOR BANK, LTD.",8,0.00013333333333333334
attempt_last_bank_name,historical_train,THE COMMERCIAL BANK OF KUWAIT S.A.K.,8,0.00013333333333333334
attempt_last_bank_name,historical_train,METRO BANK,8,0.00013333333333333334
attempt_last_bank_name,historical_train,"FIRST PEOPLES BANK, INC.",8,0.00013333333333333334
attempt_last_bank_name,historical_train,YES BANK LIMITED,8,0.00013333333333333334
attempt_last_bank_name,historical_train,"COMMUNITY BANK, N.A.",8,0.00013333333333333334
attempt_last_bank_name,historical_train,RIAS S.R.L. (BANCOMAT),8,0.00013333333333333334
attempt_last_bank_name,historical_train,"NATIONAL COMMERCIAL BANK JAMAICA, LTD.",8,0.00013333333333333334
attempt_last_bank_name,historical_train,BOEING EMPLOYEES C.U.,8,0.00013333333333333334
attempt_last_bank_name,historical_train,SAMSUNG CARD CO.,8,0.00013333333333333334
attempt_last_bank_name,historical_train,Elan FINANCIAL SERVICES,8,0.00013333333333333334
attempt_last_bank_name,historical_train,GALICIA,8,0.00013333333333333334
attempt_last_bank_name,historical_train,PNC NATIONAL BANK_OF DELAWARE,8,0.00013333333333333334
attempt_last_bank_name,historical_train,CREDIT SUISSE,8,0.00013333333333333334
attempt_last_bank_name,historical_train,INFIBANK,8,0.00013333333333333334
attempt_last_bank_name,historical_train,TRANSCREDITBANK,8,0.00013333333333333334
attempt_last_bank_name,historical_train,CREDIT UNION CARD SERVICES,8,0.00013333333333333334
attempt_last_bank_name,historical_train,BANCO BILBAO VIZCAYA ARGENTARIA (PANAMA) S.A. - BBVA (PANAMA,8,0.00013333333333333334
attempt_last_bank_name,historical_train,"HABIB BANK, LTD.",8,0.00013333333333333334
attempt_last_bank_name,historical_train,BANK OF MALDIVES PLC,8,0.00013333333333333334
attempt_last_bank_name,historical_train,ALLIANCE DATA SYSTEMS,8,0.00013333333333333334
attempt_last_bank_name,historical_train,BARCLAYS BANK DELAWARE,8,0.00013333333333333334
attempt_last_bank_name,historical_train,EMIRATES BANK INTERNATIONAL PJSC,8,0.00013333333333333334
attempt_last_bank_name,historical_train,ACBA CREDIT AGRICOLE BANK CJSC,8,0.00013333333333333334
attempt_last_bank_name,historical_train,NATWEST,8,0.00013333333333333334
attempt_last_bank_name,historical_train,GOVERNOR AND COMPANY OF THE BANK OF IRElanD,8,0.00013333333333333334
attempt_last_bank_name,historical_train,"WILMINGTON TRUST, N.A.",8,0.00013333333333333334
attempt_last_bank_name,historical_train,KOMERCIJALNA BANKA AD BEOGRAD CJSC,8,0.00013333333333333334
attempt_last_bank_name,historical_train,PICPAY BANK BANCO MULTIPLO S A,8,0.00013333333333333334
attempt_last_bank_name,historical_train,PT. BANK RAKYAT INDONESIA (PERSERO),8,0.00013333333333333334
attempt_last_bank_name,historical_train,"KOMERCNI BANKA, A.S.",8,0.00013333333333333334
attempt_last_bank_name,historical_train,GOLOMT BANK OF MONGOLIA,8,0.00013333333333333334
attempt_last_bank_name,historical_train,ZUERCHER KANTONALBANK,8,0.00013333333333333334
attempt_last_bank_name,historical_train,BANKAS SNORAS,8,0.00013333333333333334
attempt_last_bank_name,historical_train,BANCO INTERNACIONAL,8,0.00013333333333333334
attempt_last_bank_name,historical_train,BANCA INTESA AD BEOGRAD,7,0.00011666666666666667
attempt_last_bank_name,historical_train,TBI CREDIT EAD,7,0.00011666666666666667
attempt_last_bank_name,historical_train,TAPIOLA PANKKI OY,7,0.00011666666666666667
attempt_last_bank_name,historical_train,CHINA CITIC BANK,7,0.00011666666666666667
attempt_last_bank_name,historical_train,PREMIER BANK OF JACKSONVILLE,7,0.00011666666666666667
attempt_last_bank_name,historical_train,RAIFFEISEN BANK AVAL PJSC,7,0.00011666666666666667
attempt_last_bank_name,historical_train,PRVA BANKA CG A.D. - FOUNDED IN 1901,7,0.00011666666666666667
attempt_last_bank_name,historical_train,"ATH DOMINICANA, S.A.",7,0.00011666666666666667
attempt_last_bank_name,historical_train,STATE EXPORT-IMPORT BANK OF UKRAINE (UKREXIMBANK),7,0.00011666666666666667
attempt_last_bank_name,historical_train,VENEZOlanO DE CREDITO S.A. BANCO UNIVERS.A.L.,7,0.00011666666666666667
attempt_last_bank_name,historical_train,KAOHSIUNG THIRD CREDIT CO-OPERATIVE,7,0.00011666666666666667
attempt_last_bank_name,historical_train,BANK OF WYOMING,7,0.00011666666666666667
attempt_last_bank_name,historical_train,MOONEY S.P.A.,7,0.00011666666666666667
attempt_last_bank_name,historical_train,DUPONT COMMUNITY C.U.,7,0.00011666666666666667
attempt_last_bank_name,historical_train,"EXIM BANK TANZANIA, LTD.",7,0.00011666666666666667
attempt_last_bank_name,historical_train,CREDIT AGRICOLE S.A.,7,0.00011666666666666667
attempt_last_bank_name,historical_train,"NEW ENGlanD BANKCARD ASSOCIATION, INC.",7,0.00011666666666666667
attempt_last_bank_name,historical_train,BANQUE LAURENTIENNE DU CANADA,7,0.00011666666666666667
attempt_last_bank_name,historical_train,CHAMPAIGN NATIONAL BANK AND TRUST,7,0.00011666666666666667
attempt_last_bank_name,historical_train,FIRST MUTUAL CREDIT BANK,7,0.00011666666666666667
attempt_last_bank_name,historical_train,"E. SUN COMMERCIAL BANK CO., LTD.",7,0.00011666666666666667
attempt_last_bank_name,historical_train,FIRST INVESTMENT BANK,7,0.00011666666666666667
attempt_last_bank_name,historical_train,MONZO BANK LIMITED,7,0.00011666666666666667
attempt_last_bank_name,historical_train,COMMERCIAL BANK OF QATAR (Q.S.C.),7,0.00011666666666666667
attempt_last_bank_name,historical_train,WAFABANK,7,0.00011666666666666667
attempt_last_bank_name,historical_train,NATIONAL CITY BANK,7,0.00011666666666666667
attempt_last_bank_name,historical_train,ARAB FINANCIAL SERVICES COMPANY,7,0.00011666666666666667
attempt_last_bank_name,historical_train,BOUBYAN BANK K.S.C.,7,0.00011666666666666667
attempt_last_bank_name,historical_train,FIRST BANK OF NIGERIA PLC,7,0.00011666666666666667
attempt_last_bank_name,historical_train,NATIONAL SOCIETE GENERALE BANK S.A.E.,7,0.00011666666666666667
attempt_last_bank_name,historical_train,"PSCU FINANCIAL SERVICES, INC.",7,0.00011666666666666667
attempt_last_bank_name,historical_train,"ROYAL BANK OF SCOTlanD, N.V.",7,0.00011666666666666667
attempt_last_bank_name,historical_train,"STANDARD CHARTERED BANK KENYA, LTD.",7,0.00011666666666666667
attempt_last_bank_name,historical_train,UNION BALTIC BANK IN VENTSPILS,7,0.00011666666666666667
attempt_last_bank_name,historical_train,TRADE AND DEVELOPMENT BANK OF MONGOLIA,7,0.00011666666666666667
attempt_last_bank_name,historical_train,PJSC UKRSOTSBANK,7,0.00011666666666666667
attempt_last_bank_name,historical_train,UNION COMMERCIAL BANK PLC,7,0.00011666666666666667
attempt_last_bank_name,historical_train,BANK OF PALESTINE PLC,7,0.00011666666666666667
attempt_last_bank_name,historical_train,HSBC BANK MIDDLE EAST,7,0.00011666666666666667
attempt_last_bank_name,historical_train,NATIXIS,7,0.00011666666666666667
attempt_last_bank_name,historical_train,HSBC BANK EGYPT,7,0.00011666666666666667
attempt_last_bank_name,historical_train,PJSC COMMERCIAL INDUSTRIAL BANK,7,0.00011666666666666667
attempt_last_bank_name,historical_train,AMEX AUSTRALIA GLOBESTAR CHARGE,7,0.00011666666666666667
attempt_last_bank_name,historical_train,SANTANDER UK PLC,7,0.00011666666666666667
attempt_last_bank_name,historical_train,EUROCARD AB,7,0.00011666666666666667
attempt_last_bank_name,historical_train,CSCBANK S.A.L.,7,0.00011666666666666667
attempt_last_bank_name,historical_train,BANCO BPI,7,0.00011666666666666667
attempt_last_bank_name,historical_train,"SEYlan BANK, LTD.",7,0.00011666666666666667
attempt_last_bank_name,historical_train,PREPAY TECHNOLOGIES LTD,7,0.00011666666666666667
attempt_last_bank_name,historical_train,"PACIFICARD, S.A.",7,0.00011666666666666667
attempt_last_bank_name,historical_train,"HSBC MEXICO S.A., INSTITUCION DE BANCA MULTIPLE, GRUPO FINAN",7,0.00011666666666666667
attempt_last_bank_name,historical_train,"SUNCORP-METWAY, LTD.",7,0.00011666666666666667
attempt_last_bank_name,historical_train,AIB BANK,7,0.00011666666666666667
attempt_last_bank_name,historical_train,VIVILD OG OMEGNS SPAREKASSE,7,0.00011666666666666667
attempt_last_bank_name,historical_train,INTERNATIONAL SMART CARD LLC,7,0.00011666666666666667
attempt_last_bank_name,historical_train,BANK SINOPAC,7,0.00011666666666666667
attempt_last_bank_name,historical_train,ORCHARD BANK (HSBC GROUP),7,0.00011666666666666667
attempt_last_bank_name,historical_train,COMMUNITY BANK,7,0.00011666666666666667
attempt_last_bank_name,historical_train,SAMPO PANKKI OYJ / SAMPO BANK PLC,7,0.00011666666666666667
attempt_last_bank_name,historical_train,BANGOR SAVINGS BANK,6,0.0001
attempt_last_bank_name,historical_train,ARAB BANKING CORPORATION (JORDAN),6,0.0001
attempt_last_bank_name,historical_train,EUROBANK AND TRUST COMPANY,6,0.0001
attempt_last_bank_name,historical_train,"INTERNATIONAL CARD CO., LTD.",6,0.0001
attempt_last_bank_name,historical_train,PLACER SIERRA BANK,6,0.0001
attempt_last_bank_name,historical_train,FAUQUIER BANK,6,0.0001
attempt_last_bank_name,historical_train,"BANCO BRADESCO, S.A.",6,0.0001
attempt_last_bank_name,historical_train,"COMMUNITY BANCSERVICE CORPORATION, INC.",6,0.0001
attempt_last_bank_name,historical_train,REGIONAL BANKS ASSOCIATION OF JAPAN,6,0.0001
attempt_last_bank_name,historical_train,SAUDI BRITISH BANK,6,0.0001
attempt_last_bank_name,historical_train,JSC HALYK SAVINGS BANK OF KAZAKHSTAN,6,0.0001
attempt_last_bank_name,historical_train,METCALF BANK,6,0.0001
attempt_last_bank_name,historical_train,POWSZECHNA KASA OSZCZEDNOSCI BANK POLSKI SA (PKO BANK POLSKI,6,0.0001
attempt_last_bank_name,historical_train,"BANCO AGRICOLA, S.A.",6,0.0001
attempt_last_bank_name,historical_train,"BANCO SANTANDER (BRASIL), S.A.",6,0.0001
attempt_last_bank_name,historical_train,ALAHLI BANK OF KUWAIT (K.S.C.),6,0.0001
attempt_last_bank_name,historical_train,1ST FINANCIAL BANK USA,6,0.0001
attempt_last_bank_name,historical_train,COMMERZBANK AG,6,0.0001
attempt_last_bank_name,historical_train,CHINA CONSTRUCTION BANK,6,0.0001
attempt_last_bank_name,historical_train,BANCO FALABELLA,6,0.0001
attempt_last_bank_name,historical_train,"BANCA COMERCIALA ROMANA, S.A.",6,0.0001
attempt_last_bank_name,historical_train,PT. PRIMASWADANA PERKASA FINANCE,6,0.0001
attempt_last_bank_name,historical_train,BARKSDALE F.C.U.,6,0.0001
attempt_last_bank_name,historical_train,"HONGKONG AND SHANGHAI BANKING CORPORATION, LTD.",6,0.0001
attempt_last_bank_name,historical_train,UKRAINSKY PROMYSLOVY BANK LIMITED LIABILITY COMPANY,6,0.0001
attempt_last_bank_name,historical_train,COMDIRECT BANK AG,6,0.0001
attempt_last_bank_name,historical_train,BANCO DE GUAYAQUIL,6,0.0001
attempt_last_bank_name,historical_train,BANQUE POSTALE,6,0.0001
attempt_last_bank_name,historical_train,EDS EMPLOYEES F.C.U.,6,0.0001
attempt_last_bank_name,historical_train,"UNION PlanTERS BANK, N.A.",6,0.0001
attempt_last_bank_name,historical_train,"BMO HARRIS BANK, N.A.",6,0.0001
attempt_last_bank_name,historical_train,"PNC BANK, NATIONAL ASSOCIATION - CONSUMER CREDIT",6,0.0001
attempt_last_bank_name,historical_train,"YUANTA COMMERCIAL BANK CO., LTD.",6,0.0001
attempt_last_bank_name,historical_train,NORDEA BANK AB (PUBL),6,0.0001
attempt_last_bank_name,historical_train,"VOLKSBANK HUNGARY PRIVATE, LTD.",6,0.0001
attempt_last_bank_name,historical_train,PULSE EFT ASSOCIATION,6,0.0001
attempt_last_bank_name,historical_train,SWISS POST,6,0.0001
attempt_last_bank_name,historical_train,BANK POLSKA KASA OPIEKI S.A. (BANK PEKAO SA),6,0.0001
attempt_last_bank_name,historical_train,BANCO BILBAO VIZCAYA,6,0.0001
attempt_last_bank_name,historical_train,"TARJETAS BANAMEX, SA DE CV, SOFOM E.R.",6,0.0001
attempt_last_bank_name,historical_train,CREDIT IMMOBILIER ET. HOTELIER,6,0.0001
attempt_last_bank_name,historical_train,LGE COMMUNITY C.U.,6,0.0001
attempt_last_bank_name,historical_train,AXIS BANK LIMITED,6,0.0001
attempt_last_bank_name,historical_train,"BANK OF CHINA, LTD.",6,0.0001
attempt_last_bank_name,historical_train,ERSTE BANK HUNGARY ZRT.,6,0.0001
attempt_last_bank_name,historical_train,FIRST STATE BANK,6,0.0001
attempt_last_bank_name,historical_train,"FBME CARD SERVICES, LTD.",6,0.0001
attempt_last_bank_name,historical_train,UNICREDIT BANKA SLOVENIJA D.D.,6,0.0001
attempt_last_bank_name,historical_train,HUNTINGTON SCHOOLS F.C.U.,6,0.0001
attempt_last_bank_name,historical_train,"BANCO MACRO, S.A.",6,0.0001
attempt_last_bank_name,historical_train,SAFEWAY LOS ANGELES F.C.U.,6,0.0001
attempt_last_bank_name,historical_train,NORDEA BANK DANMARK A/S,6,0.0001
attempt_last_bank_name,historical_train,CAPITAL COMMUNICATIONS F.C.U.,6,0.0001
attempt_last_bank_name,historical_train,BANK OF IRElanD,6,0.0001
attempt_last_bank_name,historical_train,VISA SWEDEN ASSOCIATION,6,0.0001
attempt_last_bank_name,historical_train,AMEX CANADA GLOBESTAR,6,0.0001
attempt_last_bank_name,historical_train,ERSTE BANK AD NOVI SAD,6,0.0001
attempt_last_bank_name,historical_train,"POCA VALLEY BANK, INC.",6,0.0001
attempt_last_bank_name,historical_train,FOX CHASE FEDERAL SAVINGS BANK,6,0.0001
attempt_last_bank_name,historical_train,POMELO TECNOLOGIA PERU S.A.C.,6,0.0001
attempt_last_bank_name,historical_train,SETEFI S.P.A.,6,0.0001
attempt_last_bank_name,historical_train,"EQUITY BANK, LTD.",6,0.0001
attempt_last_bank_name,historical_train,"DEUTSCHE KREDITBANK AG (DKB), LUFTHANSA, MILES AND MORE",6,0.0001
attempt_last_bank_name,historical_train,"TMB BANK PUBLIC CO., LTD.",6,0.0001
attempt_last_bank_name,historical_train,AMERICA FIRST F.C.U.,6,0.0001
attempt_last_bank_name,historical_train,VISA NORGE A/S,6,0.0001
attempt_last_bank_name,historical_train,DEUTSCHE POSTBANK AG,6,0.0001
attempt_last_bank_name,historical_train,NLB TUTUNSKA BANKA AD SKOPJE,6,0.0001
attempt_last_bank_name,historical_train,PRIORBANK JSC,6,0.0001
attempt_last_bank_name,historical_train,YAPI VE KREDI BANKASI A.S.,6,0.0001
attempt_last_bank_name,historical_train,lanDESBANK BADEN-WUERTTEMBERG,6,0.0001
attempt_last_bank_name,historical_train,ARAB INTERNATIONAL BANK,6,0.0001
attempt_last_bank_name,historical_train,BANCO POPOLARE CROATIA D.D,6,0.0001
attempt_last_bank_name,historical_train,"KOTAK MAHINDRA BANK, LTD.",6,0.0001
attempt_last_bank_name,historical_train,JSC VNESHTORGBANK RETAIL FINANCIAL SERVICES,6,0.0001
attempt_last_bank_name,historical_train,"BANCO POPULAR ESPANOL, S.A.",6,0.0001
attempt_last_bank_name,historical_train,VIETNAM PROSPERITY JSCB,6,0.0001
attempt_last_bank_name,historical_train,"CITY BANK, LTD.",5,8.333333333333333e-05
attempt_last_bank_name,historical_train,VERBAND DER SPARDA BANKEN E.V.,5,8.333333333333333e-05
attempt_last_bank_name,historical_train,"JACK HENRY AND ASSOCIATES, INC.",5,8.333333333333333e-05
attempt_last_bank_name,historical_train,FIRST NORTHERN C.U.,5,8.333333333333333e-05
attempt_last_bank_name,historical_train,"TAIPEI FUBON COMMERCIAL BANK CO., LTD.",5,8.333333333333333e-05
attempt_last_bank_name,historical_train,CASSA CENTRALE BANCA - CREDITO COOPERATIVO DElanORD E,5,8.333333333333333e-05
attempt_last_bank_name,historical_train,Bank of Georgia,5,8.333333333333333e-05
attempt_last_bank_name,historical_train,FIRST INDEPENDENCE BANK,5,8.333333333333333e-05
attempt_last_bank_name,historical_train,SPAREKASSEN FARSOE,5,8.333333333333333e-05
attempt_last_bank_name,historical_train,"NYCE PAYMENTS NETWORK, LLC",5,8.333333333333333e-05
attempt_last_bank_name,historical_train,NORDEA BANK NORGE ASA HK,5,8.333333333333333e-05
attempt_last_bank_name,historical_train,"MONEY ACCESS SERVICE, INC.",5,8.333333333333333e-05
attempt_last_bank_name,historical_train,"BANCO POPULAR DOMINICANO, C. POR A.",5,8.333333333333333e-05
attempt_last_bank_name,historical_train,DHCU COMMUNITY C.U.,5,8.333333333333333e-05
attempt_last_bank_name,historical_train,"BANCO POPULAR DOMINICANO, C. POR A., BANCO MULTIPLE",5,8.333333333333333e-05
attempt_last_bank_name,historical_train,NATIONAL BANK OF RAS AL-KHAIMAH (RAKBANK),5,8.333333333333333e-05
attempt_last_bank_name,historical_train,GE MONEY BANK AG,5,8.333333333333333e-05
attempt_last_bank_name,historical_train,"REPUBLIC BANK, LTD.",5,8.333333333333333e-05
attempt_last_bank_name,historical_train,ING BELGIUM SA/NV,5,8.333333333333333e-05
attempt_last_bank_name,historical_train,"JSC ""UNIVERSAL BANK""",5,8.333333333333333e-05
attempt_last_bank_name,historical_train,BANCO COOPERATIVO DO BRASIL S/A,5,8.333333333333333e-05
attempt_last_bank_name,historical_train,XACBANK LLC,5,8.333333333333333e-05
attempt_last_bank_name,historical_train,"TAYLORSVILLE SAVINGS BANK, S.S.B.",5,8.333333333333333e-05
attempt_last_bank_name,historical_train,HUNTINGTON NATIONAL BANK,5,8.333333333333333e-05
attempt_last_bank_name,historical_train,BORBJERG SPAREKASSE,5,8.333333333333333e-05
attempt_last_bank_name,historical_train,"HELlanIC BANK PUBLIC CO., LTD.",5,8.333333333333333e-05
attempt_last_bank_name,historical_train,TELECOMMUNITY C.U.,5,8.333333333333333e-05
attempt_last_bank_name,historical_train,"BANCO MULTIPLE REPUBLIC BANK (DR), S.A.",5,8.333333333333333e-05
attempt_last_bank_name,historical_train,SIGNATURE BANK,5,8.333333333333333e-05
attempt_last_bank_name,historical_train,"BANCO BANSUD, S.A.",5,8.333333333333333e-05
attempt_last_bank_name,historical_train,"CREDOMATIC DEL ISTMO, S.A.",5,8.333333333333333e-05
attempt_last_bank_name,historical_train,"SANTANDER CONSUMO, S.A. DE C.V. SOFOM, E.R.",5,8.333333333333333e-05
attempt_last_bank_name,historical_train,"BANCO POPULAR DOMINICANO - BANCO MULTIPLE, S.A.",5,8.333333333333333e-05
attempt_last_bank_name,historical_train,"NIPPON SHINPAN CO., LTD.",5,8.333333333333333e-05
attempt_last_bank_name,historical_train,SBI CARDS AND PAYMENT SERVICES LIMITED,5,8.333333333333333e-05
attempt_last_bank_name,historical_train,JSC FIRST REPUBLIC BANK,5,8.333333333333333e-05
attempt_last_bank_name,historical_train,AHLI BANK Q.S.C.,5,8.333333333333333e-05
attempt_last_bank_name,historical_train,VISA,5,8.333333333333333e-05
attempt_last_bank_name,historical_train,LUOTTOKUNTA,5,8.333333333333333e-05
attempt_last_bank_name,historical_train,PlanTERSFIRST,5,8.333333333333333e-05
attempt_last_bank_name,historical_train,"CHINA GUANGFA BANK CO., LTD.",5,8.333333333333333e-05
attempt_last_bank_name,historical_train,ZENITH BANK,5,8.333333333333333e-05
attempt_last_bank_name,historical_train,NORDDEUTSCHE lanDESBANK GIROZENTRALE NORD LB,5,8.333333333333333e-05
attempt_last_bank_name,historical_train,BANCO POPULAR NORTH AMERICA,5,8.333333333333333e-05
attempt_last_bank_name,historical_train,U OF P F.C.U.,5,8.333333333333333e-05
attempt_last_bank_name,historical_train,BANK OF CHINA,5,8.333333333333333e-05
attempt_last_bank_name,historical_train,K AND H BANK ZRT,5,8.333333333333333e-05
attempt_last_bank_name,historical_train,CHARTER ONE BANK,5,8.333333333333333e-05
attempt_last_bank_name,historical_train,BANK OF SCOTlanD,5,8.333333333333333e-05
attempt_last_bank_name,historical_train,PUBLIC JSC RAIFFEISEN BANK AVAL,5,8.333333333333333e-05
attempt_last_bank_name,historical_train,FARMERS BANK AND TRUST COMPANY,5,8.333333333333333e-05
attempt_last_bank_name,historical_train,PT. ANZ PANIN BANK,5,8.333333333333333e-05
attempt_last_bank_name,historical_train,BLOM BANK S.A.L.,5,8.333333333333333e-05
attempt_last_bank_name,historical_train,"BCC CORPORATE, N.V.",5,8.333333333333333e-05
attempt_last_bank_name,historical_train,ICBC,5,8.333333333333333e-05
attempt_last_bank_name,historical_train,BANCO PARIS,5,8.333333333333333e-05
attempt_last_bank_name,historical_train,GRAND BANK AND TRUST OF FLORIDA,5,8.333333333333333e-05
attempt_last_bank_name,historical_train,TIB - THE INDEPENDENT BANKERSBANK,5,8.333333333333333e-05
attempt_last_bank_name,historical_train,MANUFACTURERS AND TRADERS TRUST COMPANY,5,8.333333333333333e-05
attempt_last_bank_name,historical_train,GREENVILLE HERITAGE F.C.U.,5,8.333333333333333e-05
attempt_last_bank_name,historical_train,"ICBA BANCARD, INC.",5,8.333333333333333e-05
attempt_last_bank_name,historical_train,"BANCO DEL AUSTRO, S.A.",5,8.333333333333333e-05
attempt_last_bank_name,historical_train,SB HSBC BANK KAZAKHSTAN JSC,5,8.333333333333333e-05
attempt_last_bank_name,historical_train,JSB UKRGASBANK,5,8.333333333333333e-05
attempt_last_bank_name,historical_train,"INDUSIND BANK, LTD.",5,8.333333333333333e-05
attempt_last_bank_name,historical_train,BANK OF CEYLON,5,8.333333333333333e-05
attempt_last_bank_name,historical_train,DNB NOR BANK ASA,5,8.333333333333333e-05
attempt_last_bank_name,historical_train,OTP BANK NYRT.,5,8.333333333333333e-05
attempt_last_bank_name,historical_train,"WELLS FARGO BANK, NATIONAL ASSOCIATION",5,8.333333333333333e-05
attempt_last_bank_name,historical_train,"BBVA BANCOMER, S.A.",5,8.333333333333333e-05
attempt_last_bank_name,historical_train,"WELLS FARGO BANK ARIZONA, N.A.",5,8.333333333333333e-05
attempt_last_bank_name,historical_train,CAJA RURAL DE ALMERIA Y MALAGA (CAJAMAR),5,8.333333333333333e-05
attempt_last_bank_name,historical_train,"CITIBANK TAIWAN, LTD.",5,8.333333333333333e-05
attempt_last_bank_name,historical_train,SHARJAH ISLAMIC BANK PJSC,5,8.333333333333333e-05
attempt_last_bank_name,historical_train,URBAN TRUST BANK,5,8.333333333333333e-05
attempt_last_bank_name,historical_train,DIGITAL F.C.U.,5,8.333333333333333e-05
attempt_last_bank_name,historical_train,HSBC BANK - EGYPT SAE,5,8.333333333333333e-05
attempt_last_bank_name,historical_train,NORGREN EMPLOYEES F.C.U.,5,8.333333333333333e-05
attempt_last_bank_name,historical_train,SCOTIABANK PERU S.A.A.,4,6.666666666666667e-05
attempt_last_bank_name,historical_train,"SCOTIABANK EL SALVADOR, S.A.",4,6.666666666666667e-05
attempt_last_bank_name,historical_train,SPAREKASSEN I SKALS,4,6.666666666666667e-05
attempt_last_bank_name,historical_train,SAMPATH BANK PLC,4,6.666666666666667e-05
attempt_last_bank_name,historical_train,PEACH STATE F.C.U.,4,6.666666666666667e-05
attempt_last_bank_name,historical_train,BALTIYSKIY BANK,4,6.666666666666667e-05
attempt_last_bank_name,historical_train,PARK NATIONAL BANK,4,6.666666666666667e-05
attempt_last_bank_name,historical_train,"UMB BANK, N.A.",4,6.666666666666667e-05
attempt_last_bank_name,historical_train,HUDSON'S BAY COMPANY,4,6.666666666666667e-05
attempt_last_bank_name,historical_train,"ING BANK, A.S.",4,6.666666666666667e-05
attempt_last_bank_name,historical_train,MDM BANK OJSC,4,6.666666666666667e-05
attempt_last_bank_name,historical_train,"EASTERN CARIBBEAN AMALGAMATED BANK, LTD.",4,6.666666666666667e-05
attempt_last_bank_name,historical_train,KANSAS TEACHERS C.U.,4,6.666666666666667e-05
attempt_last_bank_name,historical_train,"MB FINANCIAL BANK, N.A.",4,6.666666666666667e-05
attempt_last_bank_name,historical_train,FBR NATIONAL BANK AND TRUST,4,6.666666666666667e-05
attempt_last_bank_name,historical_train,"BANCO BHD, S.A., BANCO MZLTIPLE",4,6.666666666666667e-05
attempt_last_bank_name,historical_train,"STATE FINANCIAL BANK, N.A.",4,6.666666666666667e-05
attempt_last_bank_name,historical_train,VJA,4,6.666666666666667e-05
attempt_last_bank_name,historical_train,ARARATBANK OJSC,4,6.666666666666667e-05
attempt_last_bank_name,historical_train,ALPHA BANK,4,6.666666666666667e-05
attempt_last_bank_name,historical_train,"GENERAL CARD SERVICES, LTD.",4,6.666666666666667e-05
attempt_last_bank_name,historical_train,ALLIED IRISH BANKS PLC,4,6.666666666666667e-05
attempt_last_bank_name,historical_train,"TOWN NORTH BANK, N.A.",4,6.666666666666667e-05
attempt_last_bank_name,historical_train,BANK DHOFAR (S.A.O.G.),4,6.666666666666667e-05
attempt_last_bank_name,historical_train,"CAPITAL ONE, N.A.",4,6.666666666666667e-05
attempt_last_bank_name,historical_train,MERRICK BANK CORPORATION,4,6.666666666666667e-05
attempt_last_bank_name,historical_train,SHANGHAI PUDONG DEVELOPMENT BANK,4,6.666666666666667e-05
attempt_last_bank_name,historical_train,ARAB NATIONAL BANK,4,6.666666666666667e-05
attempt_last_bank_name,historical_train,VIETNAM INTERNATIONAL COMMERCIAL JSB,4,6.666666666666667e-05
attempt_last_bank_name,historical_train,"BANCO DE VENEZUELA, S.A.",4,6.666666666666667e-05
attempt_last_bank_name,historical_train,FIRST LIBERTY BANK,4,6.666666666666667e-05
attempt_last_bank_name,historical_train,SEDICIBANCA S.P.A.,4,6.666666666666667e-05
attempt_last_bank_name,historical_train,"""FIRST HEARTLAND JUSAN BANK"" JOINT STOCK COMPANY",4,6.666666666666667e-05
attempt_last_bank_name,historical_train,"BANCO COMERCIAL DE MACAU, S.A.",4,6.666666666666667e-05
attempt_last_bank_name,historical_train,"KB KOOKMIN CARD CO., LTD",4,6.666666666666667e-05
attempt_last_bank_name,historical_train,REVOLUT PAYMENTS AUSTRALIA PTY LTD,4,6.666666666666667e-05
attempt_last_bank_name,historical_train,"CREDICARD, S.A.",4,6.666666666666667e-05
attempt_last_bank_name,historical_train,CITIBANK INTERNATIONAL PLC,4,6.666666666666667e-05
attempt_last_bank_name,historical_train,FIRST BANK AND TRUST,4,6.666666666666667e-05
attempt_last_bank_name,historical_train,"JYSKE BANK (GIBRALTAR), LTD.",4,6.666666666666667e-05
attempt_last_bank_name,historical_train,BANC ONE POINT-OF-SALE SERVICES CORPORATION,4,6.666666666666667e-05
attempt_last_bank_name,historical_train,"ASKARI BANK, LTD.",4,6.666666666666667e-05
attempt_last_bank_name,historical_train,ARVEST BANK,4,6.666666666666667e-05
attempt_last_bank_name,historical_train,BANCO BILBAO VIZCAYA ARGENTARIA COLOMBIA S.A. BBVA COLOMBIA,4,6.666666666666667e-05
attempt_last_bank_name,historical_train,"BANCO DE ANDALUCIA, S.A.",4,6.666666666666667e-05
attempt_last_bank_name,historical_train,EAST WEST BANKING CORPORATION,4,6.666666666666667e-05
attempt_last_bank_name,historical_train,"CREDOMATIC DE CENTROAMERICA, S.A.",4,6.666666666666667e-05
attempt_last_bank_name,historical_train,SILVER STATE SCHOOLS C.U.,4,6.666666666666667e-05
attempt_last_bank_name,historical_train,MIDFIRST BANK,4,6.666666666666667e-05
attempt_last_bank_name,historical_train,CITIBANK EUROPE PLC,4,6.666666666666667e-05
attempt_last_bank_name,historical_train,ZAMINBANK OJSC,4,6.666666666666667e-05
attempt_last_bank_name,historical_train,SOCIETE GENERALE DE BANQUES AU SENEGAL,4,6.666666666666667e-05
attempt_last_bank_name,historical_train,PENTAGON F.C.U.,4,6.666666666666667e-05
attempt_last_bank_name,historical_train,"SBI CARDS AND PAYMENT SERVICES PVT., LTD.",4,6.666666666666667e-05
attempt_last_bank_name,historical_train,FIRST ENTERTAINMENT C.U.,4,6.666666666666667e-05
attempt_last_bank_name,historical_train,UNIVERSAL BANK,4,6.666666666666667e-05
attempt_last_bank_name,historical_train,SCHOOLSFIRST F.C.U.,4,6.666666666666667e-05
attempt_last_bank_name,historical_train,MUNICIPAL C.U.,4,6.666666666666667e-05
attempt_last_bank_name,historical_train,SAINSBURYS BANK PLC,4,6.666666666666667e-05
attempt_last_bank_name,historical_train,"BANCO DEL BAJIO, S.A.",4,6.666666666666667e-05
attempt_last_bank_name,historical_train,"SERVICIOS FINANCIEROS CARREFOUR, ESTABLECIMIENTO",4,6.666666666666667e-05
attempt_last_bank_name,historical_train,"CITIBANK, N.A., PHILIPPINES",4,6.666666666666667e-05
attempt_last_bank_name,historical_train,CREDIT ONE BANK,4,6.666666666666667e-05
attempt_last_bank_name,historical_train,BANCO DE DESARROLLO RURAL S.A. BANRURAL,4,6.666666666666667e-05
attempt_last_bank_name,historical_train,COMPANHIA BRASILEIRA DE MEIOS DE PAGAMENTO,4,6.666666666666667e-05
attempt_last_bank_name,historical_train,AFFINITY F.C.U.,4,6.666666666666667e-05
attempt_last_bank_name,historical_train,BANK OF BIRMINGHAM,4,6.666666666666667e-05
attempt_last_bank_name,historical_train,SWISS BANKERS PREPAID SERVICES AG,4,6.666666666666667e-05
attempt_last_bank_name,historical_train,"BANCO PROFESIONAL DE DESARROLLO, S.A.",4,6.666666666666667e-05
attempt_last_bank_name,historical_train,HOME CREDIT BANK JSC,4,6.666666666666667e-05
attempt_last_bank_name,historical_train,"BBVA BANCO GANADERO, S.A.",4,6.666666666666667e-05
attempt_last_bank_name,historical_train,BANK OF BAHAMAS,4,6.666666666666667e-05
attempt_last_bank_name,historical_train,S AND T BANK,4,6.666666666666667e-05
attempt_last_bank_name,historical_train,"MVB BANK, INC",4,6.666666666666667e-05
attempt_last_bank_name,historical_train,COMMERCIAL INTERNATIONAL BANK,4,6.666666666666667e-05
attempt_last_bank_name,historical_train,WEDGE BANK MIDDLE EAST S.A.L,4,6.666666666666667e-05
attempt_last_bank_name,historical_train,ORIENT CORPORATION,4,6.666666666666667e-05
attempt_last_bank_name,historical_train,"BURGAN BANK, S.A.K.",4,6.666666666666667e-05
attempt_last_bank_name,historical_train,INDIANA UNIVERSITY C.U.,4,6.666666666666667e-05
attempt_last_bank_name,historical_train,"HSBC BANK USA, N.A.",4,6.666666666666667e-05
attempt_last_bank_name,historical_train,MOSCOW NARODNY BANK LIMITED (MOSNAR BANK LIMITED),4,6.666666666666667e-05
attempt_last_bank_name,historical_train,PORTOSEG S.A. CREDITO FINANCIAMENTO E INVESTIMENTO,4,6.666666666666667e-05
attempt_last_bank_name,historical_train,VANCOUVER CITY SAVINGS C.U.,4,6.666666666666667e-05
attempt_last_bank_name,historical_train,SVYAZNOY BANK (JSC),4,6.666666666666667e-05
attempt_last_bank_name,historical_train,OTP BANK JSC,4,6.666666666666667e-05
attempt_last_bank_name,historical_train,GE CAPITAL CONSUMER CARD CO.,4,6.666666666666667e-05
attempt_last_bank_name,historical_train,PULSE NETWORK LLC,4,6.666666666666667e-05
attempt_last_bank_name,historical_train,CREDIT ANDORRA,4,6.666666666666667e-05
attempt_last_bank_name,historical_train,EUROPAY AUSTRIA ZAHlanGSVERKEHRSSYSTEME GMBH,4,6.666666666666667e-05
attempt_last_bank_name,historical_train,"MARSHALL BANK, N.A.",4,6.666666666666667e-05
attempt_last_bank_name,historical_train,BANK AUDI S.A.L. - AUDI SARADAR GROUP,4,6.666666666666667e-05
attempt_last_bank_name,historical_train,"BANCO SUPERVIELLE, S.A.",4,6.666666666666667e-05
attempt_last_bank_name,historical_train,CITIBANK PRIVATKUNDEN AG AND CO KGAA,4,6.666666666666667e-05
attempt_last_bank_name,historical_train,"GREATER BUILDING SOCIETY, LTD.",4,6.666666666666667e-05
attempt_last_bank_name,historical_train,ING-DIBA AG,4,6.666666666666667e-05
attempt_last_bank_name,historical_train,BANK OF ISRAEL,4,6.666666666666667e-05
attempt_last_bank_name,historical_train,ESBANK ESKISEHIR BANKASI T.A.S.,4,6.666666666666667e-05
attempt_last_bank_name,historical_train,"FBME BANK, LTD.",4,6.666666666666667e-05
attempt_last_bank_name,historical_train,"CITIBANK DEL PERU, S.A.",4,6.666666666666667e-05
attempt_last_bank_name,historical_train,AS SEB PANK,4,6.666666666666667e-05
attempt_last_bank_name,historical_train,"SAINT KITTS AND NEVIS-ANGUILLA NATIONAL BANK, LTD.",4,6.666666666666667e-05
attempt_last_bank_name,historical_train,NURBANK JSC,4,6.666666666666667e-05
attempt_last_bank_name,historical_train,ADVANCE BANK AG,4,6.666666666666667e-05
attempt_last_bank_name,historical_train,"CIBC BANK AND TRUST COMPANY CAYMAN, LTD.",4,6.666666666666667e-05
attempt_last_bank_name,historical_train,"BARNETT BANK, N.A.",4,6.666666666666667e-05
attempt_last_bank_name,historical_train,BANCO BRADESCO,4,6.666666666666667e-05
attempt_last_bank_name,historical_train,"SBI CARDS AND PAYMENT SERVICES PTE, LTD.",4,6.666666666666667e-05
attempt_last_bank_name,historical_train,DIAMOND C.U.,4,6.666666666666667e-05
attempt_last_bank_name,historical_train,BANCO COOPERATIVO ESPANOL,4,6.666666666666667e-05
attempt_last_bank_name,historical_train,ERSTE BANK DER OESTERREICHISCHEN SPARKASSEN AG,4,6.666666666666667e-05
attempt_last_bank_name,historical_train,"NORTH SHORE BANK, F.S.B.",4,6.666666666666667e-05
attempt_last_bank_name,historical_train,"BUDAPEST BANK, LTD.",4,6.666666666666667e-05
attempt_last_bank_name,historical_train,UNIVERSITY F.C.U.,3,5e-05
attempt_last_bank_name,historical_train,R RAPHAEL AND SONS PLC,3,5e-05
attempt_last_bank_name,historical_train,"COMMERCIAL BANK TRANSPORTNY INVESTITIONAL BANK, LTD.",3,5e-05
attempt_last_bank_name,historical_train,"BANCO ELCA, S.A.",3,5e-05
attempt_last_bank_name,historical_train,SOUTHTRUST BANK,3,5e-05
attempt_last_bank_name,historical_train,lanDESBANK BERlan AG - ADAC,3,5e-05
attempt_last_bank_name,historical_train,UNIVERSAL INVESTMENT BANK AD SKOPJE,3,5e-05
attempt_last_bank_name,historical_train,"APS FINANCIAL, LTD.",3,5e-05
attempt_last_bank_name,historical_train,"DBS BANK (HONG KONG), LTD.",3,5e-05
attempt_last_bank_name,historical_train,ECOBANK NIGERIA PLC,3,5e-05
attempt_last_bank_name,historical_train,"BANCO DEL PACIFICO, S.A.",3,5e-05
attempt_last_bank_name,historical_train,BANCO COOPERATIVO SICREDI S.A. BANSICREDI,3,5e-05
attempt_last_bank_name,historical_train,INTERNATIONAL BANK OF COMMERCE,3,5e-05
attempt_last_bank_name,historical_train,SOUTHERN EXCHANGE BANK,3,5e-05
attempt_last_bank_name,historical_train,SERVIRED S.C.,3,5e-05
attempt_last_bank_name,historical_train,"MELlan BANK, N.A.",3,5e-05
attempt_last_bank_name,historical_train,"BANCO DE AHORRO Y CREDITO MICRO, S.A.",3,5e-05
attempt_last_bank_name,historical_train,POMELO FINTECH SERVICES SAS,3,5e-05
attempt_last_bank_name,historical_train,EUROPAY 6000,3,5e-05
attempt_last_bank_name,historical_train,JSCB PROBUSINESSBANK OJSC,3,5e-05
attempt_last_bank_name,historical_train,MOST-BANK,3,5e-05
attempt_last_bank_name,historical_train,"FIRST CITIZENS BANK, LTD.",3,5e-05
attempt_last_bank_name,historical_train,"BANCO BHD, S.A.",3,5e-05
attempt_last_bank_name,historical_train,"RBC BANK, (GEORGIA) NATIONAL ASSOCIATION",3,5e-05
attempt_last_bank_name,historical_train,NOBA BANK GROUP AB (PUBL),3,5e-05
attempt_last_bank_name,historical_train,"BNY MELlan, N.A.",3,5e-05
attempt_last_bank_name,historical_train,"UNION BANK OF CALIFORNIA, N.A.",3,5e-05
attempt_last_bank_name,historical_train,PALM DESERT NATIONAL BANK,3,5e-05
attempt_last_bank_name,historical_train,CITIBANK BERHAD,3,5e-05
attempt_last_bank_name,historical_train,"GREATER BAY BANK, N.A.",3,5e-05
attempt_last_bank_name,historical_train,HUDSON UNITED BANK,3,5e-05
attempt_last_bank_name,historical_train,"BANK MILlanNIUM, S.A.",3,5e-05
attempt_last_bank_name,historical_train,BC CARD CO.,3,5e-05
attempt_last_bank_name,historical_train,OHIO CENTRAL SAVINGS,3,5e-05
attempt_last_bank_name,historical_train,SONY BANK INCORPORATED,3,5e-05
attempt_last_bank_name,historical_train,EXCHANGE NATIONAL BANK,3,5e-05
attempt_last_bank_name,historical_train,SMW LOCAL 110 F.C.U.,3,5e-05
attempt_last_bank_name,historical_train,JSCB SOYUZ,3,5e-05
attempt_last_bank_name,historical_train,"THAI FARMERS BANK PUBLIC COMPANY, LTD.",3,5e-05
attempt_last_bank_name,historical_train,SPACE COAST C.U.,3,5e-05
attempt_last_bank_name,historical_train,KNOXVILLE TVA EMPLOYEES C.U.,3,5e-05
attempt_last_bank_name,historical_train,WARKA BANK FOR INVESTMENT AND FINANCE,3,5e-05
attempt_last_bank_name,historical_train,VYSTAR C.U.,3,5e-05
attempt_last_bank_name,historical_train,"COMPUTER SERVICES, INC.",3,5e-05
attempt_last_bank_name,historical_train,COLUMBUS BANK AND TRUST COMPANY,3,5e-05
attempt_last_bank_name,historical_train,"COMMERCIAL BANK OF DUBAI, LTD.",3,5e-05
attempt_last_bank_name,historical_train,VATTANAC BANK,3,5e-05
attempt_last_bank_name,historical_train,"BANCO DE MADRID, S.A.",3,5e-05
attempt_last_bank_name,historical_train,FIRST CENTRAL BANK,3,5e-05
attempt_last_bank_name,historical_train,SUNRATE SOLUTIONS LIMITED,3,5e-05
attempt_last_bank_name,historical_train,FIRST NATIONAL BANK OF ATlanTA,3,5e-05
attempt_last_bank_name,historical_train,CENTRAL TRUST BANK,3,5e-05
attempt_last_bank_name,historical_train,"ATE BANK ROMANIA, S.A.",3,5e-05
attempt_last_bank_name,historical_train,COMMUNITY BANCSERVICE CORPORATION,3,5e-05
attempt_last_bank_name,historical_train,BANCO MERCANTIL FINASA S.A. - SAO PAULO,3,5e-05
attempt_last_bank_name,historical_train,CINCINNATI CENTRAL C.U.,3,5e-05
attempt_last_bank_name,historical_train,CO-OPERATIVE BANK PLC,3,5e-05
attempt_last_bank_name,historical_train,BARCLAY BANK,3,5e-05
attempt_last_bank_name,historical_train,SILICON VALLEY BANK,3,5e-05
attempt_last_bank_name,historical_train,BANK HAPOALIM B.M.,3,5e-05
attempt_last_bank_name,historical_train,BANCO DE RESERVAS DE LA REPUBLICA DOMINICANA,3,5e-05
attempt_last_bank_name,historical_train,PUBLIC SAVINGS BANK,3,5e-05
attempt_last_bank_name,historical_train,"GIO BUILDING SOCIETY, LTD.",3,5e-05
attempt_last_bank_name,historical_train,LEESPORT BANK,3,5e-05
attempt_last_bank_name,historical_train,"RAKUTEN CARD CO., LTD.",3,5e-05
attempt_last_bank_name,historical_train,"ING LUXEMBOURG, S.A.",3,5e-05
attempt_last_bank_name,historical_train,"UNIBANK, S.A.",3,5e-05
attempt_last_bank_name,historical_train,"ROMANIAN COMMERCIAL BANK, S.A. - BANCA COMERCIALA ROMANA, S.A.",3,5e-05
attempt_last_bank_name,historical_train,BElanESHECONOMBANK FOREIGN ECONOMIC AFFAIRS BELARUS JSCB,3,5e-05
attempt_last_bank_name,historical_train,UNION BANK COMPANY,3,5e-05
attempt_last_bank_name,historical_train,OLD NATIONAL BANK,3,5e-05
attempt_last_bank_name,historical_train,OJSC ORIENBANK,3,5e-05
attempt_last_bank_name,historical_train,"BANK OF BERMUDA, LTD.",3,5e-05
attempt_last_bank_name,historical_train,DIE SPARKASSE IN BREMEN,3,5e-05
attempt_last_bank_name,historical_train,KIT FINANCE INVESTMENT BANK PJSC,3,5e-05
attempt_last_bank_name,historical_train,"ALBARAKA TURK KATILIM BANKASI, A.S.",3,5e-05
attempt_last_bank_name,historical_train,MFC FIRST NATIONAL BANK,3,5e-05
attempt_last_bank_name,historical_train,"UNIBANCA, S.A",3,5e-05
attempt_last_bank_name,historical_train,BANK DUTA,3,5e-05
attempt_last_bank_name,historical_train,CAJA RURAL PROVINCIAL DE MALAGA,3,5e-05
attempt_last_bank_name,historical_train,INDIAN BANK,3,5e-05
attempt_last_bank_name,historical_train,BElanESHECONOMBANK,3,5e-05
attempt_last_bank_name,historical_train,SPAREBANKEN VEST,3,5e-05
attempt_last_bank_name,historical_train,USB BANK PLC,3,5e-05
attempt_last_bank_name,historical_train,BANQUE LIBANO-FRANCAISE S.A.L.,3,5e-05
attempt_last_bank_name,historical_train,"SHANGHAI COMMERCIAL BANK, LTD.",3,5e-05
attempt_last_bank_name,historical_train,"CESKOSLOVENSKA OBCHODNA BANKA, A.S.",3,5e-05
attempt_last_bank_name,historical_train,BANK NA KRASNIKH VOROTAKH JSCB (RED GATES BANK),3,5e-05
attempt_last_bank_name,historical_train,UNION BANK OF THE PHILIPPINES,3,5e-05
attempt_last_bank_name,historical_train,DEUTSCHE BANK S.P.A.,3,5e-05
attempt_last_bank_name,historical_train,BANKA KOMBETARE TREGTARE SH.A.,3,5e-05
attempt_last_bank_name,historical_train,MAYBANK,3,5e-05
attempt_last_bank_name,historical_train,TREEZOR SAS,3,5e-05
attempt_last_bank_name,historical_train,"CENTRAL TRUST BANK, THE",3,5e-05
attempt_last_bank_name,historical_train,"DC CARD COMPANY, LTD.",3,5e-05
attempt_last_bank_name,historical_train,"STANDARD FEDERAL BANK, N.A.",3,5e-05
attempt_last_bank_name,historical_train,"UNICREDIT TIRIAC BANK, S.A.",3,5e-05
attempt_last_bank_name,historical_train,JSC URALPRIVATBANK,3,5e-05
attempt_last_bank_name,historical_train,HEARTlanD C.U.,3,5e-05
attempt_last_bank_name,historical_train,BANCA DE ECONOMI,3,5e-05
attempt_last_bank_name,historical_train,ZIONS FIRST NATIONAL BANK,3,5e-05
attempt_last_bank_name,historical_train,DSK BANK PLC,3,5e-05
attempt_last_bank_name,historical_train,BANCA SELLA HOLDING S.P.A.,3,5e-05
attempt_last_bank_name,historical_train,NOVA LJUBLJANSKA BANKA D.D.,3,5e-05
attempt_last_bank_name,historical_train,"BANCO MERCANTIL DElanORTE, S.A. (DBA - BANORTE)",3,5e-05
attempt_last_bank_name,historical_train,KOTAK MAHINDRA BANK,3,5e-05
attempt_last_bank_name,historical_train,SEACOAST NATIONAL BANK,3,5e-05
attempt_last_bank_name,historical_train,CREDIT POPULAIRE D'ALGERIE,3,5e-05
attempt_last_bank_name,historical_train,"FRANKlan BANK, S.S.B.",3,5e-05
attempt_last_bank_name,historical_train,JSCB ASAKA,3,5e-05
attempt_last_bank_name,historical_train,PJSC INTEGRAL BANK,3,5e-05
attempt_last_bank_name,historical_train,BANQUE MAROCAINE DU COMMERCE EXTERIEUR,3,5e-05
attempt_last_bank_name,historical_train,BANCO DE COSTA RICA,3,5e-05
attempt_last_bank_name,historical_train,LASALLE BANK MIDWEST NATIONAL ASSOCIATION,3,5e-05
attempt_last_bank_name,historical_train,BAC FINANCIAL CORPORATION,3,5e-05
attempt_last_bank_name,historical_train,UNION BANK OF TAIWAN,3,5e-05
attempt_last_bank_name,historical_train,"BANCO TRANSANDINO, S.A.",3,5e-05
attempt_last_bank_name,historical_train,STANDARD CHARTERED BANK MALAYSIA BERHAD,3,5e-05
attempt_last_bank_name,historical_train,"BANCO PANAMERICANO, S.A.",3,5e-05
attempt_last_bank_name,historical_train,CAJA DE AHORROS DE MADRID (CAJA MADRID),3,5e-05
attempt_last_bank_name,historical_train,"VENTAS INTERNACIONALES, S.A. DE C.V.",3,5e-05
attempt_last_bank_name,historical_train,"HYPO BANK POLSKA, S.A.",3,5e-05
attempt_last_bank_name,historical_train,"MADURO AND CURIEL'S BANK, N.V.",3,5e-05
attempt_last_bank_name,historical_train,PAYLIFE BANK GMBH,3,5e-05
attempt_last_bank_name,historical_train,"BB AND T FINANCIAL, F.S.B.",3,5e-05
attempt_last_bank_name,historical_train,HSBC AMANAH MALAYSIA BERHAD,3,5e-05
attempt_last_bank_name,historical_train,ALLIANCE C.U.,3,5e-05
attempt_last_bank_name,historical_train,GRUPA BPS BANKI SPOLDZIELCZE I BANK BPS,3,5e-05
attempt_last_bank_name,historical_train,RBC CENTURA BANK,3,5e-05
attempt_last_bank_name,historical_train,CHINESE BANK,3,5e-05
attempt_last_bank_name,historical_train,ADAMS COUNTY NATIONAL BANK,3,5e-05
attempt_last_bank_name,historical_train,PT. HONEST FINANCIAL TECHNOLOGIES,3,5e-05
attempt_last_bank_name,historical_train,UNICREDIT BULBANK A.D.,3,5e-05
attempt_last_bank_name,historical_train,"BENDIGO AND ADELAIDE BANK, LTD.",3,5e-05
attempt_last_bank_name,historical_train,DEUTSCHE BANK SOCIEDAD ANONIMA ESPANOLA,3,5e-05
attempt_last_bank_name,historical_train,"MONEY CARD ASSOCIATION PR LEAGUE, INC.",3,5e-05
attempt_last_bank_name,historical_train,"KENYA COMMERCIAL BANK, LTD.",3,5e-05
attempt_last_bank_name,historical_train,CARREFOUR BANQUE,3,5e-05
attempt_last_bank_name,historical_train,PT. BANK CIMB NIAGA TBK.,3,5e-05
attempt_last_bank_name,historical_train,"OMC CARD, INC.",3,5e-05
attempt_last_bank_name,historical_train,KEYPOINT C.U.,3,5e-05
attempt_last_bank_name,historical_train,AMEX NETHERLANDS CONSUMER,3,5e-05
attempt_last_bank_name,historical_train,CAJA LABORAL POPULAR DE MONDRAGON,3,5e-05
attempt_last_bank_name,historical_train,BANK OF BOULDER,3,5e-05
attempt_last_bank_name,historical_train,"BANCO FININVEST, S.A.",3,5e-05
attempt_last_bank_name,historical_train,LATVIA SAVINGS BANK (LATVIA KRAJBANKA),3,5e-05
attempt_last_bank_name,historical_train,QATAR ISLAMIC BANK (S.A.Q.),3,5e-05
attempt_last_bank_name,historical_train,EDS C.U.,3,5e-05
attempt_last_bank_name,historical_train,FIRSTBANK PUERTO RICO,3,5e-05
attempt_last_bank_name,historical_train,"JOINT-STOCK COMPANY ""SENSE BANK""",3,5e-05
attempt_last_bank_name,historical_train,"DATA CENTER, INC.",3,5e-05
attempt_last_bank_name,historical_train,ALLIANCE BANK MALAYSIA BERHAD,3,5e-05
attempt_last_bank_name,historical_train,BANKA KOPER D.D.,3,5e-05
attempt_last_bank_name,historical_train,CREDIT AGRICOLE EGYPT S.A.E.,3,5e-05
attempt_last_bank_name,historical_train,EAST WEST BANK,3,5e-05
attempt_last_bank_name,historical_train,"SCOTIABANK TRINIDAD AND TOBAGO, LTD.",3,5e-05
attempt_last_bank_name,historical_train,GULF BANK K.S.C.,3,5e-05
attempt_last_bank_name,historical_train,BANCO CREDITO INVERSIONES,3,5e-05
attempt_last_bank_name,historical_train,SUNCOAST SCHOOLS F.C.U.,3,5e-05
attempt_last_bank_name,historical_train,"SCOTIABANK INVERLAT, S.A.",3,5e-05
attempt_last_bank_name,historical_train,SIU C.U.,2,3.3333333333333335e-05
attempt_last_bank_name,historical_train,WORCESTER C.U.,2,3.3333333333333335e-05
attempt_last_bank_name,historical_train,FINANCIERA BERMUDEZ Y VAlanZUELA S.A. COMPANIA DE FINANCIAMIENTO COMERCIAL,2,3.3333333333333335e-05
attempt_last_bank_name,historical_train,BANCO BILBAO VIZCAYA ARGENTARIA PUERTO RICO,2,3.3333333333333335e-05
attempt_last_bank_name,historical_train,"CITIBANK (HONG KONG), LTD.",2,3.3333333333333335e-05
attempt_last_bank_name,historical_train,U.S. BANK CANADA,2,3.3333333333333335e-05
attempt_last_bank_name,historical_train,"CITIBANK BELGIUM S.A./, N.V.",2,3.3333333333333335e-05
attempt_last_bank_name,historical_train,SEB VILNIAUS BANKAS AB,2,3.3333333333333335e-05
attempt_last_bank_name,historical_train,AEON CREDIT SERVICE (M) BERHAD,2,3.3333333333333335e-05
attempt_last_bank_name,historical_train,INTELIGENCIA EN FINANZAS SAPI DE CV,2,3.3333333333333335e-05
attempt_last_bank_name,historical_train,KOTAK MAHINDRA BANK LTD,2,3.3333333333333335e-05
attempt_last_bank_name,historical_train,"SCOTIABANK (BELIZE), LTD.",2,3.3333333333333335e-05
attempt_last_bank_name,historical_train,BNP PARIBAS FORTIS,2,3.3333333333333335e-05
attempt_last_bank_name,historical_train,"BANCO INTERNACIONAL, S.A.",2,3.3333333333333335e-05
attempt_last_bank_name,historical_train,SECURITY SERVICE F.C.U.,2,3.3333333333333335e-05
attempt_last_bank_name,historical_train,PT BANK OCBC NISP TBK,2,3.3333333333333335e-05
attempt_last_bank_name,historical_train,"BANGKOK BANK PUBLIC CO., LTD.",2,3.3333333333333335e-05
attempt_last_bank_name,historical_train,FIRST NIAGARA BANK,2,3.3333333333333335e-05
attempt_last_bank_name,historical_train,FIRST NATIONAL BANK OF PENNSYLVANIA,2,3.3333333333333335e-05
attempt_last_bank_name,historical_train,"BANCO DE LA PRODUCCION,S.A. (PRODUBANCO)",2,3.3333333333333335e-05
attempt_last_bank_name,historical_train,SYNOVUS BANK,2,3.3333333333333335e-05
attempt_last_bank_name,historical_train,FIRST UKRAINIAN INTERNATIONAL BANK,2,3.3333333333333335e-05
attempt_last_bank_name,historical_train,"JSCB MOLDINDCONBANK, S.A.",2,3.3333333333333335e-05
attempt_last_bank_name,historical_train,BANCO VOTORANTIM S/A,2,3.3333333333333335e-05
attempt_last_bank_name,historical_train,ROGUE RIVER COMMUNITY C.U.,2,3.3333333333333335e-05
attempt_last_bank_name,historical_train,"PECUNIA CARDS E.D.E., S.L.U.",2,3.3333333333333335e-05
attempt_last_bank_name,historical_train,BELARUSKY NARODNY BANK (BELARUSIAN PEOPLE'S BANK OJSC),2,3.3333333333333335e-05
attempt_last_bank_name,historical_train,SIX BBS AG,2,3.3333333333333335e-05
attempt_last_bank_name,historical_train,"BANCO CETELEM, S.A.",2,3.3333333333333335e-05
attempt_last_bank_name,historical_train,"BANKATlanTIC, F.S.B.",2,3.3333333333333335e-05
attempt_last_bank_name,historical_train,AGRICULTURAL BANK OF CHINA,2,3.3333333333333335e-05
attempt_last_bank_name,historical_train,MAIN STREET BANK,2,3.3333333333333335e-05
attempt_last_bank_name,historical_train,"SIAM COMMERCIAL BANK PUBLIC COMPANY, LTD.",2,3.3333333333333335e-05
attempt_last_bank_name,historical_train,CREDINS BANK SH.A.,2,3.3333333333333335e-05
attempt_last_bank_name,historical_train,"BANCO DEL SUQUIA, S.A.",2,3.3333333333333335e-05
attempt_last_bank_name,historical_train,GERMANTOWN FEDERAL SAVINGS BANK,2,3.3333333333333335e-05
attempt_last_bank_name,historical_train,TARJETAS DE ORO S.A. DE C.V.,2,3.3333333333333335e-05
attempt_last_bank_name,historical_train,EUROPEAN CLEARING BANK LTD. LIABILITY COMPANY,2,3.3333333333333335e-05
attempt_last_bank_name,historical_train,ANDHRA BANK,2,3.3333333333333335e-05
attempt_last_bank_name,historical_train,UNIVERSITY CREDIT UNION,2,3.3333333333333335e-05
attempt_last_bank_name,historical_train,ACCESS BANK PLC,2,3.3333333333333335e-05
attempt_last_bank_name,historical_train,JSCB - BANK OF BAKU,2,3.3333333333333335e-05
attempt_last_bank_name,historical_train,"ECOBANK GHANA, LTD.",2,3.3333333333333335e-05
attempt_last_bank_name,historical_train,"CCF - CREDIT DE COMMERCIAL DE FRANCE, S.A.",2,3.3333333333333335e-05
attempt_last_bank_name,historical_train,JSB FACTORIAL-BANK,2,3.3333333333333335e-05
attempt_last_bank_name,historical_train,OJSC JOINT STOCK INVESTMENT COMMERCIAL BANK TATFONDBANK,2,3.3333333333333335e-05
attempt_last_bank_name,historical_train,CARD COMPLETE SERVICE BANK AG,2,3.3333333333333335e-05
attempt_last_bank_name,historical_train,NATIONAL BANK FOR DEVELOPMENT,2,3.3333333333333335e-05
attempt_last_bank_name,historical_train,TRAVELLERS CHEQUE,2,3.3333333333333335e-05
attempt_last_bank_name,historical_train,STATE OF (COUNTRY CODE: PSE),2,3.3333333333333335e-05
attempt_last_bank_name,historical_train,"ANDORRA BANC AGRICOL REIG, S.A.",2,3.3333333333333335e-05
attempt_last_bank_name,historical_train,"INDUSTRIAL AND COMMERCIAL BANK OF CHINA, LTD.",2,3.3333333333333335e-05
attempt_last_bank_name,historical_train,"PING AN BANK CO., LTD.",2,3.3333333333333335e-05
attempt_last_bank_name,historical_train,OMAN ARAB BANK SAO,2,3.3333333333333335e-05
attempt_last_bank_name,historical_train,"HVB BANK CZECHIA, A.S.",2,3.3333333333333335e-05
attempt_last_bank_name,historical_train,PRISMA MEDIOS DE PAGO SA,2,3.3333333333333335e-05
attempt_last_bank_name,historical_train,TSESNABANK JSC,2,3.3333333333333335e-05
attempt_last_bank_name,historical_train,BULGARIAN POST BANK LTD. (POSTENSKA BANKA),2,3.3333333333333335e-05
attempt_last_bank_name,historical_train,ONPOINT COMMUNITY C.U.,2,3.3333333333333335e-05
attempt_last_bank_name,historical_train,COMMUNITY FIRST NATIONAL BANK,2,3.3333333333333335e-05
attempt_last_bank_name,historical_train,"BANCO RURAL, S.A.",2,3.3333333333333335e-05
attempt_last_bank_name,historical_train,"M2 ANTIGUA, LTD.",2,3.3333333333333335e-05
attempt_last_bank_name,historical_train,"BANK MIDWEST, N.A.",2,3.3333333333333335e-05
attempt_last_bank_name,historical_train,BANK INTERNASIONAL INDONESIA,2,3.3333333333333335e-05
attempt_last_bank_name,historical_train,"BANCO BNP PARIBAS PERSONAL FINANCE, S.A.",2,3.3333333333333335e-05
attempt_last_bank_name,historical_train,RED CROWN F.C.U.,2,3.3333333333333335e-05
attempt_last_bank_name,historical_train,ZAGREBACKA BANKA D.D.,2,3.3333333333333335e-05
attempt_last_bank_name,historical_train,CARDLESS,2,3.3333333333333335e-05
attempt_last_bank_name,historical_train,KHRESCHATYK OJSC CB,2,3.3333333333333335e-05
attempt_last_bank_name,historical_train,TCM BANK,2,3.3333333333333335e-05
attempt_last_bank_name,historical_train,DVA F.C.U.,2,3.3333333333333335e-05
attempt_last_bank_name,historical_train,SAVINGS BANK OF MONGOLIA,2,3.3333333333333335e-05
attempt_last_bank_name,historical_train,AMERICAN STATE BANK,2,3.3333333333333335e-05
attempt_last_bank_name,historical_train,UNITED BANK,2,3.3333333333333335e-05
attempt_last_bank_name,historical_train,MEMBERS C.U.,2,3.3333333333333335e-05
attempt_last_bank_name,historical_train,DEL CENTRO ENTIDAD DE AHORRO Y PRESTAMO,2,3.3333333333333335e-05
attempt_last_bank_name,historical_train,ORIENTAL BANK AND TRUST,2,3.3333333333333335e-05
attempt_last_bank_name,historical_train,"FIRSTCARIBBEAN INTERNATIONAL BANK (BAHAMAS), LTD.",2,3.3333333333333335e-05
attempt_last_bank_name,historical_train,BARCLAYCARD GERMANY,2,3.3333333333333335e-05
attempt_last_bank_name,historical_train,"CREDIT AGRICOLE BANK POLSKA, S.A.",2,3.3333333333333335e-05
attempt_last_bank_name,historical_train,LBS FINANCIAL C.U.,2,3.3333333333333335e-05
attempt_last_bank_name,historical_train,FIRST ABU DHABI BANK PJSC,2,3.3333333333333335e-05
attempt_last_bank_name,historical_train,STATE BANK FOR FOREIGN ECONOMIC AFFAIRS OF TURKMENISTAN,2,3.3333333333333335e-05
attempt_last_bank_name,historical_train,GOLDEN 1 C.U.,2,3.3333333333333335e-05
attempt_last_bank_name,historical_train,GE CAPITAL FINANCE AUSTRALIA,2,3.3333333333333335e-05
attempt_last_bank_name,historical_train,BARWA BANK,2,3.3333333333333335e-05
attempt_last_bank_name,historical_train,CIMB,2,3.3333333333333335e-05
attempt_last_bank_name,historical_train,BANCO INBURSA S.A. INSTITUCION DE BANCA MULTIPLE GRUPO FINAN,2,3.3333333333333335e-05
attempt_last_bank_name,historical_train,"INTERTRUSTBANK CO., LTD.",2,3.3333333333333335e-05
attempt_last_bank_name,historical_train,"SOUTHTRUST BANK, N.A.",2,3.3333333333333335e-05
attempt_last_bank_name,historical_train,ARDSHININVESTBANK CJSC,2,3.3333333333333335e-05
attempt_last_bank_name,historical_train,AIB GROUP (UK) PLC,2,3.3333333333333335e-05
attempt_last_bank_name,historical_train,BANCORPSOUTH BANK,2,3.3333333333333335e-05
attempt_last_bank_name,historical_train,AMERIS BANK,2,3.3333333333333335e-05
attempt_last_bank_name,historical_train,SANTANDER CONSUMER BANK AG,2,3.3333333333333335e-05
attempt_last_bank_name,historical_train,"HOUSEHOLD BANK (NEVADA), N.A.",2,3.3333333333333335e-05
attempt_last_bank_name,historical_train,USU CHARTER F.C.U.,2,3.3333333333333335e-05
attempt_last_bank_name,historical_train,ISLAMIC INTERNATIONAL ARAB BANK PLC,2,3.3333333333333335e-05
attempt_last_bank_name,historical_train,CONVERSE BANK CORPORATION,2,3.3333333333333335e-05
attempt_last_bank_name,historical_train,AMERICAN EXPRESS TAIWAN,2,3.3333333333333335e-05
attempt_last_bank_name,historical_train,PUBLIC JSC JSB UKRGASBANK,2,3.3333333333333335e-05
attempt_last_bank_name,historical_train,"HSBC BANK ARGENTINA, S.A.",2,3.3333333333333335e-05
attempt_last_bank_name,historical_train,QATAR NATIONAL BANK,2,3.3333333333333335e-05
attempt_last_bank_name,historical_train,NEW ENGlanD BANKCARD ASSOCIATION,2,3.3333333333333335e-05
attempt_last_bank_name,historical_train,ECOBANK COTE D'IVOIRE,2,3.3333333333333335e-05
attempt_last_bank_name,historical_train,"FIRST DATA CONO SUR, S.A.",2,3.3333333333333335e-05
attempt_last_bank_name,historical_train,BANK GOSPODARKI ZYWNOSCIOWEJ SPOLKA AKCYJNA,2,3.3333333333333335e-05
attempt_last_bank_name,historical_train,TWIN COUNTY C.U.,2,3.3333333333333335e-05
attempt_last_bank_name,historical_train,"BANK OF AMERICA N.T. AND, S.A.",2,3.3333333333333335e-05
attempt_last_bank_name,historical_train,"FUBON BANK (HONG KONG), LTD.",2,3.3333333333333335e-05
attempt_last_bank_name,historical_train,"FIRSTCARIBBEAN INTERNATIONAL BANK (BARBADOS), LTD.",2,3.3333333333333335e-05
attempt_last_bank_name,historical_train,"BANCO ATlanTICO, S.A.",2,3.3333333333333335e-05
attempt_last_bank_name,historical_train,"HSBC BANK AUSTRALIA, LTD.",2,3.3333333333333335e-05
attempt_last_bank_name,historical_train,"CU COOPERATIVE SYSTEMS, LLC",2,3.3333333333333335e-05
attempt_last_bank_name,historical_train,HELLENIC BANK,2,3.3333333333333335e-05
attempt_last_bank_name,historical_train,ROYAL BANK OF SCOTlanD PLC,2,3.3333333333333335e-05
attempt_last_bank_name,historical_train,IDAHO CENTRAL C.U.,2,3.3333333333333335e-05
attempt_last_bank_name,historical_train,MIGROS BANK AG,2,3.3333333333333335e-05
attempt_last_bank_name,historical_train,BNP PARIBAS S.A.E.,2,3.3333333333333335e-05
attempt_last_bank_name,historical_train,ICUL SERVICE CORPORATION,2,3.3333333333333335e-05
attempt_last_bank_name,historical_train,ISRACARD,2,3.3333333333333335e-05
attempt_last_bank_name,historical_train,"BANCO DE BOGOTA, S.A.",2,3.3333333333333335e-05
attempt_last_bank_name,historical_train,"CITIBANK N.A., SINGAPORE BRANCH",2,3.3333333333333335e-05
attempt_last_bank_name,historical_train,LLOYDS TSB AIRMILES,2,3.3333333333333335e-05
attempt_last_bank_name,historical_train,"BRAC BANK, LTD.",2,3.3333333333333335e-05
attempt_last_bank_name,historical_train,BANK AL JAZIRA,2,3.3333333333333335e-05
attempt_last_bank_name,historical_train,HSBC BANK BRASIL S.A. - BANCO MULTIPLO,2,3.3333333333333335e-05
attempt_last_bank_name,historical_train,PAYlanX CORPORATION,2,3.3333333333333335e-05
attempt_last_bank_name,historical_train,NATIONAL BANK OF GREECE - TIRANA BRANCH,2,3.3333333333333335e-05
attempt_last_bank_name,historical_train,SAFE F.C.U.,2,3.3333333333333335e-05
attempt_last_bank_name,historical_train,BANCO IBI S.A. BANCO MULTIPLO,2,3.3333333333333335e-05
attempt_last_bank_name,historical_train,"COMMERCIAL BANK OF QATAR, LTD.",2,3.3333333333333335e-05
attempt_last_bank_name,historical_train,ARIZONA F.C.U.,2,3.3333333333333335e-05
attempt_last_bank_name,historical_train,"BANCO CITIBANK DE EL SALVADOR, S.A.",2,3.3333333333333335e-05
attempt_last_bank_name,historical_train,FIRST NATIONAL BANK IN SIOUX FALLS,2,3.3333333333333335e-05
attempt_last_bank_name,historical_train,WISE PAYMENTS CANADA INC.,2,3.3333333333333335e-05
attempt_last_bank_name,historical_train,SEABOARD C.U.,2,3.3333333333333335e-05
attempt_last_bank_name,historical_train,ARMENIAN ECONOMY DEVELOPMENT BANK OJSC,2,3.3333333333333335e-05
attempt_last_bank_name,historical_train,"EGYPTIAN BANKS CO. FOR TECHNOLOGICAL ADVANCEMENT, S.A",2,3.3333333333333335e-05
attempt_last_bank_name,historical_train,CITIZENS BANK OF CANADA,2,3.3333333333333335e-05
attempt_last_bank_name,historical_train,AMERUS BANK,2,3.3333333333333335e-05
attempt_last_bank_name,historical_train,"HSBC BANK (PANAMA), S.A.",2,3.3333333333333335e-05
attempt_last_bank_name,historical_train,SOCIETE GENERALE DE BANQUES AU BENIN SGBBE,2,3.3333333333333335e-05
attempt_last_bank_name,historical_train,"ADVANCED BANK OF ASIA, LTD.",2,3.3333333333333335e-05
attempt_last_bank_name,historical_train,"""INDUSTRIAL CONSTRUCTION BANK"" CLOSED JOINT-STOCK COMPANY (ARDSHINBANK",2,3.3333333333333335e-05
attempt_last_bank_name,historical_train,HANSABANK,2,3.3333333333333335e-05
attempt_last_bank_name,historical_train,"HERITAGE BUILDING SOCIETY, LTD.",2,3.3333333333333335e-05
attempt_last_bank_name,historical_train,CENTRA C.U.,2,3.3333333333333335e-05
attempt_last_bank_name,historical_train,CALIFORNIA C.U.,2,3.3333333333333335e-05
attempt_last_bank_name,historical_train,EDUCATIONAL COMMUNITY C.U.,2,3.3333333333333335e-05
attempt_last_bank_name,historical_train,BANCO PICHINCHA C.A.,2,3.3333333333333335e-05
attempt_last_bank_name,historical_train,FINANCIAL PLUS F.C.U.,2,3.3333333333333335e-05
attempt_last_bank_name,historical_train,CHELSEA GROTON BANK,2,3.3333333333333335e-05
attempt_last_bank_name,historical_train,"BNP PARIBAS BANK POLSKA, S.A.",2,3.3333333333333335e-05
attempt_last_bank_name,historical_train,"UAB BANK, LTD.",2,3.3333333333333335e-05
attempt_last_bank_name,historical_train,"MULTI CREDIT BANK, INC.",2,3.3333333333333335e-05
attempt_last_bank_name,historical_train,OP COOPERATIVE,2,3.3333333333333335e-05
attempt_last_bank_name,historical_train,TARJETAS BANAMEX S.A. DE C.V. SOFOM ENTIDAD REGULADA,2,3.3333333333333335e-05
attempt_last_bank_name,historical_train,"ULSTER BANK, LTD.",2,3.3333333333333335e-05
attempt_last_bank_name,historical_train,BANQUE MISR,2,3.3333333333333335e-05
attempt_last_bank_name,historical_train,BAIDURI BANK BHD,2,3.3333333333333335e-05
attempt_last_bank_name,historical_train,ADAMS NATIONAL BANK,2,3.3333333333333335e-05
attempt_last_bank_name,historical_train,BANCOMER,2,3.3333333333333335e-05
attempt_last_bank_name,historical_train,CRESTAR BANK,2,3.3333333333333335e-05
attempt_last_bank_name,historical_train,"BANCO DE GUAYAQUIL, S.A.",2,3.3333333333333335e-05
attempt_last_bank_name,historical_train,UMPQUA BANK,2,3.3333333333333335e-05
attempt_last_bank_name,historical_train,JR,2,3.3333333333333335e-05
attempt_last_bank_name,historical_train,"EMPORIKI BANK OF GREECE, S.A.",2,3.3333333333333335e-05
attempt_last_bank_name,historical_train,"INVERUNION, BANCO COMERCIAL, C.A.",2,3.3333333333333335e-05
attempt_last_bank_name,historical_train,"CU COOPERATIVE SYSTEMS, INC.",2,3.3333333333333335e-05
attempt_last_bank_name,historical_train,SECURITY BANK CORPORATION,2,3.3333333333333335e-05
attempt_last_bank_name,historical_train,"BANKINTER, S.A.",2,3.3333333333333335e-05
attempt_last_bank_name,historical_train,SPIRE F.C.U.,2,3.3333333333333335e-05
attempt_last_bank_name,historical_train,SISTEMA 4B,2,3.3333333333333335e-05
attempt_last_bank_name,historical_train,"HARTFORD HEALTHCARE C.U., INC.",2,3.3333333333333335e-05
attempt_last_bank_name,historical_train,"BANCO DE OCCIDENTE, S.A.",2,3.3333333333333335e-05
attempt_last_bank_name,historical_train,"APLUS FINANCIAL CO., LTD.",2,3.3333333333333335e-05
attempt_last_bank_name,historical_train,BANK HAPOALIM B M,2,3.3333333333333335e-05
attempt_last_bank_name,historical_train,MERCEDES-BENZ BANK AG,2,3.3333333333333335e-05
attempt_last_bank_name,historical_train,BANK OF TENNESSEE,2,3.3333333333333335e-05
attempt_last_bank_name,historical_train,BANQUE ACCORD,2,3.3333333333333335e-05
attempt_last_bank_name,historical_train,"LOTTECARD CO., LTD.",2,3.3333333333333335e-05
attempt_last_bank_name,historical_train,COMPASS S.P.A.,2,3.3333333333333335e-05
attempt_last_bank_name,historical_train,STANDARD FEDERAL BANK,2,3.3333333333333335e-05
attempt_last_bank_name,historical_train,"BANQUE INVIK, S.A.",2,3.3333333333333335e-05
attempt_last_bank_name,historical_train,"POSTAL SAVINGS BANK, JSC",2,3.3333333333333335e-05
attempt_last_bank_name,historical_train,JORDAN ISLAMIC BANK FOR FINANCE AND INVESTMENT,2,3.3333333333333335e-05
attempt_last_bank_name,historical_train,SALEM FIVE CENTS SAVINGS BANK,2,3.3333333333333335e-05
attempt_last_bank_name,historical_train,MERCHANTS NATIONAL BANK OF AURORA,2,3.3333333333333335e-05
attempt_last_bank_name,historical_train,"BANCO GERENCIAL AND FIDUCIARIO DOMINICANO, S.A.",2,3.3333333333333335e-05
attempt_last_bank_name,historical_train,UNION FEDERAL BANK OF INDIANAPOLIS,2,3.3333333333333335e-05
attempt_last_bank_name,historical_train,PLAINS COMMERCE BANK,2,3.3333333333333335e-05
attempt_last_bank_name,historical_train,VIETNAM BANK FOR AGRICULTURAL AND RURAL DEVELOPMENT,2,3.3333333333333335e-05
attempt_last_bank_name,historical_train,"JOINT DEVELOPMENT BANK, LTD.",2,3.3333333333333335e-05
attempt_last_bank_name,historical_train,"FIRST PACIFIC BANK, LTD.",2,3.3333333333333335e-05
attempt_last_bank_name,historical_train,FINANCEIRA ITAU CBD S.A. CREDITO FINANCIAMENTO E INVESTIMENT,2,3.3333333333333335e-05
attempt_last_bank_name,historical_train,PUBLIC,2,3.3333333333333335e-05
attempt_last_bank_name,historical_train,"WELLS FARGO BANK NORTHWEST, N.A.",2,3.3333333333333335e-05
attempt_last_bank_name,historical_train,"VANQUIS BANK, LTD.",2,3.3333333333333335e-05
attempt_last_bank_name,historical_train,BANCO DE CREDITO DEL PERU (BCP),2,3.3333333333333335e-05
attempt_last_bank_name,historical_train,CHINA EVERBRIGHT BANK,2,3.3333333333333335e-05
attempt_last_bank_name,historical_train,JSC MINSK TRANSIT BANK,2,3.3333333333333335e-05
attempt_last_bank_name,historical_train,CAPITAL ONE BANK OF CANADA BRANCH,2,3.3333333333333335e-05
attempt_last_bank_name,historical_train,SOUTHEAST ASIA COMMERCIAL JSB,2,3.3333333333333335e-05
attempt_last_bank_name,historical_train,"BANCO CITIBANK DE GUATEMALA, S.A.",2,3.3333333333333335e-05
attempt_last_bank_name,historical_train,PALMETTO BANK,2,3.3333333333333335e-05
attempt_last_bank_name,historical_train,RAIFFEISEN BANK DD BOSNA I HERCEGOVINA,2,3.3333333333333335e-05
attempt_last_bank_name,historical_train,BERlanER BANK AG,2,3.3333333333333335e-05
attempt_last_bank_name,historical_train,DELTA COMMUNITY C.U.,2,3.3333333333333335e-05
attempt_last_bank_name,historical_train,BAHRAIN ISLAMIC BANK BSC,2,3.3333333333333335e-05
attempt_last_bank_name,historical_train,SOCIETE MONETIQUE-TUNISIE,2,3.3333333333333335e-05
attempt_last_bank_name,historical_train,FIRST INDEPENDENT BANK,2,3.3333333333333335e-05
attempt_last_bank_name,historical_train,JSC BELAGROPROMBANK,2,3.3333333333333335e-05
attempt_last_bank_name,historical_train,FIRST HAWAIIAN BANK,2,3.3333333333333335e-05
attempt_last_bank_name,historical_train,EASYBANK AG,2,3.3333333333333335e-05
attempt_last_bank_name,historical_train,"COMMERCIAL BANK OF KUWAIT, S.A.K.",2,3.3333333333333335e-05
attempt_last_bank_name,historical_train,lanDESBANK BERlan AG,2,3.3333333333333335e-05
attempt_last_bank_name,historical_train,JSC TRASTA KOMERCBANKA,2,3.3333333333333335e-05
attempt_last_bank_name,historical_train,EL CREDITO HIPOTECARIO NACIONAL DE GUATEMALA,2,3.3333333333333335e-05
attempt_last_bank_name,historical_train,BANCO DE LA NACION ARGENTINA,2,3.3333333333333335e-05
attempt_last_bank_name,historical_train,"CITIBANK KOREA, INC.",2,3.3333333333333335e-05
attempt_last_bank_name,historical_train,CITIBANK EUROPE PUBLIC LIMITED COMPANY,2,3.3333333333333335e-05
attempt_last_bank_name,historical_train,"HSBC BANK USA, N.A. ASSOCIATION",2,3.3333333333333335e-05
attempt_last_bank_name,historical_train,ARKANSAS COUNTY BANK,2,3.3333333333333335e-05
attempt_last_bank_name,historical_train,CIBC,2,3.3333333333333335e-05
attempt_last_bank_name,historical_train,PROCREDIT BANK (BULGARIA) A.D.,2,3.3333333333333335e-05
attempt_last_bank_name,historical_train,"BANCO PATAGONIA, S.A.",2,3.3333333333333335e-05
attempt_last_bank_name,historical_train,OLDENBURGISCHE lanDESBANK AG,2,3.3333333333333335e-05
attempt_last_bank_name,historical_train,"CREDITO, S.A.",2,3.3333333333333335e-05
attempt_last_bank_name,historical_train,CASSA CENTRALE BANCA - CREDITO COOPERATIVO ITALIANO S.P.A.,2,3.3333333333333335e-05
attempt_last_bank_name,historical_train,"BANCO PROMERICA, S.A.",2,3.3333333333333335e-05
attempt_last_bank_name,historical_train,SAMSUNG CARDS,2,3.3333333333333335e-05
attempt_last_bank_name,historical_train,BANK SEVERNAYA KAZNA PUBLIC STOCK COMPANY,2,3.3333333333333335e-05
attempt_last_bank_name,historical_train,RIYAD BANK,2,3.3333333333333335e-05
attempt_last_bank_name,historical_train,BANK BPH SPOLKA AKCYJNA,2,3.3333333333333335e-05
attempt_last_bank_name,historical_train,CITIBANK MOSCOW,2,3.3333333333333335e-05
attempt_last_bank_name,historical_train,FARMERS INSURANCE GROUP F.C.U.,2,3.3333333333333335e-05
attempt_last_bank_name,historical_train,CITIZENS BANK,2,3.3333333333333335e-05
attempt_last_bank_name,historical_train,DESERT SCHOOLS F.C.U.,2,3.3333333333333335e-05
attempt_last_bank_name,historical_train,SYNOVUS FINANCIAL CORPORATION,2,3.3333333333333335e-05
attempt_last_bank_name,historical_train,"SAMPATH BANK, LTD.",2,3.3333333333333335e-05
attempt_last_bank_name,historical_train,RBS (RD EUROPE) GMBH,2,3.3333333333333335e-05
attempt_last_bank_name,historical_train,"TOTAL SYSTEM SERVICES, INC.",2,3.3333333333333335e-05
attempt_last_bank_name,historical_train,"AEON THANA SINSAP (THAIlanD) PUBLIC CO., LTD.",2,3.3333333333333335e-05
attempt_last_bank_name,historical_train,BANCO DO ESTADO DO RIO GRANDE DO SUL S.A. (BANRISUL S.A.),2,3.3333333333333335e-05
attempt_last_bank_name,historical_train,UNITED COMMUNITY BANK,2,3.3333333333333335e-05
attempt_last_bank_name,historical_train,SOUTH FLORIDA EDUCATIONAL F.C.U.,2,3.3333333333333335e-05
attempt_last_bank_name,historical_train,"BANCO UNO, S.A.",2,3.3333333333333335e-05
attempt_last_bank_name,historical_train,"BANK HANDLOWY W WARSZAWIE, S.A.",2,3.3333333333333335e-05
attempt_last_bank_name,historical_train,PROVIDENT C.U.,1,1.6666666666666667e-05
attempt_last_bank_name,historical_train,"BANCO DIBENS, S.A.",1,1.6666666666666667e-05
attempt_last_bank_name,historical_train,CROSS VALLEY F.C.U.,1,1.6666666666666667e-05
attempt_last_bank_name,historical_train,"SHANGHAI COMMERCIAL AND SAVINGS BANK, LTD.",1,1.6666666666666667e-05
attempt_last_bank_name,historical_train,CHARTER OAK F.C.U.,1,1.6666666666666667e-05
attempt_last_bank_name,historical_train,UNITED BANKERS' BANK,1,1.6666666666666667e-05
attempt_last_bank_name,historical_train,"KRUNG THAI BANK PUBLIC COMPANY, LTD.",1,1.6666666666666667e-05
attempt_last_bank_name,historical_train,"BANCO COLPATRIA - RED MULTIBANCA COLPATRIA, S.A.",1,1.6666666666666667e-05
attempt_last_bank_name,historical_train,BANK OF SPRINGFIELD,1,1.6666666666666667e-05
attempt_last_bank_name,historical_train,"AMERIANA BANK AND TRUST, S.S.B.",1,1.6666666666666667e-05
attempt_last_bank_name,historical_train,AMEX SWEDEN GLOBESTAR LENDING,1,1.6666666666666667e-05
attempt_last_bank_name,historical_train,PINELLAS COUNTY TEACHERS C.U.,1,1.6666666666666667e-05
attempt_last_bank_name,historical_train,ROBINS F.C.U.,1,1.6666666666666667e-05
attempt_last_bank_name,historical_train,"BULBANK, LTD.",1,1.6666666666666667e-05
attempt_last_bank_name,historical_train,INTOUCH C.U.,1,1.6666666666666667e-05
attempt_last_bank_name,historical_train,BANCO ESPANOL DE CREDITO (BANESTO),1,1.6666666666666667e-05
attempt_last_bank_name,historical_train,PRIME BANK,1,1.6666666666666667e-05
attempt_last_bank_name,historical_train,TEACHERS C.U.,1,1.6666666666666667e-05
attempt_last_bank_name,historical_train,GOSPODARCZY BANK WIELKOPOLSKI S.A. (GBW S.A.),1,1.6666666666666667e-05
attempt_last_bank_name,historical_train,"INVESTEC BANK, LTD.",1,1.6666666666666667e-05
attempt_last_bank_name,historical_train,POST BANK AND SAVINGS BANK CORPORATION (POSTABANK RT.),1,1.6666666666666667e-05
attempt_last_bank_name,historical_train,"BANCO MULTIPLE SANTA CRUZ, S.A.",1,1.6666666666666667e-05
attempt_last_bank_name,historical_train,FINANCIERA FAMILIAR S.A.E.C.A.,1,1.6666666666666667e-05
attempt_last_bank_name,historical_train,BPCE,1,1.6666666666666667e-05
attempt_last_bank_name,historical_train,PINNACLE BANK,1,1.6666666666666667e-05
attempt_last_bank_name,historical_train,"CITIBANK COLOMBIA, S.A.",1,1.6666666666666667e-05
attempt_last_bank_name,historical_train,REDSTONE F.C.U.,1,1.6666666666666667e-05
attempt_last_bank_name,historical_train,SOUTHEAST BANKCARD ASSOCIATION,1,1.6666666666666667e-05
attempt_last_bank_name,historical_train,"MID AMERICA BANK, F.S.B.",1,1.6666666666666667e-05
attempt_last_bank_name,historical_train,SUSQUEHANNA BANK,1,1.6666666666666667e-05
attempt_last_bank_name,historical_train,GLOBAL BANK CORPORATION,1,1.6666666666666667e-05
attempt_last_bank_name,historical_train,BANDHAN BANK LIMITED,1,1.6666666666666667e-05
attempt_last_bank_name,historical_train,FINANCE CENTER F.C.U.,1,1.6666666666666667e-05
attempt_last_bank_name,historical_train,EASTERN BANK,1,1.6666666666666667e-05
attempt_last_bank_name,historical_train,BANCO DE FINANZAS E INVERSIONES S.A. (FIBANC),1,1.6666666666666667e-05
attempt_last_bank_name,historical_train,"KRUNGSRIAYUDHYA CARD CO., LTD.",1,1.6666666666666667e-05
attempt_last_bank_name,historical_train,TATFONDBANK,1,1.6666666666666667e-05
attempt_last_bank_name,historical_train,CASSA DI RISPARMIO DI CIVITAVECCHIA S.P.A.,1,1.6666666666666667e-05
attempt_last_bank_name,historical_train,"CITIBANK USA, N.A.",1,1.6666666666666667e-05
attempt_last_bank_name,historical_train,AMERICANWEST BANK,1,1.6666666666666667e-05
attempt_last_bank_name,historical_train,FIRST NATIONAL,1,1.6666666666666667e-05
attempt_last_bank_name,historical_train,COASTHILLS F.C.U.,1,1.6666666666666667e-05
attempt_last_bank_name,historical_train,FIRST COUNTIES BANK,1,1.6666666666666667e-05
attempt_last_bank_name,historical_train,OJSC BANK TURANALEM,1,1.6666666666666667e-05
attempt_last_bank_name,historical_train,COPPERMARK BANK,1,1.6666666666666667e-05
attempt_last_bank_name,historical_train,"BANCARD, S.A.",1,1.6666666666666667e-05
attempt_last_bank_name,historical_train,ARAB AFRICAN INTERNATIONAL BANK,1,1.6666666666666667e-05
attempt_last_bank_name,historical_train,FINANCIERA ATLAS S.A.E.C.A.,1,1.6666666666666667e-05
attempt_last_bank_name,historical_train,ZAO RAIFFEISENBANK,1,1.6666666666666667e-05
attempt_last_bank_name,historical_train,FAA FIRST F.C.U.,1,1.6666666666666667e-05
attempt_last_bank_name,historical_train,PALDEC S.A. (EDICARD),1,1.6666666666666667e-05
attempt_last_bank_name,historical_train,NATIONAL AUSTRALIA GROUP (UK),1,1.6666666666666667e-05
attempt_last_bank_name,historical_train,"BANCO SANTANDER CENTRAL HISPANO, S.A.",1,1.6666666666666667e-05
attempt_last_bank_name,historical_train,SCHLUMBERGER EMPLOYEES C.U.,1,1.6666666666666667e-05
attempt_last_bank_name,historical_train,BAXTER C.U.,1,1.6666666666666667e-05
attempt_last_bank_name,historical_train,SUMMIT C.U.,1,1.6666666666666667e-05
attempt_last_bank_name,historical_train,"BANK OF QUEENSlanD, LTD.",1,1.6666666666666667e-05
attempt_last_bank_name,historical_train,BANK 1 SAAR EG,1,1.6666666666666667e-05
attempt_last_bank_name,historical_train,SVENSKA HANDELSBANKEN,1,1.6666666666666667e-05
attempt_last_bank_name,historical_train,"HUA XIA BANK CO., LTD.",1,1.6666666666666667e-05
attempt_last_bank_name,historical_train,JSC RIETUMU BANKA,1,1.6666666666666667e-05
attempt_last_bank_name,historical_train,J.S.C. F.C.U.,1,1.6666666666666667e-05
attempt_last_bank_name,historical_train,HAMBURGER SPARKASSE,1,1.6666666666666667e-05
attempt_last_bank_name,historical_train,BANK OF BAKU OJSC,1,1.6666666666666667e-05
attempt_last_bank_name,historical_train,SECURITY FEDERAL SAVINGS BANK,1,1.6666666666666667e-05
attempt_last_bank_name,historical_train,PRESTON NATIONAL BANK,1,1.6666666666666667e-05
attempt_last_bank_name,historical_train,PUBLIC JSC FIRST UKRAINIAN INTERNATIONAL BANK,1,1.6666666666666667e-05
attempt_last_bank_name,historical_train,ROCKlanD F.C.U.,1,1.6666666666666667e-05
attempt_last_bank_name,historical_train,"BANCO BOLIVARIANO, C.A.",1,1.6666666666666667e-05
attempt_last_bank_name,historical_train,"L.G. CREDIT CARD CO., LTD.",1,1.6666666666666667e-05
attempt_last_bank_name,historical_train,AKTIA SAVINGS BANK PLC,1,1.6666666666666667e-05
attempt_last_bank_name,historical_train,WRIGHT EXPRESS FINANCIAL SERVICES CORPORATION,1,1.6666666666666667e-05
attempt_last_bank_name,historical_train,NATIONAL BANK OF UMM AL-QAIWAIN PSC.,1,1.6666666666666667e-05
attempt_last_bank_name,historical_train,QATAR INTERNATIONAL ISLAMIC BANK,1,1.6666666666666667e-05
attempt_last_bank_name,historical_train,COOPERATIVA DE AHORRO Y CREDITO COOPEUCH LTDA.,1,1.6666666666666667e-05
attempt_last_bank_name,historical_train,"INDUSTRIAL BANK CO., LTD.",1,1.6666666666666667e-05
attempt_last_bank_name,historical_train,VOLKSBANK KARLSRUHE,1,1.6666666666666667e-05
attempt_last_bank_name,historical_train,BUSEY BANK,1,1.6666666666666667e-05
attempt_last_bank_name,historical_train,SAUDI INVESTMENT BANK,1,1.6666666666666667e-05
attempt_last_bank_name,historical_train,CHASE MANHATTAN BANK (USA),1,1.6666666666666667e-05
attempt_last_bank_name,historical_train,"RABOBANK, N.A.",1,1.6666666666666667e-05
attempt_last_bank_name,historical_train,INTERNATIONAL BANK SENATOR,1,1.6666666666666667e-05
attempt_last_bank_name,historical_train,"FIRST SAVINGS BANK, F.S.B.",1,1.6666666666666667e-05
attempt_last_bank_name,historical_train,IDBI BANK LTD.,1,1.6666666666666667e-05
attempt_last_bank_name,historical_train,COLUMBIA COMMUNITY C.U.,1,1.6666666666666667e-05
attempt_last_bank_name,historical_train,FROST NATIONAL BANK,1,1.6666666666666667e-05
attempt_last_bank_name,historical_train,BANCO AV VILLAS,1,1.6666666666666667e-05
attempt_last_bank_name,historical_train,CAIXA ECONOMICA DE CABO VERDE,1,1.6666666666666667e-05
attempt_last_bank_name,historical_train,"KARNATAKA BANK, LTD.",1,1.6666666666666667e-05
attempt_last_bank_name,historical_train,MACY'S,1,1.6666666666666667e-05
attempt_last_bank_name,historical_train,NATIONAL BANK OF BAHRAIN,1,1.6666666666666667e-05
attempt_last_bank_name,historical_train,PT. BANK INTERNASIONAL INDONESIA,1,1.6666666666666667e-05
attempt_last_bank_name,historical_train,FALCON INTERNATIONAL BANK,1,1.6666666666666667e-05
attempt_last_bank_name,historical_train,"HSBC RETAIL CREDIT (USA), INC.",1,1.6666666666666667e-05
attempt_last_bank_name,historical_train,JPMORGAN CHASE BANK CANADA,1,1.6666666666666667e-05
attempt_last_bank_name,historical_train,CAJA DE ARQUITECTOS,1,1.6666666666666667e-05
attempt_last_bank_name,historical_train,BEDFORD LOAN AND DEPOSIT BANK,1,1.6666666666666667e-05
attempt_last_bank_name,historical_train,WRIGHT PATMAN CONGRESSIONAL F.C.U.,1,1.6666666666666667e-05
attempt_last_bank_name,historical_train,PYRAMID C.U.,1,1.6666666666666667e-05
attempt_last_bank_name,historical_train,HARBOR BANK,1,1.6666666666666667e-05
attempt_last_bank_name,historical_train,SOUTHBRIDGE SAVINGS BANK,1,1.6666666666666667e-05
attempt_last_bank_name,historical_train,LEWISBURG BANKING COMPANY,1,1.6666666666666667e-05
attempt_last_bank_name,historical_train,BANCORP,1,1.6666666666666667e-05
attempt_last_bank_name,historical_train,PJSC UKRSIBBANK,1,1.6666666666666667e-05
attempt_last_bank_name,historical_train,AS SAMPO PANK,1,1.6666666666666667e-05
attempt_last_bank_name,historical_train,PT. BANK DANAMON INDONESIA,1,1.6666666666666667e-05
attempt_last_bank_name,historical_train,BANESTES S.A. - BANCO DO ESTADO DO ESPIRITO SANTO,1,1.6666666666666667e-05
attempt_last_bank_name,historical_train,FIRST COMMUNITY BANK,1,1.6666666666666667e-05
attempt_last_bank_name,historical_train,SAISON CARD INTERNATIONAL,1,1.6666666666666667e-05
attempt_last_bank_name,historical_train,"FIRST NATIONAL BANK OF NAMIBIA, LTD.",1,1.6666666666666667e-05
attempt_last_bank_name,historical_train,VIETNAM BANK FOR AGRICULTURE AND RURAL DEVELOPMENT,1,1.6666666666666667e-05
attempt_last_bank_name,historical_train,FINANCIAL PLUS C.U.,1,1.6666666666666667e-05
attempt_last_bank_name,historical_train,BRD GROUPE SOCIETE GENERALE,1,1.6666666666666667e-05
attempt_last_bank_name,historical_train,"BANCO SANTA CRUZ, S.A.",1,1.6666666666666667e-05
attempt_last_bank_name,historical_train,"GUARDIAN SAVINGS BANK, F.S.B.",1,1.6666666666666667e-05
attempt_last_bank_name,historical_train,RIVER VALLEY C.U.,1,1.6666666666666667e-05
attempt_last_bank_name,historical_train,BENCHMARK BANK,1,1.6666666666666667e-05
attempt_last_bank_name,historical_train,"EASTERN BANK, LTD.",1,1.6666666666666667e-05
attempt_last_bank_name,historical_train,"BANCO INTERNACIONAL DE MOCAMBIQUE, S.A.R.L.",1,1.6666666666666667e-05
attempt_last_bank_name,historical_train,WESTERN F.C.U.,1,1.6666666666666667e-05
attempt_last_bank_name,historical_train,DZ BANK AG DEUTSCHE ZENTRAL-GENOSSENSCHAFTSBANK,1,1.6666666666666667e-05
attempt_last_bank_name,historical_train,NORTH COMMUNITY BANK,1,1.6666666666666667e-05
attempt_last_bank_name,historical_train,JSCB FOR FOREIGN TRADE OF VIETNAM,1,1.6666666666666667e-05
attempt_last_bank_name,historical_train,MISSION F.C.U.,1,1.6666666666666667e-05
attempt_last_bank_name,historical_train,NORTHERN TRUST BANK,1,1.6666666666666667e-05
attempt_last_bank_name,historical_train,UTAH OIL WORKERS' C.U.,1,1.6666666666666667e-05
attempt_last_bank_name,historical_train,ISTITUTO CENTRALE DELLE BANCHE DI CREDITO COOPERATIVO,1,1.6666666666666667e-05
attempt_last_bank_name,historical_train,PARTNERS FINANCIAL F.C.U.,1,1.6666666666666667e-05
attempt_last_bank_name,historical_train,IPAR KUTXA RURAL,1,1.6666666666666667e-05
attempt_last_bank_name,historical_train,"BANK OF N.T. BUTTERFIELD AND SON, LTD.",1,1.6666666666666667e-05
attempt_last_bank_name,historical_train,AB BANK SNORAS,1,1.6666666666666667e-05
attempt_last_bank_name,historical_train,JSC LATVIAN BUSINESS BANK,1,1.6666666666666667e-05
attempt_last_bank_name,historical_train,BANK OCHRONY SRODOWISKA S.A. (BOS S.A.),1,1.6666666666666667e-05
attempt_last_bank_name,historical_train,"PT BANK BUMIPUTERA INDONESIA, TBK.",1,1.6666666666666667e-05
attempt_last_bank_name,historical_train,Liberty Bank JSC,1,1.6666666666666667e-05
attempt_last_bank_name,historical_train,FIRST U.S. COMMUNITY C.U.,1,1.6666666666666667e-05
attempt_last_bank_name,historical_train,B@NCA 24-7 S.P.A.,1,1.6666666666666667e-05
attempt_last_bank_name,historical_train,CHINATRUST BANK (U.S.A.),1,1.6666666666666667e-05
attempt_last_bank_name,historical_train,"BANCO CONTINENTAL DE PANAMA, S.A.",1,1.6666666666666667e-05
attempt_last_bank_name,historical_train,"BANK OF YOKOHAMA, LTD.",1,1.6666666666666667e-05
attempt_last_bank_name,historical_train,POSTBANK,1,1.6666666666666667e-05
attempt_last_bank_name,historical_train,BANK OF CANADA,1,1.6666666666666667e-05
attempt_last_bank_name,historical_train,"BANCO HSBC (COSTA RICA), S.A.",1,1.6666666666666667e-05
attempt_last_bank_name,historical_train,"INVEST-BANK, S.A.",1,1.6666666666666667e-05
attempt_last_bank_name,historical_train,WACHOVIA,1,1.6666666666666667e-05
attempt_last_bank_name,historical_train,FIRST USA BANK,1,1.6666666666666667e-05
attempt_last_bank_name,historical_train,NEWTOWN SAVINGS BANK,1,1.6666666666666667e-05
attempt_last_bank_name,historical_train,"POPULAR BANK LTD., INC.",1,1.6666666666666667e-05
attempt_last_bank_name,historical_train,COMMUNITY AMERICA C.U.,1,1.6666666666666667e-05
attempt_last_bank_name,historical_train,STS BANK,1,1.6666666666666667e-05
attempt_last_bank_name,historical_train,AHLI UNITED BANK B.S.C.,1,1.6666666666666667e-05
attempt_last_bank_name,historical_train,INDIANA MEMBERS C.U.,1,1.6666666666666667e-05
attempt_last_bank_name,historical_train,"VENECREDIT BANK AND TRUST, LTD.",1,1.6666666666666667e-05
attempt_last_bank_name,historical_train,SOCREDO BANK - POlan,1,1.6666666666666667e-05
attempt_last_bank_name,historical_train,COUTTS AND CO,1,1.6666666666666667e-05
attempt_last_bank_name,historical_train,EQUITABLE PCI BANK,1,1.6666666666666667e-05
attempt_last_bank_name,historical_train,SANDIA LABORATORY F.C.U.,1,1.6666666666666667e-05
attempt_last_bank_name,historical_train,NORTHWEST BANK AND TRUST COMPANY,1,1.6666666666666667e-05
attempt_last_bank_name,historical_train,ERSTE CARD CLUB D.D.,1,1.6666666666666667e-05
attempt_last_bank_name,historical_train,U.S. EMPLOYEES C.U.,1,1.6666666666666667e-05
attempt_last_bank_name,historical_train,"TIRANA BANK, S.A.",1,1.6666666666666667e-05
attempt_last_bank_name,historical_train,SIMMONS FIRST NATIONAL BANK,1,1.6666666666666667e-05
attempt_last_bank_name,historical_train,CORP BANCA S.A.,1,1.6666666666666667e-05
attempt_last_bank_name,historical_train,UNITED OVERSEAS BANK (MALAYSIA) BERHAD,1,1.6666666666666667e-05
attempt_last_bank_name,historical_train,AMERICAN HERITAGE FEDERAL CREDIT UNION,1,1.6666666666666667e-05
attempt_last_bank_name,historical_train,"BANCO FINANCIERA COMERCIAL HONDUREQA, S.A.",1,1.6666666666666667e-05
attempt_last_bank_name,historical_train,NETBANK,1,1.6666666666666667e-05
attempt_last_bank_name,historical_train,"PPF BANKA, A.S.",1,1.6666666666666667e-05
attempt_last_bank_name,historical_train,BANCO BRADESCARD S.A.,1,1.6666666666666667e-05
attempt_last_bank_name,historical_train,MUTUAL TRUST BANK,1,1.6666666666666667e-05
attempt_last_bank_name,historical_train,PT. BANK INTERNASIONAL INDONESIA TBK,1,1.6666666666666667e-05
attempt_last_bank_name,historical_train,PROCREDIT BANK SH.A.,1,1.6666666666666667e-05
attempt_last_bank_name,historical_train,AMERICAN EXPRESS JAPAN,1,1.6666666666666667e-05
attempt_last_bank_name,historical_train,"COMMERCIAL BANK OF AFRICA, LTD.",1,1.6666666666666667e-05
attempt_last_bank_name,historical_train,"ANZ ROYAL BANK CAMBODIA, LTD.",1,1.6666666666666667e-05
attempt_last_bank_name,historical_train,"IXE BANCO, S.A.",1,1.6666666666666667e-05
attempt_last_bank_name,historical_train,"HOUSEHOLD BANK, F.S.B.",1,1.6666666666666667e-05
attempt_last_bank_name,historical_train,BERSA (BANCO DE ENTRE RIOS S.A.),1,1.6666666666666667e-05
attempt_last_bank_name,historical_train,RIMINI BANK,1,1.6666666666666667e-05
attempt_last_bank_name,historical_train,CENTURY F.C.U.,1,1.6666666666666667e-05
attempt_last_bank_name,historical_train,BANCO AUSTRAL SARL,1,1.6666666666666667e-05
attempt_last_bank_name,historical_train,BMO BANK NATIONAL ASSOCIATION,1,1.6666666666666667e-05
attempt_last_bank_name,historical_train,JOHNSON BANK,1,1.6666666666666667e-05
attempt_last_bank_name,historical_train,CORE BUSINESS BANK,1,1.6666666666666667e-05
attempt_last_bank_name,historical_train,VALLEY BANK,1,1.6666666666666667e-05
attempt_last_bank_name,historical_train,"CARIBBEAN MERCANTILE BANK, N.V.",1,1.6666666666666667e-05
attempt_last_bank_name,historical_train,"BANCO CITIBANK DE HONDURAS, S.A.",1,1.6666666666666667e-05
attempt_last_bank_name,historical_train,HSBC BANK MALTA PLC,1,1.6666666666666667e-05
attempt_last_bank_name,historical_train,"NORDEA BANK POLSKA, S.A.",1,1.6666666666666667e-05
attempt_last_bank_name,historical_train,"CAPITAL ONE, F.S.B.",1,1.6666666666666667e-05
attempt_last_bank_name,historical_train,CREDIT MUTUEL ARKEA,1,1.6666666666666667e-05
attempt_last_bank_name,historical_train,STERlanG SAVINGS BANK,1,1.6666666666666667e-05
attempt_last_bank_name,historical_train,"ATlanTIC BANK, LTD.",1,1.6666666666666667e-05
attempt_last_bank_name,historical_train,RAIFFEISEN SCHWEIZ GENOSSENSCHAFT,1,1.6666666666666667e-05
attempt_last_bank_name,historical_train,FIRST PREMIER BANK - OBOPAY,1,1.6666666666666667e-05
attempt_last_bank_name,historical_train,"NUEVO BANCO DE SANTA FE, S.A.",1,1.6666666666666667e-05
attempt_last_bank_name,historical_train,NEW ZEAlanD POST,1,1.6666666666666667e-05
attempt_last_bank_name,historical_train,"BANCO HIPOTECARIO, S.A.",1,1.6666666666666667e-05
attempt_last_bank_name,historical_train,UNITED BULGARIAN BANK PLC.,1,1.6666666666666667e-05
attempt_last_bank_name,historical_train,ADVANCIAL F.C.U.,1,1.6666666666666667e-05
attempt_last_bank_name,historical_train,CREDIMAX,1,1.6666666666666667e-05
attempt_last_bank_name,historical_train,BANKMUSCAT LTD. (S.A.O.G.),1,1.6666666666666667e-05
attempt_last_bank_name,historical_train,STANDARD BANK OF SOUTH AFRICA,1,1.6666666666666667e-05
attempt_last_bank_name,historical_train,BANCO DE COMERCIO,1,1.6666666666666667e-05
attempt_last_bank_name,historical_train,CREDITCARD SERVICES CO. S.A.L.,1,1.6666666666666667e-05
attempt_last_bank_name,historical_train,"DANSKE BANK AKTIESELSKAB, DENMARK, SWEDEN BRANCH",1,1.6666666666666667e-05
attempt_last_bank_name,historical_train,PJSC BANK FINANCE AND CREDIT,1,1.6666666666666667e-05
attempt_last_bank_name,historical_train,"NATIONAL BANK OF KENYA, LTD.",1,1.6666666666666667e-05
attempt_last_bank_name,historical_train,COMMERCIAL BANK EXPOBANK,1,1.6666666666666667e-05
attempt_last_bank_name,historical_train,PAREX BANK,1,1.6666666666666667e-05
attempt_last_bank_name,historical_train,ALLIANCE AND LEICESTER PLC,1,1.6666666666666667e-05
attempt_last_bank_name,historical_train,SELFRELIANCE UKRAINIAN AMERICAN F.C.U.,1,1.6666666666666667e-05
attempt_last_bank_name,historical_train,"RBC ROYAL BANK (JAMAICA), LTD.",1,1.6666666666666667e-05
attempt_last_bank_name,historical_train,VENETO BANKA SH.A.,1,1.6666666666666667e-05
attempt_last_bank_name,historical_train,"AVAL CARD, S.A. DE C.V.",1,1.6666666666666667e-05
attempt_last_bank_name,historical_train,COMMUNITY NATIONAL BANK,1,1.6666666666666667e-05
attempt_last_bank_name,historical_train,"CAPITAL BANK, S.A.",1,1.6666666666666667e-05
attempt_last_bank_name,historical_train,FIRST MIDWEST BANK,1,1.6666666666666667e-05
attempt_last_bank_name,historical_train,"BANQUE DE L'UNION HAITIENNE, S.A.",1,1.6666666666666667e-05
attempt_last_bank_name,historical_train,AMALGAMATED BANKS OF SOUTH AFRICA LTD. (ABSA BANK LTD.),1,1.6666666666666667e-05
attempt_last_bank_name,historical_train,PAGSEGURO INTERNET S.A,1,1.6666666666666667e-05
attempt_last_bank_name,historical_train,BORGUN H.F.,1,1.6666666666666667e-05
attempt_last_bank_name,historical_train,PJSC BANK FORUM,1,1.6666666666666667e-05
attempt_last_bank_name,historical_train,UNIVERSITY OF ILlanOIS EMPLOYEES C.U.,1,1.6666666666666667e-05
attempt_last_bank_name,historical_train,"ST. GEORGES BANK AND TRUST CO., LTD.",1,1.6666666666666667e-05
attempt_last_bank_name,historical_train,WORKERS SAVINGS AND LOAN BANK,1,1.6666666666666667e-05
attempt_last_bank_name,historical_train,BERKSHIRE BANK,1,1.6666666666666667e-05
attempt_last_bank_name,historical_train,CHINATRUST (PHILIPPINES) COMMERCIAL BANK,1,1.6666666666666667e-05
attempt_last_bank_name,historical_train,ELI LILLY F.C.U.,1,1.6666666666666667e-05
attempt_last_bank_name,historical_train,CREDOMATIC LATINO AMERICANA,1,1.6666666666666667e-05
attempt_last_bank_name,historical_train,HERITAGE TRUST F.C.U.,1,1.6666666666666667e-05
attempt_last_bank_name,historical_train,CITY COUNTY CREDIT UNION OF FORT LAUDERDALE,1,1.6666666666666667e-05
attempt_last_bank_name,historical_train,COLLABRIA FINANCIAL SERVICES,1,1.6666666666666667e-05
attempt_last_bank_name,historical_train,CASSA DI RISPARMIO DI VENEZIA,1,1.6666666666666667e-05
attempt_last_bank_name,historical_train,CREDOMATIC,1,1.6666666666666667e-05
attempt_last_bank_name,historical_train,UNITUS COMMUNITY C.U.,1,1.6666666666666667e-05
attempt_last_bank_name,historical_train,NFCU,1,1.6666666666666667e-05
attempt_last_bank_name,historical_train,MERIWEST C.U.,1,1.6666666666666667e-05
attempt_last_bank_name,historical_train,CAROlanA TRUST F.C.U.,1,1.6666666666666667e-05
attempt_last_bank_name,historical_train,AS LHV PANK,1,1.6666666666666667e-05
attempt_last_bank_name,historical_train,"BANK OF EAST ASIA, LTD.",1,1.6666666666666667e-05
attempt_last_bank_name,historical_train,BANKPLUS,1,1.6666666666666667e-05
attempt_last_bank_name,historical_train,ESL F.C.U.,1,1.6666666666666667e-05
attempt_last_bank_name,historical_train,"BANCA MARCH, S.A.",1,1.6666666666666667e-05
attempt_last_bank_name,historical_train,NATIONAL BANK OF DUBAI PUBLIC JSC,1,1.6666666666666667e-05
attempt_last_bank_name,historical_train,"SOUTH CAROlanA BANK AND TRUST, N.A.",1,1.6666666666666667e-05
attempt_last_bank_name,historical_train,ARAB FINANCIAL SERVICES COMPANY B.S.C. (C),1,1.6666666666666667e-05
attempt_last_bank_name,historical_train,TEXANS C.U.,1,1.6666666666666667e-05
attempt_last_bank_name,historical_train,"HSBC MEXICO, S.A.",1,1.6666666666666667e-05
attempt_last_bank_name,historical_train,MERITRUST C.U.,1,1.6666666666666667e-05
attempt_last_bank_name,historical_train,HOME FEDERAL BANK OF TENNESSEE,1,1.6666666666666667e-05
attempt_last_bank_name,historical_train,"BANK OF AYUDHYA PUBLIC CO., LTD.",1,1.6666666666666667e-05
attempt_last_bank_name,historical_train,BANK HAPOALIM,1,1.6666666666666667e-05
attempt_last_bank_name,historical_train,CAPITOL ONE,1,1.6666666666666667e-05
attempt_last_bank_name,historical_train,"FIRST MIDWEST BANK, N.A.",1,1.6666666666666667e-05
attempt_last_bank_name,historical_train,LIBRARY OF CONGRESS F.C.U.,1,1.6666666666666667e-05
attempt_last_bank_name,historical_train,ZIMBABWE BANKING CORPORATION LIMITED,1,1.6666666666666667e-05
attempt_last_bank_name,historical_train,FIRST NATIONAL BANK AND TRUST COMPANY,1,1.6666666666666667e-05
attempt_last_bank_name,historical_train,KUNMING AGRICULTURAL COOPERATIVE ASSOCIATION-JINBI CARD,1,1.6666666666666667e-05
attempt_last_bank_name,historical_train,"MAURITIUS COMMERCIAL BANK, LTD.",1,1.6666666666666667e-05
attempt_last_bank_name,historical_train,"CREDIT AGRICOLE DU MAROC, S.A.",1,1.6666666666666667e-05
attempt_last_bank_name,historical_train,UME F.C.U.,1,1.6666666666666667e-05
attempt_last_bank_name,historical_train,"PNC BANK, GLOBAL INVESTMENT SERVICING",1,1.6666666666666667e-05
attempt_last_bank_name,historical_train,BBAC S.A.L,1,1.6666666666666667e-05
attempt_last_bank_name,historical_train,"BANCO SANTANDER COLOMBIA, S.A.",1,1.6666666666666667e-05
attempt_last_bank_name,historical_train,AB DNB NORD BANKAS,1,1.6666666666666667e-05
attempt_last_bank_name,historical_train,UNICREDIT BANK SERBIA JSC BELGRAD,1,1.6666666666666667e-05
attempt_last_bank_name,historical_train,"BANCO INTEGRACION, S.A.",1,1.6666666666666667e-05
attempt_last_bank_name,historical_train,PAYLIFE,1,1.6666666666666667e-05
attempt_last_bank_name,historical_train,RAIFFEISEN ZENTRALBANK OSTERREICH AG (RZB),1,1.6666666666666667e-05
attempt_last_bank_name,historical_train,OUR COMMUNITY C.U.,1,1.6666666666666667e-05
attempt_last_bank_name,historical_train,BANK CARD COMPANY,1,1.6666666666666667e-05
attempt_last_bank_name,historical_train,"HUA NAN COMMERCIAL BANK, LTD.",1,1.6666666666666667e-05
attempt_last_bank_name,historical_train,"BANCO AGROMERCANTIL, S.A.",1,1.6666666666666667e-05
attempt_last_bank_name,historical_train,EAST COAST C.U.,1,1.6666666666666667e-05
attempt_last_bank_name,historical_train,OJSC XALQ BANK,1,1.6666666666666667e-05
attempt_last_bank_name,historical_train,"TOPRAKBANK, A.S.",1,1.6666666666666667e-05
attempt_last_bank_name,historical_train,LLOYDS TSB,1,1.6666666666666667e-05
attempt_last_bank_name,historical_train,BANK OF VALLETTA P.L.C,1,1.6666666666666667e-05
attempt_last_bank_name,historical_train,STEEL VALLEY BANK,1,1.6666666666666667e-05
attempt_last_bank_name,historical_train,"FULTON BANK, N.A.",1,1.6666666666666667e-05
attempt_last_bank_name,historical_train,BANCO SOFITASA,1,1.6666666666666667e-05
attempt_last_bank_name,historical_train,CITY BANK AND TRUST COMPANY,1,1.6666666666666667e-05
attempt_last_bank_name,historical_train,NEWALLIANCE BANK,1,1.6666666666666667e-05
attempt_last_bank_name,historical_train,UNICREDIT BANK AG,1,1.6666666666666667e-05
attempt_last_bank_name,historical_train,"EURONET PAYMENTS AND CARD SERVICES, LTD.",1,1.6666666666666667e-05
attempt_last_bank_name,historical_train,PACIFIC NW F.C.U.,1,1.6666666666666667e-05
attempt_last_bank_name,historical_train,AREXIMBANK-GAZPROMBANK GROUP CJSC,1,1.6666666666666667e-05
attempt_last_bank_name,historical_train,PJSC BANK PERSHYI,1,1.6666666666666667e-05
attempt_last_bank_name,historical_train,"BANCO PASTOR, S.A.",1,1.6666666666666667e-05
attempt_last_bank_name,historical_train,MEMBERS 1ST F.C.U.,1,1.6666666666666667e-05
attempt_last_bank_name,historical_train,BULLS EYE C.U.,1,1.6666666666666667e-05
attempt_last_bank_name,historical_train,"BANCO CUSCATlan, S.A.",1,1.6666666666666667e-05
attempt_last_bank_name,historical_train,JSC EURASIAN BANK,1,1.6666666666666667e-05
attempt_last_bank_name,historical_train,JPMORGAN CHASE BANK N.A. - DEBIT,1,1.6666666666666667e-05
attempt_last_bank_name,historical_train,INDIAN OVERSEAS BANK,1,1.6666666666666667e-05
attempt_last_bank_name,historical_train,COLORADO SPRINGS C.U.,1,1.6666666666666667e-05
attempt_last_bank_name,historical_train,JSCB FORUM,1,1.6666666666666667e-05
attempt_last_bank_name,historical_train,5STAR BANK,1,1.6666666666666667e-05
attempt_last_bank_name,historical_train,HOME TRUST COMPANY,1,1.6666666666666667e-05
attempt_last_bank_name,historical_train,"JACCS CO., LTD.",1,1.6666666666666667e-05
attempt_last_bank_name,historical_train,BANCO CREDICOOP COOPERATIVO LTDO.,1,1.6666666666666667e-05
attempt_last_bank_name,historical_train,SEB BANKAS AB,1,1.6666666666666667e-05
attempt_last_bank_name,historical_train,"AMERICAN SAVINGS, F.S.B.",1,1.6666666666666667e-05
attempt_last_bank_name,historical_train,"HSBC MEXICO, S.A. INSTITUCION DE BANCA MULTIPLE, GRUPO HSBC",1,1.6666666666666667e-05
attempt_last_bank_name,historical_train,PAWlanG SAVINGS BANK,1,1.6666666666666667e-05
attempt_last_bank_name,historical_train,"CHUBU SHINKIN BANK CARD CO., LTD.",1,1.6666666666666667e-05
attempt_last_bank_name,historical_train,HARRIS TRUST AND SAVINGS BANK,1,1.6666666666666667e-05
attempt_last_bank_name,historical_train,BANCA DE ECONOMII,1,1.6666666666666667e-05
attempt_last_bank_name,historical_train,COMMONWEALTH ONE F.C.U.,1,1.6666666666666667e-05
attempt_last_bank_name,historical_train,SHINHAN BANK AMERICA,1,1.6666666666666667e-05
attempt_last_bank_name,historical_train,"T.BANK, S.A.",1,1.6666666666666667e-05
attempt_last_bank_name,historical_train,UNIVERSITY OF WISCONSIN C.U.,1,1.6666666666666667e-05
attempt_last_bank_name,historical_train,BANK OF AAlanD LTD. (AAlanDSBANKEN AB),1,1.6666666666666667e-05
attempt_last_bank_name,historical_train,"BANCO SIMPLES, S.A.",1,1.6666666666666667e-05
attempt_last_bank_name,historical_train,BLUE SKY,1,1.6666666666666667e-05
attempt_last_bank_name,historical_train,TOYOTA FINANCE CORPORATION,1,1.6666666666666667e-05
attempt_last_bank_name,historical_train,BANCO DE CREDITO DE BOLIVIA,1,1.6666666666666667e-05
attempt_last_bank_name,historical_train,UKRAINIAN F.C.U.,1,1.6666666666666667e-05
attempt_last_bank_name,historical_train,"lanKSER, S.A.",1,1.6666666666666667e-05
attempt_last_bank_name,historical_train,E1 FINANCIAL C.U.,1,1.6666666666666667e-05
attempt_last_bank_name,historical_train,P.T. BANK NIAGA,1,1.6666666666666667e-05
attempt_last_bank_name,historical_train,COMMUNITY NATIONAL BANK OF NORTHWESTERN PA,1,1.6666666666666667e-05
attempt_last_bank_name,historical_train,"BCSC, S.A.- BANCO CAJA SOCIAL BCSC - BANCO CAJA SOCIAL",1,1.6666666666666667e-05
attempt_last_bank_name,historical_train,NEW MEXICO EDUCATORS F.C.U.,1,1.6666666666666667e-05
attempt_last_bank_name,historical_train,GUARANTY TRUST BANK PLC,1,1.6666666666666667e-05
attempt_last_bank_name,historical_train,BANKBOSTON BANCO MULTIPLO S.A.,1,1.6666666666666667e-05
attempt_last_bank_name,historical_train,OJSC BANK ESKHATA,1,1.6666666666666667e-05
attempt_last_bank_name,historical_train,PAMUKBANK TURK ANONIM SIRKETI,1,1.6666666666666667e-05
attempt_last_bank_name,historical_train,"FSGBANK, N.A.",1,1.6666666666666667e-05
attempt_last_bank_name,historical_train,BANK OF INDIA,1,1.6666666666666667e-05
attempt_last_bank_name,historical_train,"BANCO HSBC COLOMBIA, S.A.",1,1.6666666666666667e-05
attempt_last_bank_name,historical_train,EUROBANK EFG JSC,1,1.6666666666666667e-05
attempt_last_bank_name,historical_train,EUROBANK EFG BULGARIA A.D.,1,1.6666666666666667e-05
attempt_last_bank_name,historical_train,GEORGIA F.C.U.,1,1.6666666666666667e-05
attempt_last_bank_name,historical_train,PJSC MARFIN BANK,1,1.6666666666666667e-05
attempt_last_bank_name,historical_train,ARIZONA STATE C.U.,1,1.6666666666666667e-05
attempt_last_bank_name,historical_train,EQUITABLE F.C.U.,1,1.6666666666666667e-05
attempt_last_bank_name,historical_train,BANK OF ALEXANDRIA,1,1.6666666666666667e-05
attempt_last_bank_name,historical_train,BENEFICIAL MUTUAL SAVINGS BANK,1,1.6666666666666667e-05
attempt_last_bank_name,historical_train,PJSC ORIENT FINANS,1,1.6666666666666667e-05
attempt_last_bank_name,historical_train,"JAMMU & KASHMIR BANK LTD., THE",1,1.6666666666666667e-05
attempt_last_bank_name,historical_train,FIRST SIGNATURE BANK AND TRUST COMPANY,1,1.6666666666666667e-05
attempt_last_bank_name,historical_train,"COMMERCIAL INDUSTRIAL BANK, JSB",1,1.6666666666666667e-05
attempt_last_bank_name,historical_train,TADHAMON INTERNATIONAL ISLAMIC BANK,1,1.6666666666666667e-05
attempt_last_bank_name,historical_train,BANCA POPOLARE DELL'ALTO ADIGE,1,1.6666666666666667e-05
attempt_last_bank_name,historical_train,"EUROPAY FRANCE, S.A.",1,1.6666666666666667e-05
attempt_last_bank_name,historical_train,"ATH COSTA RICA, S.A.",1,1.6666666666666667e-05
attempt_last_bank_name,historical_train,KOHO FINANCIAL INCORPORATED,1,1.6666666666666667e-05
attempt_last_bank_name,historical_train,"BDO UNIBANK, INC.",1,1.6666666666666667e-05
attempt_last_bank_name,historical_train,"ABSA BANK, LTD.",1,1.6666666666666667e-05
attempt_last_bank_name,historical_train,ACCESS BANK (SL) LTD.,1,1.6666666666666667e-05
attempt_last_bank_name,historical_train,"STANFORD BANK (PANAMA), S.A.",1,1.6666666666666667e-05
attempt_last_bank_name,historical_train,"MULTICREDIT, S.A.",1,1.6666666666666667e-05
attempt_last_bank_name,historical_train,"STATE EMPLOYEES CREDIT UNION OF MARYlanD, INC.",1,1.6666666666666667e-05
attempt_last_bank_name,historical_train,"ISRAEL DISCOUNT BANK, LTD.",1,1.6666666666666667e-05
attempt_last_bank_name,historical_train,BANK VOZROZHDENIE OJSC,1,1.6666666666666667e-05
attempt_last_bank_name,historical_train,"GUARANTY TRUST BANK GHANA, LTD.",1,1.6666666666666667e-05
attempt_last_bank_name,historical_train,UNION BANK SH.A.,1,1.6666666666666667e-05
attempt_last_bank_name,historical_train,"BIG BANK GDANSKI, S.A.",1,1.6666666666666667e-05
attempt_last_bank_name,historical_train,BANQUE MAROCAINE POUR LE COMMERCE ET lanDUSTRIE,1,1.6666666666666667e-05
attempt_last_bank_name,historical_train,NW PRIORITY C.U.,1,1.6666666666666667e-05
attempt_last_bank_name,historical_train,HERITAGE F.C.U.,1,1.6666666666666667e-05
attempt_last_bank_name,historical_train,"BANCO DE MACHALA, S.A.",1,1.6666666666666667e-05
attempt_last_bank_name,historical_train,VOLKSBANK A.D. BANJA LUKA,1,1.6666666666666667e-05
attempt_last_bank_name,historical_train,"BANCO DEL CAFE, S.A.",1,1.6666666666666667e-05
attempt_last_bank_name,historical_train,BANCO DE LA NACION,1,1.6666666666666667e-05
attempt_last_bank_name,historical_train,"BANCO COMERCIAL URUGUAI, S.A.",1,1.6666666666666667e-05
attempt_last_bank_name,historical_train,GROSSMONT BANK,1,1.6666666666666667e-05
attempt_last_bank_name,historical_train,UNIVERSITY AND STATE EMPLOYEES CREDIT UNION OF SAN DIEGO,1,1.6666666666666667e-05
attempt_last_bank_name,historical_train,UNION GABONAISE DE BANQUES,1,1.6666666666666667e-05
attempt_last_bank_name,historical_train,SOCIETE GENERALE DE BANQUES AU BURKINA (SGBB),1,1.6666666666666667e-05
attempt_last_bank_name,historical_train,"ZA BANK, LTD.",1,1.6666666666666667e-05
attempt_last_bank_name,historical_train,INTERDIN S.A. EMISORA Y ADMINISTRADORA DE TARJETAS DE CREDIT,1,1.6666666666666667e-05
attempt_last_bank_name,historical_train,KOMERCIJALNA BANKA A.D. BEOGRAD,1,1.6666666666666667e-05
attempt_last_bank_name,historical_train,FIRST CITIZENS BANK AND TRUST COMPANY OF SOUTH CAROlanA,1,1.6666666666666667e-05
attempt_last_bank_name,historical_train,EAST-EUROPEAN BANK OF RECONSTRUCTION AND DEVELOPMENT LLC,1,1.6666666666666667e-05
attempt_last_bank_name,historical_train,MERCADOLIBRE SRL,1,1.6666666666666667e-05
attempt_last_bank_name,historical_train,CAIXA ECONOMICA FEDERAL,1,1.6666666666666667e-05
attempt_last_bank_name,historical_train,CAIXA CENTRAL DE CREDITO AGRICOLA MUTUO C.R.L.,1,1.6666666666666667e-05
attempt_last_bank_name,historical_train,OJSC CB URALSKY FINANSOVY DOM,1,1.6666666666666667e-05
attempt_last_bank_name,historical_train,SANPAOLO IMI S.P.A.,1,1.6666666666666667e-05
attempt_last_bank_name,historical_train,VOLVOFINANS BANK AB (PUBL),1,1.6666666666666667e-05
attempt_last_bank_name,historical_train,"BANCO CITIBANK (PANAMA), S.A.",1,1.6666666666666667e-05
attempt_last_bank_name,historical_train,MERCANTILE-SAFE DEPOSIT AND TRUST COMPANY,1,1.6666666666666667e-05
attempt_last_bank_name,historical_train,"CREDOMATIC DE PANAMA, S.A.",1,1.6666666666666667e-05
attempt_last_bank_name,historical_train,"SKYE BANK GUINEA, S.A.",1,1.6666666666666667e-05
attempt_last_bank_name,historical_train,CREDIT UNION OF SOUTHERN CALIFORNIA,1,1.6666666666666667e-05
attempt_last_bank_name,historical_train,DIRECTIONS C.U.,1,1.6666666666666667e-05
attempt_last_bank_name,historical_train,BANCO GENERAL,1,1.6666666666666667e-05
attempt_last_bank_name,historical_train,SKANDIABANKEN,1,1.6666666666666667e-05
attempt_last_bank_name,historical_train,ERSTE BANK A.D. PODGORICA,1,1.6666666666666667e-05
attempt_last_bank_name,historical_train,AMERICAN EXPRESS COMPANY UK,1,1.6666666666666667e-05
attempt_last_bank_name,historical_train,DANSKE BANK A/S,1,1.6666666666666667e-05
attempt_last_bank_name,historical_train,AMERICAN BANK,1,1.6666666666666667e-05
attempt_last_bank_name,historical_train,SPAREKASSEN KRONJYLlanD,1,1.6666666666666667e-05
attempt_last_bank_name,historical_train,MAGYAR TAKAREKSZOVEKEZETI BANK RT. (BANK OF HUNGARIAN SAVING,1,1.6666666666666667e-05
attempt_last_bank_name,historical_train,NATIONSBANK N.A. (SOUTH),1,1.6666666666666667e-05
attempt_last_bank_name,historical_train,CAPITOL,1,1.6666666666666667e-05
attempt_last_bank_name,historical_train,WINGS FINANCIAL C.U.,1,1.6666666666666667e-05
attempt_last_bank_name,historical_train,WESTERN CORPORATE F.C.U.,1,1.6666666666666667e-05
attempt_last_bank_name,historical_train,"BANK OF ANTIGUA, LTD.",1,1.6666666666666667e-05
attempt_last_bank_name,historical_train,"BANCO CAJA DE AHORRO, S.A.",1,1.6666666666666667e-05
attempt_last_bank_name,historical_train,"SUMISHIN LIFE CARD CO., LTD.",1,1.6666666666666667e-05
attempt_last_bank_name,historical_train,FIRST NATIONAL BANK OF FLORIDA,1,1.6666666666666667e-05
attempt_last_bank_name,historical_train,"FIRST UNION DIRECT BANK, N.A.",1,1.6666666666666667e-05
attempt_last_bank_name,historical_train,UNICREDIT,1,1.6666666666666667e-05
attempt_last_bank_name,historical_train,IDAHO UNITED C.U.,1,1.6666666666666667e-05
attempt_last_bank_name,historical_train,"BUTTERFIELD BANK (UK), LTD.",1,1.6666666666666667e-05
attempt_last_bank_name,historical_train,ITHAD BANK,1,1.6666666666666667e-05
attempt_last_bank_name,historical_train,REDWOOD C.U.,1,1.6666666666666667e-05
attempt_last_bank_name,historical_train,NECHES F.C.U.,1,1.6666666666666667e-05
attempt_last_bank_name,historical_train,"BANCO GLOBAL, S.A.",1,1.6666666666666667e-05
attempt_last_bank_name,historical_train,"BANCO VELOX, S.A.",1,1.6666666666666667e-05
attempt_last_bank_name,historical_train,SOCIETE GENERALE - SPLITSKA BANKA D.D.,1,1.6666666666666667e-05
attempt_last_bank_name,historical_train,"INTERBANK ARUBA, N.V.",1,1.6666666666666667e-05
attempt_last_bank_name,historical_train,RAIFFEISEN BANK KOSOVO JSC,1,1.6666666666666667e-05
attempt_last_bank_name,historical_train,JORDAN AHLI BANK,1,1.6666666666666667e-05
attempt_last_bank_name,historical_train,UNION NATIONAL BANK - EGYPT,1,1.6666666666666667e-05
attempt_last_bank_name,historical_train,RAIFFEISENBANK AUSTRIA D.D.,1,1.6666666666666667e-05
attempt_last_bank_name,historical_train,"PT BANK UOB BUANA, TBK.",1,1.6666666666666667e-05
attempt_last_bank_name,historical_train,REAL ESTATE BANK,1,1.6666666666666667e-05
attempt_last_bank_name,historical_train,TURKIYE IS BANKASI A.S.,1,1.6666666666666667e-05
attempt_last_bank_name,historical_train,BANK OF ILlanOIS,1,1.6666666666666667e-05
attempt_last_bank_name,historical_train,"FLAGSTAR BANK, F.S.B.",1,1.6666666666666667e-05
attempt_last_bank_name,historical_train,BATON ROUGE TELCO F.C.U.,1,1.6666666666666667e-05
attempt_last_bank_name,historical_train,OJSC PASHA BANK,1,1.6666666666666667e-05
attempt_last_bank_name,historical_train,CITIBANK INTERNATIONAL,1,1.6666666666666667e-05
attempt_last_bank_name,historical_train,OJSC AF BANK,1,1.6666666666666667e-05
attempt_last_bank_name,historical_train,"BANCO CITIBANK DE COSTA RICA, S.A.",1,1.6666666666666667e-05
attempt_last_bank_name,historical_train,DEGUSSA BANK GMBH,1,1.6666666666666667e-05
attempt_last_bank_name,historical_train,BANCO CANARIAS DE VENEZUELA,1,1.6666666666666667e-05
attempt_last_bank_name,historical_train,"BANK OF NOVA SCOTIA JAMAICA, LTD.",1,1.6666666666666667e-05
attempt_last_bank_name,historical_train,"GARANTI BANK, S.A.",1,1.6666666666666667e-05
attempt_last_bank_name,historical_train,"HOME RETAIL GROUP PERSONAL FINANCE, LTD.",1,1.6666666666666667e-05
attempt_last_bank_name,historical_train,TWINSTAR C.U.,1,1.6666666666666667e-05
attempt_last_bank_name,historical_train,BELVOIR F.C.U.,1,1.6666666666666667e-05
attempt_last_bank_name,historical_train,SAN DIEGO PRIVATE BANK,1,1.6666666666666667e-05
attempt_last_bank_name,historical_train,BANK OF MAINE,1,1.6666666666666667e-05
attempt_last_bank_name,historical_train,"MACEDONIA THRACE BANK, S.A.",1,1.6666666666666667e-05
attempt_last_bank_name,historical_train,MARFIN BANK AD BEOGRAD,1,1.6666666666666667e-05
attempt_last_bank_name,historical_train,"SEYCHELLES SAVINGS BANK, LTD.",1,1.6666666666666667e-05
attempt_last_bank_name,historical_train,BANK SILK WAY OJSC,1,1.6666666666666667e-05
attempt_last_bank_name,historical_train,MBANK S.A.,1,1.6666666666666667e-05
attempt_last_bank_name,historical_train,MERRILL lanCH BANK USA,1,1.6666666666666667e-05
attempt_last_bank_name,historical_train,PAYPAY CARD CORPORATION,1,1.6666666666666667e-05
attempt_last_bank_name,historical_train,ALLIED BANKING CORPORATION,1,1.6666666666666667e-05
attempt_last_bank_name,historical_train,HSBC BANK (RR) (LIMITED LIABILITY COMPANY),1,1.6666666666666667e-05
attempt_last_bank_name,historical_train,EMPIRE NATIONAL BANK,1,1.6666666666666667e-05
attempt_last_bank_name,historical_train,BANCO CSF S/A,1,1.6666666666666667e-05
attempt_last_bank_name,historical_train,EDUCATORS C.U.,1,1.6666666666666667e-05
attempt_last_bank_name,historical_train,"FIDELITY FEDERAL BANK, F.S.B.",1,1.6666666666666667e-05
attempt_last_bank_name,historical_train,MONTEREY COUNTY BANK,1,1.6666666666666667e-05
attempt_last_bank_name,historical_train,CB MKB UNIONBANK A.D.,1,1.6666666666666667e-05
attempt_last_bank_name,historical_train,GE MONEY,1,1.6666666666666667e-05
attempt_last_bank_name,historical_train,ALIOR BANK SPOLKA AKCYJNA,1,1.6666666666666667e-05
attempt_last_bank_name,historical_train,HALK BANKA AD SKOPJE,1,1.6666666666666667e-05
attempt_last_bank_name,historical_train,NICU DINU'S BANK,1,1.6666666666666667e-05
attempt_last_bank_name,historical_train,BBVA BANCO FRANCES,1,1.6666666666666667e-05
attempt_last_bank_name,historical_train,TSYS ACQUIRING SOLUTIONS,1,1.6666666666666667e-05
attempt_last_bank_name,historical_train,AMERICAS FIRST F.C.U.,1,1.6666666666666667e-05
attempt_last_bank_name,historical_train,PEOPLES C.U.,1,1.6666666666666667e-05
attempt_last_bank_name,historical_train,TAIWAN SHIN KONG COMMERCIAL BANK,1,1.6666666666666667e-05
attempt_last_bank_name,historical_train,FIRST EDUCATORS C.U.,1,1.6666666666666667e-05
attempt_last_bank_name,historical_train,"MOUNTAIN VALLEY BANK, N.A.",1,1.6666666666666667e-05
attempt_last_bank_name,historical_train,"NATIONSBANK OF DELAWARE, N.A.",1,1.6666666666666667e-05
attempt_last_bank_name,historical_train,FARMERS AND MERCHANTS BANK OF CENTRAL CALIFORNIA,1,1.6666666666666667e-05
attempt_last_bank_name,historical_train,PT. BANK BUKOPIN,1,1.6666666666666667e-05
attempt_last_bank_name,historical_train,SOCIETE GENERALE DE BANQUES EN COTE D'IVOIRE (SGBCI),1,1.6666666666666667e-05
attempt_last_bank_name,historical_train,CAPITAL AREA F.C.U.,1,1.6666666666666667e-05
attempt_last_bank_name,historical_train,COAST360 F.C.U.,1,1.6666666666666667e-05
attempt_last_bank_name,historical_train,"GE CAPITAL BANK, LTD.",1,1.6666666666666667e-05
attempt_last_bank_name,historical_train,FEDEX EMPLOYEES CREDIT ASSOCIATION F.C.U.,1,1.6666666666666667e-05
attempt_last_bank_name,historical_train,BANKERS BANK,1,1.6666666666666667e-05
attempt_last_bank_name,historical_train,SAFE C.U.,1,1.6666666666666667e-05
attempt_last_bank_name,historical_train,FIRST AND SEVENTH DISTRICTS DOT EMPLOYEES C.U.,1,1.6666666666666667e-05
attempt_last_bank_name,historical_train,lanDESBANK SAAR,1,1.6666666666666667e-05
attempt_last_bank_name,historical_train,HEARTlanD F.C.U.,1,1.6666666666666667e-05
attempt_last_bank_name,historical_train,LSI C.U.,1,1.6666666666666667e-05
attempt_last_bank_name,historical_train,JSCB VICTORIABANK,1,1.6666666666666667e-05
attempt_last_bank_name,historical_train,COLORADO C.U.,1,1.6666666666666667e-05
attempt_last_bank_name,historical_train,HORIZONS NORTH C.U.,1,1.6666666666666667e-05
attempt_last_bank_name,historical_train,UNIWYO F.C.U.,1,1.6666666666666667e-05
attempt_last_bank_name,historical_train,HAWAII F.C.U.,1,1.6666666666666667e-05
attempt_last_bank_name,historical_train,TD WATERHOUSE BANK,1,1.6666666666666667e-05
attempt_last_bank_name,historical_train,GE MONEY BANK - WALMART,1,1.6666666666666667e-05
attempt_last_bank_name,historical_train,MONEY CARD ASSOCIATION PR LEAGUE,1,1.6666666666666667e-05
attempt_last_bank_name,historical_train,"COMMERCE BANCSHARES, INC.",1,1.6666666666666667e-05
attempt_last_bank_name,historical_train,"LEHMAN BROTHERS BANK, F.S.B.",1,1.6666666666666667e-05
attempt_last_bank_name,historical_train,CREDOMATIC (BANCO SAN JOSE),1,1.6666666666666667e-05
attempt_last_bank_name,historical_train,UKRAINIAN INNOVATION BANK JSC,1,1.6666666666666667e-05
attempt_last_bank_name,historical_train,STANFORD F.C.U.,1,1.6666666666666667e-05
attempt_last_bank_name,historical_train,EDUCATIONAL SYSTEMS F.C.U.,1,1.6666666666666667e-05
attempt_last_bank_name,historical_train,MUTUAL FEDERAL SAVINGS BANK OF PLYMOUTH COUNTY,1,1.6666666666666667e-05
attempt_last_bank_name,historical_train,"BANCO INDUSTRIAL, S.A.",1,1.6666666666666667e-05
attempt_last_bank_name,historical_train,BANK OF WOOD RIVER,1,1.6666666666666667e-05
attempt_last_bank_name,historical_train,GENISYS C.U.,1,1.6666666666666667e-05
attempt_last_bank_name,historical_train,M AND I BANK OF SOUTHERN WISCONSIN,1,1.6666666666666667e-05
attempt_last_bank_name,historical_train,US AIRWAYS DIVIDEND MILES,1,1.6666666666666667e-05
attempt_last_bank_name,historical_train,ALGERIA GULF BANK,1,1.6666666666666667e-05
attempt_last_bank_name,historical_train,CREDITO EMILIANO S.P.A.,1,1.6666666666666667e-05
attempt_last_bank_name,historical_train,PRIMER BANCO DE AHORROS,1,1.6666666666666667e-05
attempt_last_bank_name,historical_train,VERMONT NATIONAL BANK,1,1.6666666666666667e-05
attempt_last_bank_name,historical_train,MATTEL F.C.U.,1,1.6666666666666667e-05
attempt_last_bank_name,historical_train,OTP BANKA SRBIJA A.D. NOVI SAD,1,1.6666666666666667e-05
attempt_last_bank_name,historical_train,"BANCO BIC PORTUGUES, S.A.",1,1.6666666666666667e-05
attempt_last_bank_name,historical_train,BANK CENTRAL ASIA,1,1.6666666666666667e-05
attempt_last_bank_name,historical_train,JETBLUE,1,1.6666666666666667e-05
attempt_last_bank_name,historical_train,HALKBANK JSC BELGRADE,1,1.6666666666666667e-05
attempt_last_bank_name,historical_train,"SCBT, N.A.",1,1.6666666666666667e-05
attempt_last_bank_name,historical_train,VIETNAM BANK FOR INDUSTRY AND TRADE,1,1.6666666666666667e-05
attempt_last_bank_name,historical_train,HARLEYSVILLE NATIONAL BANK AND TRUST COMPANY,1,1.6666666666666667e-05
attempt_last_bank_name,historical_train,DELTA SKYMILES,1,1.6666666666666667e-05
attempt_last_bank_name,historical_train,DELAWARE STERlanG BANK AND TRUST COMPANY,1,1.6666666666666667e-05
attempt_last_bank_name,historical_train,ASOCIACION DE EMPLEADOS DEL E.L.A. DE PUERTO RICO,1,1.6666666666666667e-05
attempt_last_bank_name,historical_train,AFFINITY PLUS F.C.U.,1,1.6666666666666667e-05
attempt_last_bank_name,historical_train,BANCO NACIONAL DE COSTA RICA,1,1.6666666666666667e-05
attempt_last_bank_name,historical_train,FIRST CITY BANK OF FLORIDA,1,1.6666666666666667e-05
attempt_last_bank_name,historical_train,COLUMBIA BANK,1,1.6666666666666667e-05
attempt_last_bank_name,historical_train,COMMUNITY FIRST CREDIT UNION OF FLORIDA,1,1.6666666666666667e-05
attempt_last_bank_name,historical_train,"FIRST GLOBAL BANK, LTD.",1,1.6666666666666667e-05
attempt_last_bank_name,historical_train,COMMUNITY BANK AND TRUST,1,1.6666666666666667e-05
attempt_last_bank_name,historical_train,Diners Club Del Ecuador S.A.,1,1.6666666666666667e-05
attempt_last_bank_name,historical_train,MISSION AREA F.C.U.,1,1.6666666666666667e-05
attempt_last_bank_name,historical_train,KDB CAPITAL CORPORATION,1,1.6666666666666667e-05
attempt_last_bank_name,historical_train,FINDOMESTIC S.P.A.,1,1.6666666666666667e-05
attempt_last_bank_name,historical_train,"CITI CARDS JAPAN, INC.",1,1.6666666666666667e-05
attempt_last_bank_name,historical_train,"BANGKOK BANK PUBLIC COMPANY, LTD.",1,1.6666666666666667e-05
attempt_last_bank_name,historical_train,SBERBANK OF RUSSIA,1,1.6666666666666667e-05
attempt_last_bank_name,historical_train,HRVATSKA POSTANSKA BANKA D.D.,1,1.6666666666666667e-05
attempt_last_bank_name,historical_train,COOPERATIVA DE AHORRO Y CREDITO POLICIA NACIONAL ,1,1.6666666666666667e-05
attempt_last_bank_name,historical_train,ALPINE BANK AND TRUST CO.,1,1.6666666666666667e-05
attempt_last_bank_name,historical_train,"BANCO FRANCES, S.A.",1,1.6666666666666667e-05
attempt_last_bank_name,historical_train,UNITED NATIONS F.C.U.,1,1.6666666666666667e-05
attempt_last_bank_name,historical_train,"BOKF, NATIONAL ASSOCIATION",1,1.6666666666666667e-05
attempt_last_bank_name,historical_train,BANK ISLAM MALAYSIA BERHAD,1,1.6666666666666667e-05
attempt_last_bank_name,historical_train,CAJA DE AHORROS DE LA RIOJA (CAJA RIOJA),1,1.6666666666666667e-05
attempt_last_bank_name,historical_train,BYBLOS BANK S.A.L.,1,1.6666666666666667e-05
attempt_last_bank_name,historical_train,"BRE BANK SPOLKA AKCYJNA BRE BANK, S.A.",1,1.6666666666666667e-05
attempt_last_bank_name,historical_train,OMNI COMMUNITY C.U.,1,1.6666666666666667e-05
attempt_last_bank_name,historical_train,SISTEMAS INTERNACIONALES S.A. DE C.V.,1,1.6666666666666667e-05
attempt_last_bank_name,historical_train,BNP PARIBAS BANK,1,1.6666666666666667e-05
attempt_last_bank_name,historical_train,"BANCO PROMOTOR DElanORTE, S.A.",1,1.6666666666666667e-05
attempt_last_bank_name,historical_train,"GUYANA BANK FOR TRADE AND INDUSTRY, LTD.",1,1.6666666666666667e-05
attempt_last_bank_name,historical_train,"STEEL VALLEY BANK, N.A.",1,1.6666666666666667e-05
attempt_last_bank_name,historical_train,"HSBC BANK (TAIWAN), LTD.",1,1.6666666666666667e-05
attempt_last_bank_name,historical_train,BANQUE INTERNATIONALE ARABE DE TUNISIE,1,1.6666666666666667e-05
attempt_last_bank_name,historical_train,FRANSABANK S.A.L.,1,1.6666666666666667e-05
attempt_last_bank_name,historical_train,NATIONAL BANK OF BAHRAIN B. S. C.,1,1.6666666666666667e-05
attempt_last_bank_name,historical_train,THE CITY BANK LTD.,1,1.6666666666666667e-05
attempt_last_bank_name,historical_train,S BANK,1,1.6666666666666667e-05
attempt_last_bank_name,historical_train,CONNEXUS C.U.,1,1.6666666666666667e-05
attempt_last_bank_name,historical_train,"TRANSWORLD PAYMENT SOLUTIONS, LTD.",1,1.6666666666666667e-05
attempt_last_bank_name,historical_train,MBF CARDS (M'SIA) SDN BHD,1,1.6666666666666667e-05
attempt_last_bank_name,historical_train,DBS,1,1.6666666666666667e-05
attempt_last_bank_name,historical_train,"AXA BANK EUROPE, S.A.",1,1.6666666666666667e-05
attempt_last_bank_name,historical_train,AURGROUP FINANCIAL C.U.,1,1.6666666666666667e-05
attempt_last_bank_name,historical_train,"FIFTH THIRD BANK, THE",1,1.6666666666666667e-05
attempt_last_bank_name,historical_train,BANQUE DE CREDIT DE BUJUMBURA (BCB),1,1.6666666666666667e-05
attempt_last_bank_name,historical_train,"UNIBANCA, BANCO UNIVERSAL, C.A.",1,1.6666666666666667e-05
attempt_last_bank_name,historical_train,"ANZ GRINDLAYS BANK, LTD.",1,1.6666666666666667e-05
attempt_last_bank_name,historical_train,FIRST COMMERCIAL BANK,1,1.6666666666666667e-05
attempt_last_bank_name,historical_train,PAWTUCKET C.U.,1,1.6666666666666667e-05
attempt_last_bank_name,historical_train,"DAH SING BANK, LTD.",1,1.6666666666666667e-05
attempt_last_bank_name,historical_train,UNION NATIONAL BANK,1,1.6666666666666667e-05
attempt_last_bank_name,historical_train,"CITIGROUP PTY, LTD.",1,1.6666666666666667e-05
attempt_last_bank_name,historical_train,"DHANALAKSHMI BANK, LTD.",1,1.6666666666666667e-05
attempt_last_bank_name,historical_train,HILLCREST BANK,1,1.6666666666666667e-05
attempt_last_bank_name,historical_train,"BANCO DEL PAIS, S.A.",1,1.6666666666666667e-05
attempt_last_bank_name,historical_train,BANCOPPEL S.A. INSTITUCION DE BANCA MULTIPLE,1,1.6666666666666667e-05
attempt_last_bank_name,historical_train,BANK OF CYPRUS,1,1.6666666666666667e-05
attempt_last_bank_name,historical_train,ANZ SINGAPORE,1,1.6666666666666667e-05
attempt_last_bank_name,historical_train,OTP BANKA HRVATSKA D.D.,1,1.6666666666666667e-05
attempt_last_bank_name,historical_train,RAIFFEISEN ZENTRALBANK OESTERREICH AG,1,1.6666666666666667e-05
attempt_last_bank_name,historical_train,ALLIANT C.U.,1,1.6666666666666667e-05
attempt_last_bank_name,historical_train,PJSC TRUSTBANK,1,1.6666666666666667e-05
attempt_last_bank_name,historical_train,HORIZON ONE F.C.U.,1,1.6666666666666667e-05
attempt_last_bank_name,historical_train,CREDIT UNION OF OHIO,1,1.6666666666666667e-05
attempt_last_bank_name,historical_train,"BANCO G AND T CONTINENTAL, S.A.",1,1.6666666666666667e-05
attempt_last_bank_name,historical_train,AEC MEXICO SA DE CV GSTAR CONS REVOLVE,1,1.6666666666666667e-05
attempt_last_bank_name,historical_train,"MACQUARIE BANK, LTD.",1,1.6666666666666667e-05
attempt_last_bank_name,historical_train,MKB BANK ZRT.,1,1.6666666666666667e-05
attempt_last_bank_name,historical_train,Regions Financial Corporation,1,1.6666666666666667e-05
attempt_last_bank_name,historical_train,JORDAN KUWAIT BANK,1,1.6666666666666667e-05
attempt_last_bank_name,historical_train,SELCO COMMUNITY C.U.,1,1.6666666666666667e-05
attempt_last_bank_name,historical_train,GE MONEY BANK,1,1.6666666666666667e-05
attempt_last_bank_name,historical_train,WESTAMERICA BANK,1,1.6666666666666667e-05
attempt_last_bank_name,historical_train,CITIZENS NATIONAL BANK OF ALBION,1,1.6666666666666667e-05
attempt_last_bank_name,historical_train,UNITED EXPORT IMPORT BANK,1,1.6666666666666667e-05
attempt_last_bank_name,historical_train,JSCB SLAVIANSKY BANK,1,1.6666666666666667e-05
attempt_last_bank_name,historical_train,RICHlanD TRUST COMPANY,1,1.6666666666666667e-05
attempt_last_bank_name,historical_train,CITIFINANCIAL EUROPE PLC,1,1.6666666666666667e-05
attempt_last_bank_name,historical_train,JSCB EXIMBANK GRUPPO VENETO BANCA,1,1.6666666666666667e-05
attempt_last_bank_name,historical_train,INTESA SANPAOLO BANK ALBANIA SHA.,1,1.6666666666666667e-05
attempt_last_bank_name,historical_train,MOUNTAIN VIEW C.U.,1,1.6666666666666667e-05
attempt_last_bank_name,test,unknown,1212,0.17314285714285715
attempt_last_bank_name,test,VTB BANK OJSC,238,0.034
attempt_last_bank_name,test,REVOLUT BANK UAB,189,0.027
attempt_last_bank_name,test,"YES BANK, LTD.",143,0.020428571428571428
attempt_last_bank_name,test,"JPMORGAN CHASE BANK, N.A.",117,0.016714285714285713
attempt_last_bank_name,test,"CHASE BANK USA, N.A.",111,0.015857142857142858
attempt_last_bank_name,test,JSC UNIVERSAL BANK,91,0.013
attempt_last_bank_name,test,WESTPAC BANKING CORPORATION,84,0.012
attempt_last_bank_name,test,BANK OF AMERICA,69,0.009857142857142858
attempt_last_bank_name,test,"TELLER, A.S.",65,0.009285714285714286
attempt_last_bank_name,test,"WELLS FARGO BANK, N.A.",65,0.009285714285714286
attempt_last_bank_name,test,AMERICAN EXPRESS COMPANY,62,0.008857142857142857
attempt_last_bank_name,test,KASPI BANK JSC,58,0.008285714285714285
attempt_last_bank_name,test,"HDFC BANK, LTD.",57,0.008142857142857143
attempt_last_bank_name,test,WOORI BANK,51,0.007285714285714286
attempt_last_bank_name,test,"BANK OF AMERICA, N.A.",50,0.007142857142857143
attempt_last_bank_name,test,BARCLAYS BANK PLC,45,0.0064285714285714285
attempt_last_bank_name,test,AMERICAN EXPRESS,45,0.0064285714285714285
attempt_last_bank_name,test,AMERICAN EXPRESS US,40,0.005714285714285714
attempt_last_bank_name,test,COMMONWEALTH BANK OF AUSTRALIA,38,0.0054285714285714284
attempt_last_bank_name,test,STANDARD CHARTERED BANK,37,0.005285714285714286
attempt_last_bank_name,test,SUNRATE PARTNERS UK LIMITED,37,0.005285714285714286
attempt_last_bank_name,test,NU PAGAMENTOS SA,36,0.005142857142857143
attempt_last_bank_name,test,YORKSHIRE BANK,35,0.005
attempt_last_bank_name,test,"BANCO ITAUCARD, S.A.",34,0.004857142857142857
attempt_last_bank_name,test,TARJETAS UNISOLUCIONES S.A. DE C.V.,34,0.004857142857142857
attempt_last_bank_name,test,"ICICI BANK, LTD.",33,0.004714285714285714
attempt_last_bank_name,test,"CAPITAL ONE BANK (USA), N.A.",33,0.004714285714285714
attempt_last_bank_name,test,"CARD SERVICES FOR CREDIT UNIONS, INC.",32,0.004571428571428572
attempt_last_bank_name,test,"HONGKONG AND SHANGHAI BANKING CORP., LTD.",31,0.004428571428571428
attempt_last_bank_name,test,ZUNO BANK AG,30,0.004285714285714286
attempt_last_bank_name,test,"SUMITOMO MITSUI CARD COMPANY, LTD.",30,0.004285714285714286
attempt_last_bank_name,test,"REVOLUT, LTD.",30,0.004285714285714286
attempt_last_bank_name,test,WIELKOPOLSKI BANK SPOLDZIELCZY,30,0.004285714285714286
attempt_last_bank_name,test,TURKIYE GARANTI BANKASI A. S.,29,0.004142857142857143
attempt_last_bank_name,test,CB PRIVATBANK,28,0.004
attempt_last_bank_name,test,CITIBANK,28,0.004
attempt_last_bank_name,test,LLOYDS TSB BANK PLC,28,0.004
attempt_last_bank_name,test,COMMERCIAL BANK MASTER-BANK,28,0.004
attempt_last_bank_name,test,CANADIAN IMPERIAL BANK OF COMMERCE,28,0.004
attempt_last_bank_name,test,"BANCOLOMBIA, S.A.",27,0.003857142857142857
attempt_last_bank_name,test,"U.S. BANK, N.A.",27,0.003857142857142857
attempt_last_bank_name,test,ZIRAAT BANKASI,26,0.0037142857142857142
attempt_last_bank_name,test,VTB BANK (KAZAKHSTAN) SUBSIDIARY JOINT STOCK COMPANY,25,0.0035714285714285713
attempt_last_bank_name,test,POSTE ITALIANE,25,0.0035714285714285713
attempt_last_bank_name,test,DZ BANK AG,25,0.0035714285714285713
attempt_last_bank_name,test,BANCO POPULAR DE PUERTO RICO,24,0.0034285714285714284
attempt_last_bank_name,test,OJSC BANK URALSIB,24,0.0034285714285714284
attempt_last_bank_name,test,"SILVERTON BANK, N.A.",24,0.0034285714285714284
attempt_last_bank_name,test,DEUTSCHER SPARKASSEN UND GIROVERBAND,24,0.0034285714285714284
attempt_last_bank_name,test,"BC CARD CO., LTD.",23,0.003285714285714286
attempt_last_bank_name,test,"CHASE MANHATTAN BANK USA, N.A.",22,0.003142857142857143
attempt_last_bank_name,test,ROYAL BANK OF CANADA,22,0.003142857142857143
attempt_last_bank_name,test,TORONTO-DOMINION BANK,21,0.003
attempt_last_bank_name,test,"UNO-E BANK, S.A.",21,0.003
attempt_last_bank_name,test,AMERICAN EXPRESS US CONSUMER,21,0.003
attempt_last_bank_name,test,SUTTON BANK,20,0.002857142857142857
attempt_last_bank_name,test,"BANCO SANTANDER, S.A.",20,0.002857142857142857
attempt_last_bank_name,test,MASTERCARD FRANCE S.A.S.,20,0.002857142857142857
attempt_last_bank_name,test,U.S. BANK N.A. ND,19,0.0027142857142857142
attempt_last_bank_name,test,"CITIBANK, N.A.",19,0.0027142857142857142
attempt_last_bank_name,test,"FIA CARD SERVICES, N.A.",19,0.0027142857142857142
attempt_last_bank_name,test,"ISRAEL CREDIT CARDS, LTD.",19,0.0027142857142857142
attempt_last_bank_name,test,BANK OF NOVA SCOTIA,19,0.0027142857142857142
attempt_last_bank_name,test,"BOC CREDIT CARD (INTERNATIONAL), LTD.",18,0.0025714285714285713
attempt_last_bank_name,test,BANK OF ISRAEL,18,0.0025714285714285713
attempt_last_bank_name,test,BANCO DE CREDITO DEL PERU,17,0.0024285714285714284
attempt_last_bank_name,test,"EUROPAY NORGE, A.S.",16,0.002285714285714286
attempt_last_bank_name,test,"SHINHAN CARD CO., LTD.",16,0.002285714285714286
attempt_last_bank_name,test,WIRECARD BANK AG,16,0.002285714285714286
attempt_last_bank_name,test,HSBC - BESTBUY,16,0.002285714285714286
attempt_last_bank_name,test,BANK OF MONTREAL,16,0.002285714285714286
attempt_last_bank_name,test,LA BANQUE POSTALE,16,0.002285714285714286
attempt_last_bank_name,test,USAA FEDERAL SAVINGS BANK,15,0.002142857142857143
attempt_last_bank_name,test,FIRST DATA CORPORATION,15,0.002142857142857143
attempt_last_bank_name,test,"UNITED BANK, LTD.",15,0.002142857142857143
attempt_last_bank_name,test,"ITAU UNIBANCO, S.A.",15,0.002142857142857143
attempt_last_bank_name,test,"BANK ZACHODNI WBK, S.A.",15,0.002142857142857143
attempt_last_bank_name,test,BRE BANK SPOLKA AKCYJNA,15,0.002142857142857143
attempt_last_bank_name,test,"WISE PAYMENTS, LTD.",14,0.002
attempt_last_bank_name,test,JSC BANK KYRGYZSTAN,14,0.002
attempt_last_bank_name,test,TRADE REPUBLIC BANK GMBH,14,0.002
attempt_last_bank_name,test,"TURKIYE IS BANKASI, A.S.",14,0.002
attempt_last_bank_name,test,ZHELDORBANK JSB,14,0.002
attempt_last_bank_name,test,BANQUE FEDERATIVE DU CREDIT MUTUEL (BFCM),14,0.002
attempt_last_bank_name,test,"PNC BANK, N.A.",13,0.0018571428571428571
attempt_last_bank_name,test,BRANCH BANKING AND TRUST COMPANY,13,0.0018571428571428571
attempt_last_bank_name,test,BOURSORAMA BANQUE,13,0.0018571428571428571
attempt_last_bank_name,test,"BANCO NACIONAL DE CREDITO, C.A.",13,0.0018571428571428571
attempt_last_bank_name,test,BANK OF HAWAII,13,0.0018571428571428571
attempt_last_bank_name,test,"AXIS BANK, LTD.",12,0.0017142857142857142
attempt_last_bank_name,test,TD CANADA TRUST,12,0.0017142857142857142
attempt_last_bank_name,test,NATIONAL WESTMINSTER BANK PLC,12,0.0017142857142857142
attempt_last_bank_name,test,ROCKY MOUNTAIN BANKCARD SYSTEM INC.,12,0.0017142857142857142
attempt_last_bank_name,test,UNITED OVERSEAS BANK PHILIPPINES,12,0.0017142857142857142
attempt_last_bank_name,test,"BANCA TRANSILVANIA, S.A.",12,0.0017142857142857142
attempt_last_bank_name,test,COMMERCIAL BANK PRIVATBANK,12,0.0017142857142857142
attempt_last_bank_name,test,"CHINA MINSHENG BANKING CORP., LTD.",12,0.0017142857142857142
attempt_last_bank_name,test,INTESA SANPAOLO S.P.A.,12,0.0017142857142857142
attempt_last_bank_name,test,PRIORBANK JSCB,12,0.0017142857142857142
attempt_last_bank_name,test,"BANCO NACIONAL DE MEXICO, S.A.",12,0.0017142857142857142
attempt_last_bank_name,test,"FIDELITY INFORMATION SERVICES, INC.",12,0.0017142857142857142
attempt_last_bank_name,test,"ING BANK, N.V.",12,0.0017142857142857142
attempt_last_bank_name,test,DISCOVER,12,0.0017142857142857142
attempt_last_bank_name,test,FIFTH THIRD BANK,12,0.0017142857142857142
attempt_last_bank_name,test,"JCB INTERNATIONAL CREDIT CARD CO., LTD.",11,0.0015714285714285715
attempt_last_bank_name,test,"YAPI VE KREDI BANKASI, A.S.",11,0.0015714285714285715
attempt_last_bank_name,test,MBNA CANADA BANK,11,0.0015714285714285715
attempt_last_bank_name,test,"FEDERAL BANK, LTD.",11,0.0015714285714285715
attempt_last_bank_name,test,THE TORONTO-DOMINION BANK,11,0.0015714285714285715
attempt_last_bank_name,test,CAJA DE AHORROS Y PENSIONES DE BARCElanA(LA CAIXA),11,0.0015714285714285715
attempt_last_bank_name,test,"MIDWEST PAYMENT SYSTEMS, INC.",11,0.0015714285714285715
attempt_last_bank_name,test,AMERIABANK CJSC,11,0.0015714285714285715
attempt_last_bank_name,test,"UNITED BANK, S.A.E.",11,0.0015714285714285715
attempt_last_bank_name,test,RBC ROYAL BANK OF CANADA,11,0.0015714285714285715
attempt_last_bank_name,test,CHASE,11,0.0015714285714285715
attempt_last_bank_name,test,NORWEST BANK IOWA N.A.,11,0.0015714285714285715
attempt_last_bank_name,test,"FINANSBANK, A.S.",11,0.0015714285714285715
attempt_last_bank_name,test,"FIRST GULF BANK, N.A.",11,0.0015714285714285715
attempt_last_bank_name,test,WELLS FARGO,11,0.0015714285714285715
attempt_last_bank_name,test,METABANK,11,0.0015714285714285715
attempt_last_bank_name,test,EUROPAY FRANCE SAS,11,0.0015714285714285715
attempt_last_bank_name,test,DEUTSCHER SPARKASSEN- UND GIROVERBAND,11,0.0015714285714285715
attempt_last_bank_name,test,CAIXABANK S.A.,11,0.0015714285714285715
attempt_last_bank_name,test,SERVICES C.U.,10,0.0014285714285714286
attempt_last_bank_name,test,AKBANK T.A.S.,10,0.0014285714285714286
attempt_last_bank_name,test,COMMERCIAL INTERNATIONAL BANK (EGYPT) S.A.E.,10,0.0014285714285714286
attempt_last_bank_name,test,EXTRA C.U.,10,0.0014285714285714286
attempt_last_bank_name,test,BANK LEUMI LE-ISRAEL B.M.,10,0.0014285714285714286
attempt_last_bank_name,test,BANK MILlanNIUM SPOLKA AKCYJNA,10,0.0014285714285714286
attempt_last_bank_name,test,"HSBC BANK NEVADA, N.A.",10,0.0014285714285714286
attempt_last_bank_name,test,HSBC BANK,10,0.0014285714285714286
attempt_last_bank_name,test,BNP PARIBAS,9,0.0012857142857142856
attempt_last_bank_name,test,JSC BANK OF GEORGIA,9,0.0012857142857142856
attempt_last_bank_name,test,CAISSE NATIONALE DES CAISSES D'EPARGNE (CNCE),9,0.0012857142857142856
attempt_last_bank_name,test,"HYUNDAICARD CO., LTD.",9,0.0012857142857142856
attempt_last_bank_name,test,OJSC CB INTERBANK,9,0.0012857142857142856
attempt_last_bank_name,test,"SAMSUNG CARD CO., LTD.",9,0.0012857142857142856
attempt_last_bank_name,test,WASHINGTON MUTUAL,9,0.0012857142857142856
attempt_last_bank_name,test,"CAIXA D'ESTALVIS UNIO DE CAIXES DE MANLLEU, SABADELL Y TERRA",9,0.0012857142857142856
attempt_last_bank_name,test,OTP BANK PLC,9,0.0012857142857142856
attempt_last_bank_name,test,"SWEDBANK, A.S.",9,0.0012857142857142856
attempt_last_bank_name,test,HALIFAX,9,0.0012857142857142856
attempt_last_bank_name,test,"CAPITEC BANK, LTD.",9,0.0012857142857142856
attempt_last_bank_name,test,RENESSANS BANK,9,0.0012857142857142856
attempt_last_bank_name,test,"DC CARD CO., LTD.",9,0.0012857142857142856
attempt_last_bank_name,test,CREDIT MOSCOW BANK,8,0.001142857142857143
attempt_last_bank_name,test,NATIONAL BANK FOR FOREIGN ECONOMIC ACTIVITY OF THE REPUBLIC OF UZBEKISTAN,8,0.001142857142857143
attempt_last_bank_name,test,"NATIONAL AUSTRALIA BANK, LTD.",8,0.001142857142857143
attempt_last_bank_name,test,VILNIAUS BANKAS,8,0.001142857142857143
attempt_last_bank_name,test,SUNTRUST BANK,8,0.001142857142857143
attempt_last_bank_name,test,CREDIT LIBANAIS S.A.L.,8,0.001142857142857143
attempt_last_bank_name,test,"ING BANK SLASKI, S.A.",8,0.001142857142857143
attempt_last_bank_name,test,"DBS BANK, LTD.",8,0.001142857142857143
attempt_last_bank_name,test,MALAYAN BANKING BERHAD,8,0.001142857142857143
attempt_last_bank_name,test,STARLING BANK LIMITED,8,0.001142857142857143
attempt_last_bank_name,test,PRESIDENTS CHOICE BANK,8,0.001142857142857143
attempt_last_bank_name,test,"BANCO SABADELL, S.A.",8,0.001142857142857143
attempt_last_bank_name,test,"MBNA AMERICA BANK, N.A.",8,0.001142857142857143
attempt_last_bank_name,test,"TD BANK, N.A.",8,0.001142857142857143
attempt_last_bank_name,test,FIRST NATIONAL BANK OF OMAHA,8,0.001142857142857143
attempt_last_bank_name,test,CORPORATE COMMERCIAL BANK A.D.,8,0.001142857142857143
attempt_last_bank_name,test,EMIRATES NBD BANK (P.J.S.C.),8,0.001142857142857143
attempt_last_bank_name,test,SOCIETE GENERALE,7,0.001
attempt_last_bank_name,test,"EUROPAY (EUROCARD) ISRAEL, LTD.",7,0.001
attempt_last_bank_name,test,PJSC IMEXBANK,7,0.001
attempt_last_bank_name,test,"MITSUBISHI UFJ NICOS CO., LTD.",7,0.001
attempt_last_bank_name,test,INLUX (NETHERlanDS) BV,7,0.001
attempt_last_bank_name,test,BANCO MERCANTIL DE COLOMBIA,7,0.001
attempt_last_bank_name,test,ABU DHABI ISLAMIC BANK,7,0.001
attempt_last_bank_name,test,EMPOWER F.C.U.,7,0.001
attempt_last_bank_name,test,HDFC BANK LIMITED,7,0.001
attempt_last_bank_name,test,"INTERPAYMENT SERVICES, LTD.",7,0.001
attempt_last_bank_name,test,"CESKA SPORITELNA, A.S (CZECH SAVINGS BANK)",7,0.001
attempt_last_bank_name,test,METROPOLITAN BANK AND TRUST COMPANY,7,0.001
attempt_last_bank_name,test,"BANCO INTERAMERICANO DE FINANZAS, S.A.E.M.A.",7,0.001
attempt_last_bank_name,test,JOINT STOCK POST-PENSION BANK AVAL,7,0.001
attempt_last_bank_name,test,WOODFOREST NATIONAL BANK,7,0.001
attempt_last_bank_name,test,"UNITED OVERSEAS BANK, LTD.",7,0.001
attempt_last_bank_name,test,"U.S. BANK NATIONAL ASSOCIATION, ND",7,0.001
attempt_last_bank_name,test,EMIRATES NBD,7,0.001
attempt_last_bank_name,test,ROYAL BANK OF SCOTlanD,7,0.001
attempt_last_bank_name,test,EUROPAY BELGIUM S.C.R.L.,7,0.001
attempt_last_bank_name,test,CATHAY UNITED BANK,7,0.001
attempt_last_bank_name,test,CAPITAL ONE (EUROPE) PLC,7,0.001
attempt_last_bank_name,test,"CREDIT AGRICOLE, S.A.",7,0.001
attempt_last_bank_name,test,INTERBANK - BANCO INTERNACIONAL DEL PERU,7,0.001
attempt_last_bank_name,test,BAC SAN JOSE,7,0.001
attempt_last_bank_name,test,"VISECA CARD SERVICES, S.A.",7,0.001
attempt_last_bank_name,test,CITIZENS SOUTH BANK,7,0.001
attempt_last_bank_name,test,"STANDARD BANK OF SOUTH AFRICA, LTD.",7,0.001
attempt_last_bank_name,test,POWSZECHNY BANK KREDYTOWY SA W WARSZAWIE,6,0.0008571428571428571
attempt_last_bank_name,test,"FIRST USA BANK, N.A.",6,0.0008571428571428571
attempt_last_bank_name,test,"CONAVI BANCO COMERCIAL Y DE AHORROS, S.A.",6,0.0008571428571428571
attempt_last_bank_name,test,GOVERNOR AND COMPANY OF THE BANK OF IRElanD,6,0.0008571428571428571
attempt_last_bank_name,test,ACBA CREDIT AGRICOLE BANK CJSC,6,0.0008571428571428571
attempt_last_bank_name,test,"WELLS FARGO BANK NEVADA, N.A.",6,0.0008571428571428571
attempt_last_bank_name,test,ARMENIAN CARD CJSC,6,0.0008571428571428571
attempt_last_bank_name,test,STATE EMPLOYEES' C.U.,6,0.0008571428571428571
attempt_last_bank_name,test,DEUTSCHE BANK AG,6,0.0008571428571428571
attempt_last_bank_name,test,FIRST GULF BANK PJSC,6,0.0008571428571428571
attempt_last_bank_name,test,ASB BANK,6,0.0008571428571428571
attempt_last_bank_name,test,FIRST INTERSTATE BANK,6,0.0008571428571428571
attempt_last_bank_name,test,TTCU FEDERAL CREDIT UNION,6,0.0008571428571428571
attempt_last_bank_name,test,DINERS CLUB INTERNATIONAL,6,0.0008571428571428571
attempt_last_bank_name,test,VTB BANK (ARMENIA) CJSC,6,0.0008571428571428571
attempt_last_bank_name,test,"BANCO COMERCIAL PORTUGUES, S.A.",6,0.0008571428571428571
attempt_last_bank_name,test,JACK HENRY AND ASSOCIATES,6,0.0008571428571428571
attempt_last_bank_name,test,CREDIT LYONNAIS,6,0.0008571428571428571
attempt_last_bank_name,test,KOREA EXCHANGE BANK,6,0.0008571428571428571
attempt_last_bank_name,test,"WING HANG BANK, LTD.",6,0.0008571428571428571
attempt_last_bank_name,test,HSBC BANK PLC,6,0.0008571428571428571
attempt_last_bank_name,test,ABBEY NATIONAL PLC,6,0.0008571428571428571
attempt_last_bank_name,test,ING-DIBA AG,6,0.0008571428571428571
attempt_last_bank_name,test,DZ BANK AG DEUTSCHE ZENTRAL- GENOSSENSCHAFTSBANK,6,0.0008571428571428571
attempt_last_bank_name,test,JS INNOVATION CB IPAK YULI,6,0.0008571428571428571
attempt_last_bank_name,test,JSCB KAPITALBANK,6,0.0008571428571428571
attempt_last_bank_name,test,PT. BANK CENTRAL ASIA TBK,6,0.0008571428571428571
attempt_last_bank_name,test,INTERNATIONAL CARD SERVICES BV,6,0.0008571428571428571
attempt_last_bank_name,test,VIETNAM-ASIA COMMERCIAL JSB,6,0.0008571428571428571
attempt_last_bank_name,test,JSC TBC BANK,6,0.0008571428571428571
attempt_last_bank_name,test,"FIRST TENNESSEE BANK, N.A.",6,0.0008571428571428571
attempt_last_bank_name,test,"VOLKSBANK ROMANIA, S.A.",5,0.0007142857142857143
attempt_last_bank_name,test,SAUDI CAIRO BANK,5,0.0007142857142857143
attempt_last_bank_name,test,CU COOPERATIVE SYSTEMS,5,0.0007142857142857143
attempt_last_bank_name,test,E*TRADE BANK,5,0.0007142857142857143
attempt_last_bank_name,test,CJSC AMI-BANK,5,0.0007142857142857143
attempt_last_bank_name,test,"FIRST PEOPLES BANK, INC.",5,0.0007142857142857143
attempt_last_bank_name,test,ROCKY MOUNTAIN BANKCARD SYSTEM,5,0.0007142857142857143
attempt_last_bank_name,test,"UNIBANCO - UNIAO DE BANCOS BRASILEIROS, S.A.",5,0.0007142857142857143
attempt_last_bank_name,test,"UNICARD BANCO MULTIPLO, S.A.",5,0.0007142857142857143
attempt_last_bank_name,test,"T.C. ZIRAAT BANKASI, A.S.",5,0.0007142857142857143
attempt_last_bank_name,test,JORDAN NATIONAL BANK PLC,5,0.0007142857142857143
attempt_last_bank_name,test,AL RAJHI BANKING AND INVESTMENT CORP.,5,0.0007142857142857143
attempt_last_bank_name,test,SERVIZI INTERBANCARI S.P.A.,5,0.0007142857142857143
attempt_last_bank_name,test,"TATRA BANKA, A.S.",5,0.0007142857142857143
attempt_last_bank_name,test,QNB BANK A.¿,5,0.0007142857142857143
attempt_last_bank_name,test,INTESA SAN PAOLO,5,0.0007142857142857143
attempt_last_bank_name,test,AXIS BANK LIMITED,5,0.0007142857142857143
attempt_last_bank_name,test,"VINCENTO PAYMENT SOLUTIONS, LTD.",5,0.0007142857142857143
attempt_last_bank_name,test,STAMFORD F.C.U.,5,0.0007142857142857143
attempt_last_bank_name,test,SCOTIABANK SUD AMERICANO,5,0.0007142857142857143
attempt_last_bank_name,test,STATE BANK OF INDIA,5,0.0007142857142857143
attempt_last_bank_name,test,BANK AUDI- AUDI SARADAR GROUP,5,0.0007142857142857143
attempt_last_bank_name,test,"BANCO DAVIVIENDA, S.A.",5,0.0007142857142857143
attempt_last_bank_name,test,"ST. GEORGE BANK, LTD.",5,0.0007142857142857143
attempt_last_bank_name,test,CHINATRUST COMMERCIAL BANK,5,0.0007142857142857143
attempt_last_bank_name,test,EURO KARTENSYSTEME GMBH,5,0.0007142857142857143
attempt_last_bank_name,test,IMPERIAL BANK,5,0.0007142857142857143
attempt_last_bank_name,test,TT HELlanIC POSTBANK,5,0.0007142857142857143
attempt_last_bank_name,test,NATIONAL AGRICULTURAL COOPERATIVE FEDERATION,5,0.0007142857142857143
attempt_last_bank_name,test,PSA PAYMENT SERVICES AUSTRIA GMBH,5,0.0007142857142857143
attempt_last_bank_name,test,"BANCO MERCANTIL DElanORTE S.A.., INSTITUCISN DE BANCA MZLTIP",5,0.0007142857142857143
attempt_last_bank_name,test,VISALUX S.C.,5,0.0007142857142857143
attempt_last_bank_name,test,"BANCO BILBAO VIZCAYA ARGENTARIA, S.A.",5,0.0007142857142857143
attempt_last_bank_name,test,THE BANK OF NOVA SCOTIA,5,0.0007142857142857143
attempt_last_bank_name,test,"CU ELECTRONIC TRANSACTION SERVICES, INC.",5,0.0007142857142857143
attempt_last_bank_name,test,HUNTINGTON NATIONAL BANK,5,0.0007142857142857143
attempt_last_bank_name,test,BANK OF THE PHILIPPINE Islands,5,0.0007142857142857143
attempt_last_bank_name,test,"HANASK CARD CO., LTD.",5,0.0007142857142857143
attempt_last_bank_name,test,"ADVANZIA BANK, S.A.",5,0.0007142857142857143
attempt_last_bank_name,test,WGZ BANK AG WESTDEUTSCHE GENOSSENSCHAFTS-ZENTRALBANK,5,0.0007142857142857143
attempt_last_bank_name,test,FIRST NATIONAL BANK IN MENA,5,0.0007142857142857143
attempt_last_bank_name,test,"SLOVENSKA SPORITELNA, A.S.",5,0.0007142857142857143
attempt_last_bank_name,test,"UNITED BULGARIAN BANK, LTD.",5,0.0007142857142857143
attempt_last_bank_name,test,OJSC UNICREDIT BANK,5,0.0007142857142857143
attempt_last_bank_name,test,BANCO BILBAO VIZCAYA ARGENTARIA S.A. (BBVA),5,0.0007142857142857143
attempt_last_bank_name,test,"RAIFFEISENBANK A.D., BEOGRAD",4,0.0005714285714285715
attempt_last_bank_name,test,CREDOMATIC DE MEXICO S.A. DE C.V.,4,0.0005714285714285715
attempt_last_bank_name,test,"KB KOOKMIN CARD CO., LTD.",4,0.0005714285714285715
attempt_last_bank_name,test,"CITIBANK (SOUTH DAKOTA), N.A.",4,0.0005714285714285715
attempt_last_bank_name,test,VISA JORDAN CARD SERVICES,4,0.0005714285714285715
attempt_last_bank_name,test,CAPITAL ONE BANK (CANADA BRANCH),4,0.0005714285714285715
attempt_last_bank_name,test,SANTANDER,4,0.0005714285714285715
attempt_last_bank_name,test,NAVY F.C.U.,4,0.0005714285714285715
attempt_last_bank_name,test,"BANCO MERCANTIL DEL NORTE S.A.., INSTITUCI N DE BANCA M LTIPLE, GRUPO FINANCIERO",4,0.0005714285714285715
attempt_last_bank_name,test,ARAB BANK PLC,4,0.0005714285714285715
attempt_last_bank_name,test,"SHAZAM, INC.",4,0.0005714285714285715
attempt_last_bank_name,test,"VIA CARD (THAIlanD) CO., LTD.",4,0.0005714285714285715
attempt_last_bank_name,test,GUARANTY TRUST BANK,4,0.0005714285714285715
attempt_last_bank_name,test,TOJIKSODIROTBONK JSC,4,0.0005714285714285715
attempt_last_bank_name,test,CREDIT IMMOBILIER ET HOTELIER,4,0.0005714285714285715
attempt_last_bank_name,test,JS SAVINGS BANK BELARUSBANK,4,0.0005714285714285715
attempt_last_bank_name,test,ICICI,4,0.0005714285714285715
attempt_last_bank_name,test,CARTASI S.P.A.,4,0.0005714285714285715
attempt_last_bank_name,test,"BANCO ESPIRITO SANTO, S.A.",4,0.0005714285714285715
attempt_last_bank_name,test,"CORNER BANCA, S.A.",4,0.0005714285714285715
attempt_last_bank_name,test,UNITED OVERSEAS BANK (MALAYSIA) BHD,4,0.0005714285714285715
attempt_last_bank_name,test,"BANK OF WESTERN AUSTRALIA, LTD.",4,0.0005714285714285715
attempt_last_bank_name,test,"LIFECARD CO., LTD.",4,0.0005714285714285715
attempt_last_bank_name,test,INTESA SANPAOLO,4,0.0005714285714285715
attempt_last_bank_name,test,"ING BANK (AUSTRALIA), LTD.",4,0.0005714285714285715
attempt_last_bank_name,test,BANCOLOMBIA,4,0.0005714285714285715
attempt_last_bank_name,test,"BANCO PICHINCHA, C.A.",4,0.0005714285714285715
attempt_last_bank_name,test,OAK TRUST C.U.,4,0.0005714285714285715
attempt_last_bank_name,test,WESTERN STATES BANKCARD ASSOCIATION,4,0.0005714285714285715
attempt_last_bank_name,test,ICBA BANCARD,4,0.0005714285714285715
attempt_last_bank_name,test,"BANCO ITAU, S.A.",4,0.0005714285714285715
attempt_last_bank_name,test,"KRUNGTHAI CARD PUBLIC CO., LTD.",4,0.0005714285714285715
attempt_last_bank_name,test,GROUPEMENT CARTE BLEUE,4,0.0005714285714285715
attempt_last_bank_name,test,"FIRSTCARIBBEAN INTERNATIONAL BANK (BARBADOS), LTD.",4,0.0005714285714285715
attempt_last_bank_name,test,"RBS CITIZENS, N.A.",4,0.0005714285714285715
attempt_last_bank_name,test,BANK OF SCOTlanD PLC,4,0.0005714285714285715
attempt_last_bank_name,test,OTP BANKA D.D.,4,0.0005714285714285715
attempt_last_bank_name,test,AMEX UK GLOBESTAR,4,0.0005714285714285715
attempt_last_bank_name,test,NOVA KBM,4,0.0005714285714285715
attempt_last_bank_name,test,NORDEA BANK FINlanD PLC,4,0.0005714285714285715
attempt_last_bank_name,test,"BANCO BAC SAN JOSE, S.A.",4,0.0005714285714285715
attempt_last_bank_name,test,UNITED COMMERCIAL BANK,4,0.0005714285714285715
attempt_last_bank_name,test,BANK CENTER CREDIT,4,0.0005714285714285715
attempt_last_bank_name,test,"BANCO DE ORO UNIBANK, INC.",4,0.0005714285714285715
attempt_last_bank_name,test,FAA C.U.,4,0.0005714285714285715
attempt_last_bank_name,test,"RAKUTEN KC CO., LTD.",4,0.0005714285714285715
attempt_last_bank_name,test,LA FEDERATION DES CAISSES DESJARDINS DU QUEBEC,4,0.0005714285714285715
attempt_last_bank_name,test,"CASH STATION, INC.",4,0.0005714285714285715
attempt_last_bank_name,test,"UNIBANK, LTD.",4,0.0005714285714285715
attempt_last_bank_name,test,"VALES INTERCONTINENTALES, S.A.",4,0.0005714285714285715
attempt_last_bank_name,test,ZENITH BANK PLC,4,0.0005714285714285715
attempt_last_bank_name,test,"BANCO DE GALICIA Y BUENOS AIRES, S.A.",4,0.0005714285714285715
attempt_last_bank_name,test,"BANCO GENERAL, S.A.",4,0.0005714285714285715
attempt_last_bank_name,test,"MERCANTILE DISCOUNT BANK, LTD.",4,0.0005714285714285715
attempt_last_bank_name,test,NATIONAL SOCIETE GENERALE BANK S.A.E.,3,0.00042857142857142855
attempt_last_bank_name,test,INTERNATIONAL BANK OF AZERBAIJAN,3,0.00042857142857142855
attempt_last_bank_name,test,ZUERCHER KANTONALBANK,3,0.00042857142857142855
attempt_last_bank_name,test,"BANCO FRANCES, S.A.",3,0.00042857142857142855
attempt_last_bank_name,test,MOSCOW MUNICIPAL BANK-BANK OF MOSCOW,3,0.00042857142857142855
attempt_last_bank_name,test,"DEUTSCHE KREDITBANK AG (DKB), LUFTHANSA, MILES AND MORE",3,0.00042857142857142855
attempt_last_bank_name,test,ATTIJARIWAFA BANK,3,0.00042857142857142855
attempt_last_bank_name,test,"BANCO INDUSTRIAL E COMERCIAL, S.A.",3,0.00042857142857142855
attempt_last_bank_name,test,LA POSTE,3,0.00042857142857142855
attempt_last_bank_name,test,"CB MOLDOVA-AGROINDBANK, S.A.",3,0.00042857142857142855
attempt_last_bank_name,test,SIGNATURE BANK,3,0.00042857142857142855
attempt_last_bank_name,test,"UMB BANK, N.A.",3,0.00042857142857142855
attempt_last_bank_name,test,"SANTA BARBARA BANK AND TRUST, N.A.",3,0.00042857142857142855
attempt_last_bank_name,test,"BANK OF AMERICA, NATIONAL ASSOCIATION",3,0.00042857142857142855
attempt_last_bank_name,test,METROBANK CARD CORPORATION,3,0.00042857142857142855
attempt_last_bank_name,test,"STAR PROCESSING, INC.",3,0.00042857142857142855
attempt_last_bank_name,test,POSTEPAY S.P.A,3,0.00042857142857142855
attempt_last_bank_name,test,"ROYAL BANK OF SCOTlanD, N.V.",3,0.00042857142857142855
attempt_last_bank_name,test,FIRST NATIONAL BANK,3,0.00042857142857142855
attempt_last_bank_name,test,YUG-INVESTBANK JSB,3,0.00042857142857142855
attempt_last_bank_name,test,FOX CHASE FEDERAL SAVINGS BANK,3,0.00042857142857142855
attempt_last_bank_name,test,"SIAM COMMERCIAL BANK PUBLIC CO., LTD.",3,0.00042857142857142855
attempt_last_bank_name,test,"INDUSIND BANK, LTD.",3,0.00042857142857142855
attempt_last_bank_name,test,"ARGENCARD, S.A.",3,0.00042857142857142855
attempt_last_bank_name,test,"NEDBANK, LTD.",3,0.00042857142857142855
attempt_last_bank_name,test,EUROCARD AB,3,0.00042857142857142855
attempt_last_bank_name,test,"CREDOMATIC DEL ISTMO, S.A.",3,0.00042857142857142855
attempt_last_bank_name,test,CHASE CARD SERVICES CANADA,3,0.00042857142857142855
attempt_last_bank_name,test,HSBC BANK MIDDLE EAST,3,0.00042857142857142855
attempt_last_bank_name,test,"DENIZBANK, A.S.",3,0.00042857142857142855
attempt_last_bank_name,test,AMEX AUSTRALIA GLOBESTAR CHARGE,3,0.00042857142857142855
attempt_last_bank_name,test,AMEX CANADA GLOBESTAR,3,0.00042857142857142855
attempt_last_bank_name,test,PULSE EFT ASSOCIATION,3,0.00042857142857142855
attempt_last_bank_name,test,ALLIANCE DATA SYSTEMS,3,0.00042857142857142855
attempt_last_bank_name,test,"KENTBANK, A.S.",3,0.00042857142857142855
attempt_last_bank_name,test,M AND I (MARSHALL AND ILSLEY) BANK,3,0.00042857142857142855
attempt_last_bank_name,test,CAPITAL CITY BANK,3,0.00042857142857142855
attempt_last_bank_name,test,MILLBURY F.C.U.,3,0.00042857142857142855
attempt_last_bank_name,test,BANKAS SNORAS,3,0.00042857142857142855
attempt_last_bank_name,test,BANK OF IRElanD,3,0.00042857142857142855
attempt_last_bank_name,test,FIRST UNITED NATIONAL BANK AND TRUST COMPANY,3,0.00042857142857142855
attempt_last_bank_name,test,BANCO ESPANOL DE CREDITO,3,0.00042857142857142855
attempt_last_bank_name,test,"BANCO CITICARD, S.A.",3,0.00042857142857142855
attempt_last_bank_name,test,"FIRST DATA CONO SUR, S.R.L.",3,0.00042857142857142855
attempt_last_bank_name,test,"LOTTE CARD CO., LTD.",3,0.00042857142857142855
attempt_last_bank_name,test,AMEX GERMANY GLOBESTAR CHARGE,3,0.00042857142857142855
attempt_last_bank_name,test,CAJA DE AHORROS DE MADRID (CAJA MADRID),3,0.00042857142857142855
attempt_last_bank_name,test,MOONEY S.P.A.,3,0.00042857142857142855
attempt_last_bank_name,test,"MASTERCAJAS, S.A.",3,0.00042857142857142855
attempt_last_bank_name,test,EURO KARTENSYSTEME EUROCARD UND EUROCHEQUE GMBH,3,0.00042857142857142855
attempt_last_bank_name,test,"RAIFFEISENBANK, A.S.",3,0.00042857142857142855
attempt_last_bank_name,test,"CREDOMATIC INTERNATIONAL, S.A.",3,0.00042857142857142855
attempt_last_bank_name,test,"KEYBANK, N.A.",3,0.00042857142857142855
attempt_last_bank_name,test,SWISS POST,3,0.00042857142857142855
attempt_last_bank_name,test,"SUMITOMO MITSUI CARD CO., LTD.",3,0.00042857142857142855
attempt_last_bank_name,test,BANCORP BANK,3,0.00042857142857142855
attempt_last_bank_name,test,CREDIT INDUSTRIEL ET COMMERCIAL,3,0.00042857142857142855
attempt_last_bank_name,test,THE HONGKONG AND SHANGHAI BANKING CORPORATION LIMITED,3,0.00042857142857142855
attempt_last_bank_name,test,"ETIBANK, A.S.",3,0.00042857142857142855
attempt_last_bank_name,test,SWEDBANK AB,3,0.00042857142857142855
attempt_last_bank_name,test,NATIONAL BANK OF CANADA,3,0.00042857142857142855
attempt_last_bank_name,test,ZEPTER BANKA A.D.,3,0.00042857142857142855
attempt_last_bank_name,test,GALICIA,3,0.00042857142857142855
attempt_last_bank_name,test,REGIONS BANK,3,0.00042857142857142855
attempt_last_bank_name,test,"VAZCORP SOCIEDAD FINANCIERA, S.A.",3,0.00042857142857142855
attempt_last_bank_name,test,ITS BANK,3,0.00042857142857142855
attempt_last_bank_name,test,"CITIBANK SINGAPORE, LTD.",3,0.00042857142857142855
attempt_last_bank_name,test,"KOTAK MAHINDRA BANK, LTD.",3,0.00042857142857142855
attempt_last_bank_name,test,"BANCO BRADESCO, S.A.",3,0.00042857142857142855
attempt_last_bank_name,test,"CAIXA GERAL DE DEPOSITOS, S.A.",3,0.00042857142857142855
attempt_last_bank_name,test,FIRST COMMONWEALTH BANK,3,0.00042857142857142855
attempt_last_bank_name,test,VICTORIABANK,3,0.00042857142857142855
attempt_last_bank_name,test,BLC BANK S.A.L.,3,0.00042857142857142855
attempt_last_bank_name,test,PBS INTERNATIONAL A/S,3,0.00042857142857142855
attempt_last_bank_name,test,"FIRSTCARIBBEAN INTERNATIONAL BANK (CAYMAN), LTD.",3,0.00042857142857142855
attempt_last_bank_name,test,UNICREDIT S.P.A.,3,0.00042857142857142855
attempt_last_bank_name,test,PROVINCE OF CHINA[A] (COUNTRY CODE: TWN),3,0.00042857142857142855
attempt_last_bank_name,test,TURKIYE VAKIFLAR BANKASI T.A.O.,3,0.00042857142857142855
attempt_last_bank_name,test,BANCO INTERNACIONAL DO FUNCHAL S.A. (BANIF),3,0.00042857142857142855
attempt_last_bank_name,test,BANQUE MAROCAINE DU COMMERCE EXTERIEUR,3,0.00042857142857142855
attempt_last_bank_name,test,BANCO DE GALICIA Y BUENOS AIRES,3,0.00042857142857142855
attempt_last_bank_name,test,TAMARA BANK,3,0.00042857142857142855
attempt_last_bank_name,test,CENTURION,3,0.00042857142857142855
attempt_last_bank_name,test,CITIBANK BERHAD,3,0.00042857142857142855
attempt_last_bank_name,test,"TARJETAS BANAMEX, SA DE CV, SOFOM E.R.",3,0.00042857142857142855
attempt_last_bank_name,test,"NATIONAL BANK OF KUWAIT, S.A.K.",3,0.00042857142857142855
attempt_last_bank_name,test,"COMPUTER SERVICES, INC.",3,0.00042857142857142855
attempt_last_bank_name,test,FORT BELVOIR F.C.U.,3,0.00042857142857142855
attempt_last_bank_name,test,"TARJETA NARANJA DOMINICANA, S.A.",3,0.00042857142857142855
attempt_last_bank_name,test,NATIONWIDE BUILDING SOCIETY,3,0.00042857142857142855
attempt_last_bank_name,test,"VISA ARGENTINA, S.A.",3,0.00042857142857142855
attempt_last_bank_name,test,CUMBERlanD COUNTY F.C.U.,2,0.00028571428571428574
attempt_last_bank_name,test,VIVILD OG OMEGNS SPAREKASSE,2,0.00028571428571428574
attempt_last_bank_name,test,BANK OF BAHAMAS,2,0.00028571428571428574
attempt_last_bank_name,test,EVERGREEN C.U.,2,0.00028571428571428574
attempt_last_bank_name,test,BANCA INTESA AD BEOGRAD,2,0.00028571428571428574
attempt_last_bank_name,test,BARKSDALE F.C.U.,2,0.00028571428571428574
attempt_last_bank_name,test,NEWBRIDGE BANK,2,0.00028571428571428574
attempt_last_bank_name,test,ZAGREBACKA BANKA BH D.D.,2,0.00028571428571428574
attempt_last_bank_name,test,OTP BANK JSC,2,0.00028571428571428574
attempt_last_bank_name,test,CITICORP,2,0.00028571428571428574
attempt_last_bank_name,test,BANCO CONTINENTAL,2,0.00028571428571428574
attempt_last_bank_name,test,HUNTINGTON SCHOOLS F.C.U.,2,0.00028571428571428574
attempt_last_bank_name,test,NEW ENGlanD BANKCARD ASSOCIATION,2,0.00028571428571428574
attempt_last_bank_name,test,STATE EXPORT-IMPORT BANK OF UKRAINE (UKREXIMBANK),2,0.00028571428571428574
attempt_last_bank_name,test,ASOCIACION LA NACIONAL DE AHORROS Y PRESTAMOS,2,0.00028571428571428574
attempt_last_bank_name,test,BANCO INTER S.A.,2,0.00028571428571428574
attempt_last_bank_name,test,MATTEL F.C.U.,2,0.00028571428571428574
attempt_last_bank_name,test,"YAMAGIN CREDIT CO., LTD.",2,0.00028571428571428574
attempt_last_bank_name,test,"RAIFFEISEN BANK, S.A.",2,0.00028571428571428574
attempt_last_bank_name,test,"BANCO CITIBANK DE EL SALVADOR, S.A.",2,0.00028571428571428574
attempt_last_bank_name,test,CLOUDWALK INSTITUIÇÃO DE PAGAMENTO E SERVIÇOS LTDA,2,0.00028571428571428574
attempt_last_bank_name,test,JSC ALLIANCE BANK,2,0.00028571428571428574
attempt_last_bank_name,test,INDIAN BANK,2,0.00028571428571428574
attempt_last_bank_name,test,BARWA BANK,2,0.00028571428571428574
attempt_last_bank_name,test,EUROBANK EFG BULGARIA A.D.,2,0.00028571428571428574
attempt_last_bank_name,test,"MITSUBISHI UFJ FINANCIAL GROUP, INC.",2,0.00028571428571428574
attempt_last_bank_name,test,"CESKOSLOVENSKA OBCHODNI BANKA, A.S.",2,0.00028571428571428574
attempt_last_bank_name,test,ARAB NATIONAL BANK,2,0.00028571428571428574
attempt_last_bank_name,test,AMEX NETHERLANDS CONSUMER,2,0.00028571428571428574
attempt_last_bank_name,test,"CITIBANK NIGERIA, LTD.",2,0.00028571428571428574
attempt_last_bank_name,test,RAIFFEISEN BANK,2,0.00028571428571428574
attempt_last_bank_name,test,"BANCO PANAMERICANO, S.A.",2,0.00028571428571428574
attempt_last_bank_name,test,SBI CARDS AND PAYMENT SERVICES LIMITED,2,0.00028571428571428574
attempt_last_bank_name,test,"UTI BANK, LTD.",2,0.00028571428571428574
attempt_last_bank_name,test,ALIOR BANK SPOLKA AKCYJNA,2,0.00028571428571428574
attempt_last_bank_name,test,SAUDI BRITISH BANK,2,0.00028571428571428574
attempt_last_bank_name,test,SWISS BANKERS PREPAID SERVICES AG,2,0.00028571428571428574
attempt_last_bank_name,test,"TURKIYE HALK BANKASI, A.S.",2,0.00028571428571428574
attempt_last_bank_name,test,ANELIK BANK CJSC,2,0.00028571428571428574
attempt_last_bank_name,test,PNC NATIONAL BANK_OF DELAWARE,2,0.00028571428571428574
attempt_last_bank_name,test,FIRST PREMIER BANK,2,0.00028571428571428574
attempt_last_bank_name,test,"REDEBAN MULTICOLOR, S.A.",2,0.00028571428571428574
attempt_last_bank_name,test,PRIORBANK JSC,2,0.00028571428571428574
attempt_last_bank_name,test,COMMERZBANK,2,0.00028571428571428574
attempt_last_bank_name,test,"POCA VALLEY BANK, INC.",2,0.00028571428571428574
attempt_last_bank_name,test,"KOMERCNI BANKA, A.S.",2,0.00028571428571428574
attempt_last_bank_name,test,UBS AG,2,0.00028571428571428574
attempt_last_bank_name,test,"HUNGARIAN VOLKSBANK, LTD.",2,0.00028571428571428574
attempt_last_bank_name,test,"CITIBANK DEL PERU, S.A.",2,0.00028571428571428574
attempt_last_bank_name,test,HONG LEONG BANK BERHAD,2,0.00028571428571428574
attempt_last_bank_name,test,"BANCO DE MADRID, S.A.",2,0.00028571428571428574
attempt_last_bank_name,test,MCB ODINBANK (LLC),2,0.00028571428571428574
attempt_last_bank_name,test,AIB BANK,2,0.00028571428571428574
attempt_last_bank_name,test,"PROMOTORA CMR FALABELLA, S.A.",2,0.00028571428571428574
attempt_last_bank_name,test,NATIONAL BANK OF OMAN LTD. (S.A.O.G.),2,0.00028571428571428574
attempt_last_bank_name,test,"PNC BANK, NATIONAL ASSOCIATION - CONSUMER CREDIT",2,0.00028571428571428574
attempt_last_bank_name,test,PENNSYLVANIA STATE EMPLOYEES C.U.,2,0.00028571428571428574
attempt_last_bank_name,test,"CREDIT SAISON CO., LTD.",2,0.00028571428571428574
attempt_last_bank_name,test,"PIRAEUS BANK, S.A.",2,0.00028571428571428574
attempt_last_bank_name,test,"WOORICARD CO., LTD",2,0.00028571428571428574
attempt_last_bank_name,test,IBERCAJA (CAJA DE AHORROS Y MONTE DE PIEDAD DE ZARAGOZA ARAG,2,0.00028571428571428574
attempt_last_bank_name,test,JSCB PROBUSINESSBANK OJSC,2,0.00028571428571428574
attempt_last_bank_name,test,KAOHSIUNG THIRD CREDIT CO-OPERATIVE,2,0.00028571428571428574
attempt_last_bank_name,test,"STANDARD CHARTERED BANK ZIMBABWE, LTD.",2,0.00028571428571428574
attempt_last_bank_name,test,BANCO COOPERATIVO ESPANOL,2,0.00028571428571428574
attempt_last_bank_name,test,BORBJERG SPAREKASSE,2,0.00028571428571428574
attempt_last_bank_name,test,VIETNAM TECHNOLOGICAL AND COMMERCIAL JSB,2,0.00028571428571428574
attempt_last_bank_name,test,EAST WEST BANK,2,0.00028571428571428574
attempt_last_bank_name,test,ALLIED IRISH BANKS PLC,2,0.00028571428571428574
attempt_last_bank_name,test,lanSING AUTOMAKERS F.C.U.,2,0.00028571428571428574
attempt_last_bank_name,test,"BANCO DO BRASIL, S.A.",2,0.00028571428571428574
attempt_last_bank_name,test,CHINESE BANK,2,0.00028571428571428574
attempt_last_bank_name,test,EUROPAY AUSTRIA ZAHlanGSVERKEHRSSYSTEME GMBH,2,0.00028571428571428574
attempt_last_bank_name,test,HANA BANK,2,0.00028571428571428574
attempt_last_bank_name,test,"HSBC MEXICO S.A., INSTITUCION DE BANCA MULTIPLE, GRUPO FINAN",2,0.00028571428571428574
attempt_last_bank_name,test,"GREATER BUILDING SOCIETY, LTD.",2,0.00028571428571428574
attempt_last_bank_name,test,POSTE ITALIANE S.P.A. (BANCO POSTA),2,0.00028571428571428574
attempt_last_bank_name,test,LEESPORT BANK,2,0.00028571428571428574
attempt_last_bank_name,test,NORDEA BANK AB (PUBL),2,0.00028571428571428574
attempt_last_bank_name,test,PREMIER AMERICA C.U.,2,0.00028571428571428574
attempt_last_bank_name,test,NATIONAL CITY BANK OF KENTUCKY,2,0.00028571428571428574
attempt_last_bank_name,test,"FIRST FINANCIAL BANK, N.A.",2,0.00028571428571428574
attempt_last_bank_name,test,BANK OF NEW ZEAlanD,2,0.00028571428571428574
attempt_last_bank_name,test,"STANDARD CHARTERED GRINDLAYS (OFFSHORE), LTD.",2,0.00028571428571428574
attempt_last_bank_name,test,"COMMUNITY BANK, N.A.",2,0.00028571428571428574
attempt_last_bank_name,test,BANQUE CENTRALE POPULAIRE,2,0.00028571428571428574
attempt_last_bank_name,test,"AUSTRALIA AND NEW ZEAlanD BANKING GROUP, LTD.",2,0.00028571428571428574
attempt_last_bank_name,test,"ROMANIAN COMMERCIAL BANK, S.A. - BANCA COMERCIALA ROMANA, S.A.",2,0.00028571428571428574
attempt_last_bank_name,test,HSBC BANK MALAYSIA BERHAD,2,0.00028571428571428574
attempt_last_bank_name,test,"HSBC BANK ARGENTINA, S.A.",2,0.00028571428571428574
attempt_last_bank_name,test,CAPITAL ONE BANK,2,0.00028571428571428574
attempt_last_bank_name,test,EDUCATIONAL COMMUNITY C.U.,2,0.00028571428571428574
attempt_last_bank_name,test,ESBANK ESKISEHIR BANKASI T.A.S.,2,0.00028571428571428574
attempt_last_bank_name,test,"PRUDENTIAL SAVINGS BANK, F.S.B.",2,0.00028571428571428574
attempt_last_bank_name,test,"DBS BANK (HONG KONG), LTD.",2,0.00028571428571428574
attempt_last_bank_name,test,HANSEATIC BANK GMBH AND CO KG,2,0.00028571428571428574
attempt_last_bank_name,test,PJSC UKRSOTSBANK,2,0.00028571428571428574
attempt_last_bank_name,test,DEUTSCHE KREDITBANK AKTIENGESELLSCHAFT,2,0.00028571428571428574
attempt_last_bank_name,test,"COMMUNITY TRUST BANK, INC.",2,0.00028571428571428574
attempt_last_bank_name,test,GE MONEY BANK AG,2,0.00028571428571428574
attempt_last_bank_name,test,CREDIT AGRICOLE EGYPT S.A.E.,2,0.00028571428571428574
attempt_last_bank_name,test,SUSQUEHANNA BANK,2,0.00028571428571428574
attempt_last_bank_name,test,WESTERN CAPITAL BANK,2,0.00028571428571428574
attempt_last_bank_name,test,NATIONAL BANK OF EGYPT,2,0.00028571428571428574
attempt_last_bank_name,test,"HANG SENG BANK, LTD.",2,0.00028571428571428574
attempt_last_bank_name,test,"COMMERCIAL BANK OF KUWAIT, S.A.K.",2,0.00028571428571428574
attempt_last_bank_name,test,"NATIONAL BANK OF GREECE, S.A.",2,0.00028571428571428574
attempt_last_bank_name,test,FARMERS AND MECHANICS NATIONAL BANK,2,0.00028571428571428574
attempt_last_bank_name,test,FIRST BANK,2,0.00028571428571428574
attempt_last_bank_name,test,GERMANTOWN FEDERAL SAVINGS BANK,2,0.00028571428571428574
attempt_last_bank_name,test,BANCO PARIS,2,0.00028571428571428574
attempt_last_bank_name,test,"ASYA KATILIM BANKASI, A.S.",2,0.00028571428571428574
attempt_last_bank_name,test,CJSC AKTSENT BANK,2,0.00028571428571428574
attempt_last_bank_name,test,GOLOMT BANK OF MONGOLIA,2,0.00028571428571428574
attempt_last_bank_name,test,"FIRSTMERIT BANK, N.A.",2,0.00028571428571428574
attempt_last_bank_name,test,"VENTAS INTERNACIONALES, S.A. DE C.V.",2,0.00028571428571428574
attempt_last_bank_name,test,FINECOBANK S.P.A.,2,0.00028571428571428574
attempt_last_bank_name,test,"PACIFICARD, S.A.",2,0.00028571428571428574
attempt_last_bank_name,test,AB SIAULIU BANKAS,2,0.00028571428571428574
attempt_last_bank_name,test,STANDARD CHARTERED,2,0.00028571428571428574
attempt_last_bank_name,test,"CU COOPERATIVE SYSTEMS, LLC",2,0.00028571428571428574
attempt_last_bank_name,test,HERITAGE FAMILY C.U.,2,0.00028571428571428574
attempt_last_bank_name,test,BERlanER BANK AG,2,0.00028571428571428574
attempt_last_bank_name,test,UZPROMSTROYBANK UZBEK JSC INDUSTRIAL AND CONSTRUCTION BANK,2,0.00028571428571428574
attempt_last_bank_name,test,NORTH COMMUNITY BANK,2,0.00028571428571428574
attempt_last_bank_name,test,"BANK ALFALAH, LTD.",2,0.00028571428571428574
attempt_last_bank_name,test,"KUVEYT TURK KATILIM BANKASI, A.S.",2,0.00028571428571428574
attempt_last_bank_name,test,RIAS S.R.L. (BANCOMAT),2,0.00028571428571428574
attempt_last_bank_name,test,BANCO DE BOGOTA,2,0.00028571428571428574
attempt_last_bank_name,test,BANK OF PALESTINE PLC,2,0.00028571428571428574
attempt_last_bank_name,test,CHINA MERCHANTS BANK,2,0.00028571428571428574
attempt_last_bank_name,test,KUWAIT FINANCE HOUSE,2,0.00028571428571428574
attempt_last_bank_name,test,NORDEA BANK AB,2,0.00028571428571428574
attempt_last_bank_name,test,"BANCO BRADESCO CARTOES, S.A.",2,0.00028571428571428574
attempt_last_bank_name,test,"MONEY CARD ASSOCIATION PR LEAGUE, INC.",2,0.00028571428571428574
attempt_last_bank_name,test,"BC MOLDINDCONBANK, S.A.",2,0.00028571428571428574
attempt_last_bank_name,test,METROBANK CARD CORPORATION (A FINANCE COMPANY),2,0.00028571428571428574
attempt_last_bank_name,test,TRAVELLERS CHEQUE,2,0.00028571428571428574
attempt_last_bank_name,test,GARANTI,2,0.00028571428571428574
attempt_last_bank_name,test,"SOCIETE GENERALE, S.A.",2,0.00028571428571428574
attempt_last_bank_name,test,AFFINITY F.C.U.,2,0.00028571428571428574
attempt_last_bank_name,test,"EXIM BANK TANZANIA, LTD.",2,0.00028571428571428574
attempt_last_bank_name,test,HSBC BANK EGYPT,2,0.00028571428571428574
attempt_last_bank_name,test,GOLDMAN SACHS BANK USA,2,0.00028571428571428574
attempt_last_bank_name,test,"FIRST CITIZENS BANK, LTD.",2,0.00028571428571428574
attempt_last_bank_name,test,ITHMAAR BANK B.S.C.,2,0.00028571428571428574
attempt_last_bank_name,test,"BBVA BANCO FRANCES, S.A.",2,0.00028571428571428574
attempt_last_bank_name,test,BANCO ITAU CHILE,2,0.00028571428571428574
attempt_last_bank_name,test,"EXTRACO BANKS, N.A.",2,0.00028571428571428574
attempt_last_bank_name,test,"SERVIRED, SOCIEDAD ESPANOLA DE MEDIOS DE PAGO, S.A.",2,0.00028571428571428574
attempt_last_bank_name,test,BANK OF COMMERCE AND DEVELOPMENT (LJSC),2,0.00028571428571428574
attempt_last_bank_name,test,VISA COLOMBIA,2,0.00028571428571428574
attempt_last_bank_name,test,"TOPCARD SERVICE, S.A.",2,0.00028571428571428574
attempt_last_bank_name,test,SHARJAH ISLAMIC BANK PJSC,2,0.00028571428571428574
attempt_last_bank_name,test,VISION BANCO SOCIEDAD ANONIMA EMISORA DECAPITAL ABIERTO,2,0.00028571428571428574
attempt_last_bank_name,test,ABU DHABI COMMERCIAL BANK,2,0.00028571428571428574
attempt_last_bank_name,test,UTAH OIL WORKERS' C.U.,2,0.00028571428571428574
attempt_last_bank_name,test,"INVEST-BANK, S.A.",2,0.00028571428571428574
attempt_last_bank_name,test,UNITED SAUDI COMMERCIAL BANK,2,0.00028571428571428574
attempt_last_bank_name,test,"BANCO DEL AUSTRO, S.A.",2,0.00028571428571428574
attempt_last_bank_name,test,"VALORES INTERNACIONALES, S.A.",2,0.00028571428571428574
attempt_last_bank_name,test,ISYNERGY SDN. BHD.,2,0.00028571428571428574
attempt_last_bank_name,test,BANCO REGIONAL DE MONTERREY S.A. BANREGIO,2,0.00028571428571428574
attempt_last_bank_name,test,UT BANK LIMITED,2,0.00028571428571428574
attempt_last_bank_name,test,BANQUE LIBANO-FRANCAISE S.A.L. /COMMERCE AND FINANCE S.A.L.,2,0.00028571428571428574
attempt_last_bank_name,test,"BANCO UNO, S.A.",2,0.00028571428571428574
attempt_last_bank_name,test,GRCC,2,0.00028571428571428574
attempt_last_bank_name,test,"UAB BANK, LTD.",2,0.00028571428571428574
attempt_last_bank_name,test,BANCO ESPANOL DE CREDITO S.A. (BANESTO),2,0.00028571428571428574
attempt_last_bank_name,test,METRO BANK,2,0.00028571428571428574
attempt_last_bank_name,test,SEB KORT DANMARK,2,0.00028571428571428574
attempt_last_bank_name,test,"BANCO CANARIAS DE VENEZUELA, BANCO UNIVERSAL, C.A.",2,0.00028571428571428574
attempt_last_bank_name,test,"BANK OF CYPRUS PUBLIC CO., LTD.",2,0.00028571428571428574
attempt_last_bank_name,test,CAISSE CENTRALE DE CREDIT MUTUEL,2,0.00028571428571428574
attempt_last_bank_name,test,SCOTIABANK PERU S.A.A.,2,0.00028571428571428574
attempt_last_bank_name,test,"CAPITAL ONE, N.A.",1,0.00014285714285714287
attempt_last_bank_name,test,GUADALUPE C.U.,1,0.00014285714285714287
attempt_last_bank_name,test,"DANSKE BANK AKTIESELSKAB, DENMARK, SWEDEN BRANCH",1,0.00014285714285714287
attempt_last_bank_name,test,HUDSON UNITED BANK,1,0.00014285714285714287
attempt_last_bank_name,test,UNITED NATIONS F.C.U.,1,0.00014285714285714287
attempt_last_bank_name,test,VISA SWEDEN ASSOCIATION,1,0.00014285714285714287
attempt_last_bank_name,test,"THAI FARMERS BANK PUBLIC COMPANY, LTD.",1,0.00014285714285714287
attempt_last_bank_name,test,"TIRANA BANK, S.A.",1,0.00014285714285714287
attempt_last_bank_name,test,UKRAINSKY PROMYSLOVY BANK LIMITED LIABILITY COMPANY,1,0.00014285714285714287
attempt_last_bank_name,test,"ASKARI BANK, LTD.",1,0.00014285714285714287
attempt_last_bank_name,test,ORIENTAL BANK OF COMMERCE,1,0.00014285714285714287
attempt_last_bank_name,test,PIRAEUS BANK A.D. BEOGRAD,1,0.00014285714285714287
attempt_last_bank_name,test,"TRANSACT NETWORK, LTD.",1,0.00014285714285714287
attempt_last_bank_name,test,"BANCO COMERCIAL URUGUAI, S.A.",1,0.00014285714285714287
attempt_last_bank_name,test,BANKFIRST,1,0.00014285714285714287
attempt_last_bank_name,test,NLB TUTUNSKA BANKA AD SKOPJE,1,0.00014285714285714287
attempt_last_bank_name,test,"CO-OPERATIVE BANK OF KENYA, LTD.",1,0.00014285714285714287
attempt_last_bank_name,test,PJSC BANK FINANCE AND CREDIT,1,0.00014285714285714287
attempt_last_bank_name,test,KAPITAL BANK,1,0.00014285714285714287
attempt_last_bank_name,test,CHINA EVERBRIGHT BANK,1,0.00014285714285714287
attempt_last_bank_name,test,UNION BANK COMPANY,1,0.00014285714285714287
attempt_last_bank_name,test,FIRST NATIONAL BANK OF NAMIBIA LIMITED,1,0.00014285714285714287
attempt_last_bank_name,test,THE BANK OF GEORGIA,1,0.00014285714285714287
attempt_last_bank_name,test,UNITED BANK,1,0.00014285714285714287
attempt_last_bank_name,test,"APS BANK, LTD.",1,0.00014285714285714287
attempt_last_bank_name,test,TRADE AND DEVELOPMENT BANK OF MONGOLIA,1,0.00014285714285714287
attempt_last_bank_name,test,"NEDCOR BANK, LTD.",1,0.00014285714285714287
attempt_last_bank_name,test,"PECUNIA CARDS E.D.E., S.L.U.",1,0.00014285714285714287
attempt_last_bank_name,test,"BANCO WAL*MART DE MEXICO ADElanTE, S.A.",1,0.00014285714285714287
attempt_last_bank_name,test,"TCM BANK, N.A.",1,0.00014285714285714287
attempt_last_bank_name,test,MAIN STREET BANK,1,0.00014285714285714287
attempt_last_bank_name,test,"NATIONAL COMMERCIAL BANK JAMAICA, LTD.",1,0.00014285714285714287
attempt_last_bank_name,test,SEB VILNIAUS BANKAS AB,1,0.00014285714285714287
attempt_last_bank_name,test,NATIONAL COMMERCIAL BANK JAMAICA LIMITED,1,0.00014285714285714287
attempt_last_bank_name,test,"JOINT DEVELOPMENT BANK, LTD.",1,0.00014285714285714287
attempt_last_bank_name,test,PUBLIC JSC JSB UKRGASBANK,1,0.00014285714285714287
attempt_last_bank_name,test,"BANCO INBURSA, S.A.",1,0.00014285714285714287
attempt_last_bank_name,test,GE CAPITAL RETAIL BANK,1,0.00014285714285714287
attempt_last_bank_name,test,FIRST STATE BANK,1,0.00014285714285714287
attempt_last_bank_name,test,VIETNAM PROSPERITY JSCB,1,0.00014285714285714287
attempt_last_bank_name,test,"BANCO MERCANTIL, S.A.C.A.",1,0.00014285714285714287
attempt_last_bank_name,test,GULF BANK ALGERIA,1,0.00014285714285714287
attempt_last_bank_name,test,CORNING CABLE SYSTEMS C.U.,1,0.00014285714285714287
attempt_last_bank_name,test,BAYERISCHE lanDESBANK,1,0.00014285714285714287
attempt_last_bank_name,test,REVOLUT PAYMENTS AUSTRALIA PTY LTD,1,0.00014285714285714287
attempt_last_bank_name,test,BANCO POPULAR,1,0.00014285714285714287
attempt_last_bank_name,test,"KOKUNAI SHINPAN CO., LTD.",1,0.00014285714285714287
attempt_last_bank_name,test,U.S. EMPLOYEES C.U.,1,0.00014285714285714287
attempt_last_bank_name,test,FIRST ABU DHABI BANK PJSC,1,0.00014285714285714287
attempt_last_bank_name,test,"L.G. CREDIT CARD CO., LTD.",1,0.00014285714285714287
attempt_last_bank_name,test,VJA,1,0.00014285714285714287
attempt_last_bank_name,test,"WESTPAC NEW ZEAlanD, LTD.",1,0.00014285714285714287
attempt_last_bank_name,test,CANADIAN TIRE BANK,1,0.00014285714285714287
attempt_last_bank_name,test,BANK FUND STAFF FEDERAL_CREDIT UNION,1,0.00014285714285714287
attempt_last_bank_name,test,AMERUS BANK,1,0.00014285714285714287
attempt_last_bank_name,test,NATWEST,1,0.00014285714285714287
attempt_last_bank_name,test,"BANCO SANTANDER TOTTA, S.A.",1,0.00014285714285714287
attempt_last_bank_name,test,YES BANK LIMITED,1,0.00014285714285714287
attempt_last_bank_name,test,"UNIBANCA, S.A",1,0.00014285714285714287
attempt_last_bank_name,test,COMMUNITY AMERICA C.U.,1,0.00014285714285714287
attempt_last_bank_name,test,"UNIBANK, S.A.",1,0.00014285714285714287
attempt_last_bank_name,test,JSC URALPRIVATBANK,1,0.00014285714285714287
attempt_last_bank_name,test,"BANCO DE LA PRODUCCION,S.A. (PRODUBANCO)",1,0.00014285714285714287
attempt_last_bank_name,test,"BANK ONE, N.A.",1,0.00014285714285714287
attempt_last_bank_name,test,"KASIKORNBANK PUBLIC CO., LTD.",1,0.00014285714285714287
attempt_last_bank_name,test,BANK SINOPAC,1,0.00014285714285714287
attempt_last_bank_name,test,CO-OPERATIVE BANK PLC,1,0.00014285714285714287
attempt_last_bank_name,test,GREENVILLE HERITAGE F.C.U.,1,0.00014285714285714287
attempt_last_bank_name,test,SCHOOLSFIRST F.C.U.,1,0.00014285714285714287
attempt_last_bank_name,test,"BANCO POPULAR DOMINICANO - BANCO MULTIPLE, S.A.",1,0.00014285714285714287
attempt_last_bank_name,test,ICBC,1,0.00014285714285714287
attempt_last_bank_name,test,CREDOMATIC (BANCO SAN JOSE),1,0.00014285714285714287
attempt_last_bank_name,test,POSTGIROT BANK AB,1,0.00014285714285714287
attempt_last_bank_name,test,"UNITED OVERSEAS BANK(THAI)PUBLIC CO., LTD.",1,0.00014285714285714287
attempt_last_bank_name,test,MICHIGAN SCHOOLS AND GOVERNMENT C.U.,1,0.00014285714285714287
attempt_last_bank_name,test,BANCO SANTANDER CHILE,1,0.00014285714285714287
attempt_last_bank_name,test,"FIRSTRAND BANK, LTD.",1,0.00014285714285714287
attempt_last_bank_name,test,"COMMERCIAL BANK TRANSPORTNY INVESTITIONAL BANK, LTD.",1,0.00014285714285714287
attempt_last_bank_name,test,Elan FINANCIAL SERVICES,1,0.00014285714285714287
attempt_last_bank_name,test,MEMBERS COMMUNITY CREDIT UNION,1,0.00014285714285714287
attempt_last_bank_name,test,"BANCO SANTANDER COLOMBIA, S.A.",1,0.00014285714285714287
attempt_last_bank_name,test,MANUFACTURERS AND TRADERS TRUST COMPANY,1,0.00014285714285714287
attempt_last_bank_name,test,BANK OF ALEXANDRIA,1,0.00014285714285714287
attempt_last_bank_name,test,BANQUE LIBANO-FRANCAISE S.A.L.,1,0.00014285714285714287
attempt_last_bank_name,test,ZAGREBACKA BANKA D.D.,1,0.00014285714285714287
attempt_last_bank_name,test,STANDARD FEDERAL BANK,1,0.00014285714285714287
attempt_last_bank_name,test,ASIA COMMERCIAL BANK,1,0.00014285714285714287
attempt_last_bank_name,test,NATIONAL COMMERCIAL BANK,1,0.00014285714285714287
attempt_last_bank_name,test,PROJECT FINANCING BANK JSB,1,0.00014285714285714287
attempt_last_bank_name,test,"CITIGROUP PTY, LTD.",1,0.00014285714285714287
attempt_last_bank_name,test,CO-OP Financial Services,1,0.00014285714285714287
attempt_last_bank_name,test,MAX C.U.,1,0.00014285714285714287
attempt_last_bank_name,test,Liberty Bank JSC,1,0.00014285714285714287
attempt_last_bank_name,test,MISSION F.C.U.,1,0.00014285714285714287
attempt_last_bank_name,test,UNITUS COMMUNITY C.U.,1,0.00014285714285714287
attempt_last_bank_name,test,TSYS ACQUIRING SOLUTIONS,1,0.00014285714285714287
attempt_last_bank_name,test,COLORADO SPRINGS C.U.,1,0.00014285714285714287
attempt_last_bank_name,test,"NORDSTROM, F.S.B.",1,0.00014285714285714287
attempt_last_bank_name,test,MIDFIRST BANK,1,0.00014285714285714287
attempt_last_bank_name,test,"BANCO MERCANTIL DElanORTE, S.A. (DBA - BANORTE)",1,0.00014285714285714287
attempt_last_bank_name,test,MERCHANTS NATIONAL BANK OF AURORA,1,0.00014285714285714287
attempt_last_bank_name,test,BANCO POPOLARE CROATIA D.D,1,0.00014285714285714287
attempt_last_bank_name,test,"ABN AMRO BANK, N.V.",1,0.00014285714285714287
attempt_last_bank_name,test,CHINA CONSTRUCTION BANK CORPORATION,1,0.00014285714285714287
attempt_last_bank_name,test,BANCO DE LA PROVINCIA DE BUENOS AIRES,1,0.00014285714285714287
attempt_last_bank_name,test,EMIRATES NBD BANK,1,0.00014285714285714287
attempt_last_bank_name,test,HSBC BANK - EGYPT SAE,1,0.00014285714285714287
attempt_last_bank_name,test,BAYPORT C.U.,1,0.00014285714285714287
attempt_last_bank_name,test,ARAB BANKING CORPORATION (JORDAN),1,0.00014285714285714287
attempt_last_bank_name,test,NATIONAL BANK OF GREECE - TIRANA BRANCH,1,0.00014285714285714287
attempt_last_bank_name,test,PT. BANK CENTRAL ASIA,1,0.00014285714285714287
attempt_last_bank_name,test,CREDIT AGRICOLE S.A.,1,0.00014285714285714287
attempt_last_bank_name,test,YUBMES BANK AD BELGRADE,1,0.00014285714285714287
attempt_last_bank_name,test,BOEING EMPLOYEES C.U.,1,0.00014285714285714287
attempt_last_bank_name,test,BANKA KOMBETARE TREGTARE SH.A.,1,0.00014285714285714287
attempt_last_bank_name,test,DIE SPARKASSE IN BREMEN,1,0.00014285714285714287
attempt_last_bank_name,test,COMMONWEALTH,1,0.00014285714285714287
attempt_last_bank_name,test,BANCO DE CHILE,1,0.00014285714285714287
attempt_last_bank_name,test,"BANKCARD SERVICE JAPAN CO., LTD.",1,0.00014285714285714287
attempt_last_bank_name,test,AUSTRALIA AND NEW ZEAlanD BANKING GROUP LTD. FREQUENT FLYER,1,0.00014285714285714287
attempt_last_bank_name,test,JSC TRASTA KOMERCBANKA,1,0.00014285714285714287
attempt_last_bank_name,test,SOCIETE G,1,0.00014285714285714287
attempt_last_bank_name,test,lanDESBANK BADEN-WUERTTEMBERG,1,0.00014285714285714287
attempt_last_bank_name,test,BANCA POPOLARE DI MIlanO S.C.A.R.L.,1,0.00014285714285714287
attempt_last_bank_name,test,BANCO DE DESARROLLO RURAL S.A. BANRURAL,1,0.00014285714285714287
attempt_last_bank_name,test,ALTERNATIVES F.C.U.,1,0.00014285714285714287
attempt_last_bank_name,test,MERIDIAN TRUST F.C.U.,1,0.00014285714285714287
attempt_last_bank_name,test,KHAN BANK,1,0.00014285714285714287
attempt_last_bank_name,test,ARAB FINANCIAL SERVICES COMPANY,1,0.00014285714285714287
attempt_last_bank_name,test,NOBA BANK GROUP AB (PUBL),1,0.00014285714285714287
attempt_last_bank_name,test,WUESTENROT BANK AG PFANDBRIEBANK,1,0.00014285714285714287
attempt_last_bank_name,test,OJSC PARITETBANK,1,0.00014285714285714287
attempt_last_bank_name,test,"FIDELITY FEDERAL BANK, F.S.B.",1,0.00014285714285714287
attempt_last_bank_name,test,"KIWIBANK, LTD.",1,0.00014285714285714287
attempt_last_bank_name,test,"FIRST UNION DIRECT BANK, N.A.",1,0.00014285714285714287
attempt_last_bank_name,test,SAMPO PANKKI OYJ / SAMPO BANK PLC,1,0.00014285714285714287
attempt_last_bank_name,test,"ICBA BANCARD, INC.",1,0.00014285714285714287
attempt_last_bank_name,test,MICHIGAN STATE UNIVERSITY F.C.U.,1,0.00014285714285714287
attempt_last_bank_name,test,POMELO TECNOLOGIA PERU S.A.C.,1,0.00014285714285714287
attempt_last_bank_name,test,NORDDEUTSCHE lanDESBANK GIROZENTRALE NORD LB,1,0.00014285714285714287
attempt_last_bank_name,test,FIRST NATIONAL BANK AND TRUST COMPANY,1,0.00014285714285714287
attempt_last_bank_name,test,"AMICUS, F.S.B.",1,0.00014285714285714287
attempt_last_bank_name,test,"HYPO BANK POLSKA, S.A.",1,0.00014285714285714287
attempt_last_bank_name,test,"BANCO SANTANDER RIO, S.A.",1,0.00014285714285714287
attempt_last_bank_name,test,VISA NORGE A/S,1,0.00014285714285714287
attempt_last_bank_name,test,"BANCO EXTERIOR, C.A.",1,0.00014285714285714287
attempt_last_bank_name,test,TIB - THE INDEPENDENT BANKERSBANK,1,0.00014285714285714287
attempt_last_bank_name,test,"HVB BANK CZECHIA, A.S.",1,0.00014285714285714287
attempt_last_bank_name,test,SEMP,1,0.00014285714285714287
attempt_last_bank_name,test,SAVINGS BANK OF THE RUSSIA (SBERBANK),1,0.00014285714285714287
attempt_last_bank_name,test,NLB MONTENEGROBANK A.D. PODGORICA,1,0.00014285714285714287
attempt_last_bank_name,test,BANKERS' BANK OF THE WEST,1,0.00014285714285714287
attempt_last_bank_name,test,PT. PRIMASWADANA PERKASA FINANCE,1,0.00014285714285714287
attempt_last_bank_name,test,"UNICREDIT TIRIAC BANK, S.A.",1,0.00014285714285714287
attempt_last_bank_name,test,NATIONAL BANK OF DUBAI PUBLIC JSC,1,0.00014285714285714287
attempt_last_bank_name,test,BANK OF ILlanOIS,1,0.00014285714285714287
attempt_last_bank_name,test,COMMUNITY BANCSERVICE CORPORATION,1,0.00014285714285714287
attempt_last_bank_name,test,NORDEA BANK NORGE ASA,1,0.00014285714285714287
attempt_last_bank_name,test,POHJOLA BANK PLC,1,0.00014285714285714287
attempt_last_bank_name,test,UNIVERSAL INVESTMENT BANK AD SKOPJE,1,0.00014285714285714287
attempt_last_bank_name,test,JSC ATF BANK,1,0.00014285714285714287
attempt_last_bank_name,test,"ABSA GROUP, LTD.",1,0.00014285714285714287
attempt_last_bank_name,test,SVYAZNOY BANK (JSC),1,0.00014285714285714287
attempt_last_bank_name,test,SAIGON THUONG TIN COMMERCIAL JSB,1,0.00014285714285714287
attempt_last_bank_name,test,AMERICANWEST BANK,1,0.00014285714285714287
attempt_last_bank_name,test,FIRST-CITIZENS BANK AND TRUST COMPANY,1,0.00014285714285714287
attempt_last_bank_name,test,"STANDARD CHARTERED BANK KENYA, LTD.",1,0.00014285714285714287
attempt_last_bank_name,test,"FBME CARD SERVICES, LTD.",1,0.00014285714285714287
attempt_last_bank_name,test,GOSPODARCZY BANK WIELKOPOLSKI SA W POZNANIU,1,0.00014285714285714287
attempt_last_bank_name,test,"CITI CARDS JAPAN, INC.",1,0.00014285714285714287
attempt_last_bank_name,test,NETWORK INTERNATIONAL LLC,1,0.00014285714285714287
attempt_last_bank_name,test,MONZO BANK LIMITED,1,0.00014285714285714287
attempt_last_bank_name,test,BANCO DE GUAYAQUIL,1,0.00014285714285714287
attempt_last_bank_name,test,FIRST BANK OF NIGERIA PLC,1,0.00014285714285714287
attempt_last_bank_name,test,RIZAL COMMERCIAL BANKING CORPORATION,1,0.00014285714285714287
attempt_last_bank_name,test,U OF P F.C.U.,1,0.00014285714285714287
attempt_last_bank_name,test,CONNEXUS C.U.,1,0.00014285714285714287
attempt_last_bank_name,test,NATIONAL DEVELOPMENT BANK PLC,1,0.00014285714285714287
attempt_last_bank_name,test,JSCB ROSBANK,1,0.00014285714285714287
attempt_last_bank_name,test,"BANCO TRANSANDINO, S.A.",1,0.00014285714285714287
attempt_last_bank_name,test,"PNC BANK, GLOBAL INVESTMENT SERVICING",1,0.00014285714285714287
attempt_last_bank_name,test,MIGROS BANK AG,1,0.00014285714285714287
attempt_last_bank_name,test,BANK OF BARODA,1,0.00014285714285714287
attempt_last_bank_name,test,FALCON INTERNATIONAL BANK,1,0.00014285714285714287
attempt_last_bank_name,test,KEYPOINT C.U.,1,0.00014285714285714287
attempt_last_bank_name,test,"SBI CARDS AND PAYMENT SERVICES PTE, LTD.",1,0.00014285714285714287
attempt_last_bank_name,test,"APS FINANCIAL, LTD.",1,0.00014285714285714287
attempt_last_bank_name,test,BANK OF THE PHILIPPINE ISLANDS,1,0.00014285714285714287
attempt_last_bank_name,test,TREEZOR SAS,1,0.00014285714285714287
attempt_last_bank_name,test,"BENDIGO AND ADELAIDE BANK, LTD.",1,0.00014285714285714287
attempt_last_bank_name,test,"EQUITY BANK, LTD.",1,0.00014285714285714287
attempt_last_bank_name,test,BANK OF BOULDER,1,0.00014285714285714287
attempt_last_bank_name,test,ALPINE BANK AND TRUST CO.,1,0.00014285714285714287
attempt_last_bank_name,test,FIRST BANK OF DELAWARE,1,0.00014285714285714287
attempt_last_bank_name,test,STOPANSKA BANKA A.D. SKOPJE,1,0.00014285714285714287
attempt_last_bank_name,test,"NATIONAL BANK, LTD.",1,0.00014285714285714287
attempt_last_bank_name,test,BANCO DE FINANZAS E INVERSIONES S.A. (FIBANC),1,0.00014285714285714287
attempt_last_bank_name,test,"BCC CORPORATE, N.V.",1,0.00014285714285714287
attempt_last_bank_name,test,"BANGKOK BANK PUBLIC CO., LTD.",1,0.00014285714285714287
attempt_last_bank_name,test,PAGSEGURO INTERNET S.A,1,0.00014285714285714287
attempt_last_bank_name,test,"JSC ""UNIVERSAL BANK""",1,0.00014285714285714287
attempt_last_bank_name,test,KNOXVILLE TVA EMPLOYEES C.U.,1,0.00014285714285714287
attempt_last_bank_name,test,WARKA BANK FOR INVESTMENT AND FINANCE,1,0.00014285714285714287
attempt_last_bank_name,test,BANCO COOPERATIVO DO BRASIL S/A,1,0.00014285714285714287
attempt_last_bank_name,test,WESTERNBANK PUERTO RICO,1,0.00014285714285714287
attempt_last_bank_name,test,"AVAL CARD (COSTA RICA), S.A.",1,0.00014285714285714287
attempt_last_bank_name,test,DEUTSCHE BANK SOCIEDAD ANONIMA ESPANOLA,1,0.00014285714285714287
attempt_last_bank_name,test,RAIFFEISEN BANK KOSOVO JSC,1,0.00014285714285714287
attempt_last_bank_name,test,"HONGKONG AND SHANGHAI BANKING CORPORATION, LTD.",1,0.00014285714285714287
attempt_last_bank_name,test,"WING lanG BANK, LTD.",1,0.00014285714285714287
attempt_last_bank_name,test,SISTEMA 4B,1,0.00014285714285714287
attempt_last_bank_name,test,BANCO CSF S/A,1,0.00014285714285714287
attempt_last_bank_name,test,"TOWN NORTH BANK, N.A.",1,0.00014285714285714287
attempt_last_bank_name,test,G T AND R EMPLOYEES NORTH CAROlanA FEDERALC.U.,1,0.00014285714285714287
attempt_last_bank_name,test,UNIVERSAL FINANCING SERVICES,1,0.00014285714285714287
attempt_last_bank_name,test,KUWAIT INTERNATIONAL BANK,1,0.00014285714285714287
attempt_last_bank_name,test,METCALF BANK,1,0.00014285714285714287
attempt_last_bank_name,test,BANCO BILBAO VIZCAYA ARGENTARIA PUERTO RICO,1,0.00014285714285714287
attempt_last_bank_name,test,Bank of Georgia,1,0.00014285714285714287
attempt_last_bank_name,test,"BANCO INTERNACIONAL, S.A.",1,0.00014285714285714287
attempt_last_bank_name,test,"BBVA BANCOMER, S.A.",1,0.00014285714285714287
attempt_last_bank_name,test,"CAJA DE AHORROS DE GALICIA, VIGO, ORENSE Y PONTEVEDRA",1,0.00014285714285714287
attempt_last_bank_name,test,BLOM BANK S.A.L.,1,0.00014285714285714287
attempt_last_bank_name,test,BANCO POPULAR NORTH AMERICA,1,0.00014285714285714287
attempt_last_bank_name,test,AB DNB NORD BANKAS,1,0.00014285714285714287
attempt_last_bank_name,test,BANQUE POSTALE,1,0.00014285714285714287
attempt_last_bank_name,test,"BANCO ITAU URUGUAY, S.A.",1,0.00014285714285714287
attempt_last_bank_name,test,BANCO DE CREDITO Y DESARROLLO SOCIAL MEGABANCO S.A. - (MEGABANCO S.A.),1,0.00014285714285714287
attempt_last_bank_name,test,ESL F.C.U.,1,0.00014285714285714287
attempt_last_bank_name,test,"HYUNDAI CARD COMPANY, LTD.",1,0.00014285714285714287
attempt_last_bank_name,test,UNICREDIT BANK SERBIA JSC BELGRAD,1,0.00014285714285714287
attempt_last_bank_name,test,COMMERCIAL IMPORT-EXPORT BANK IMPEXBANK,1,0.00014285714285714287
attempt_last_bank_name,test,BANCO MERCANTIL FINASA S.A. - SAO PAULO,1,0.00014285714285714287
attempt_last_bank_name,test,A+ F.C.U.,1,0.00014285714285714287
attempt_last_bank_name,test,"COMMERCIAL BANK OF DUBAI, LTD.",1,0.00014285714285714287
attempt_last_bank_name,test,"BANCO COOPERATIVO ESPANOL, S.A.",1,0.00014285714285714287
attempt_last_bank_name,test,LEUMI CARD,1,0.00014285714285714287
attempt_last_bank_name,test,"BANCO BHD, S.A., BANCO MZLTIPLE",1,0.00014285714285714287
attempt_last_bank_name,test,"CITIBANK, N.A.- COSTCO",1,0.00014285714285714287
attempt_last_bank_name,test,PANONSKA BANKA A.D. YUGOSLAVIA,1,0.00014285714285714287
attempt_last_bank_name,test,"TMB BANK PUBLIC CO., LTD.",1,0.00014285714285714287
attempt_last_bank_name,test,"BANCO DEL PAIS, S.A.",1,0.00014285714285714287
attempt_last_bank_name,test,"CARIBBEAN MERCANTILE BANK, N.V.",1,0.00014285714285714287
attempt_last_bank_name,test,"FIRSTCARIBBEAN INTERNATIONAL BANK (BAHAMAS), LTD.",1,0.00014285714285714287
attempt_last_bank_name,test,DANSKE BANK A/S,1,0.00014285714285714287
attempt_last_bank_name,test,"FIFTH THIRD PROCESSING SOLUTIONS, INC.",1,0.00014285714285714287
attempt_last_bank_name,test,MILITARY COMMERCIAL JSB,1,0.00014285714285714287
attempt_last_bank_name,test,CAMBRIDGE SAVINGS BANK,1,0.00014285714285714287
attempt_last_bank_name,test,ORIENTAL BANK AND TRUST,1,0.00014285714285714287
attempt_last_bank_name,test,HSBC BANK BRASIL S.A. - BANCO MULTIPLO,1,0.00014285714285714287
attempt_last_bank_name,test,"LEUMICARD, LTD.",1,0.00014285714285714287
attempt_last_bank_name,test,"CREDOMATIC DE CENTROAMERICA, S.A.",1,0.00014285714285714287
attempt_last_bank_name,test,PJSC ZLATOBANK,1,0.00014285714285714287
attempt_last_bank_name,test,"BANCO POPULAR DOMINICANO, C. POR A., BANCO MULTIPLE",1,0.00014285714285714287
attempt_last_bank_name,test,"YUANTA COMMERCIAL BANK CO., LTD.",1,0.00014285714285714287
attempt_last_bank_name,test,MONTEREY COUNTY BANK,1,0.00014285714285714287
attempt_last_bank_name,test,CHARLES SCHWAB BANK,1,0.00014285714285714287
attempt_last_bank_name,test,SVENSKA HANDELSBANKEN AB,1,0.00014285714285714287
attempt_last_bank_name,test,PRUDENTIAL BANK AND TRUST COMPANY,1,0.00014285714285714287
attempt_last_bank_name,test,AS SEB PANK,1,0.00014285714285714287
attempt_last_bank_name,test,SANTANDER CONSUMER BANK AG,1,0.00014285714285714287
attempt_last_bank_name,test,ONEUNITED BANK,1,0.00014285714285714287
attempt_last_bank_name,test,"BANCO DEL BAJIO, S.A.",1,0.00014285714285714287
attempt_last_bank_name,test,"BANCO DE OCCIDENTE, S.A.",1,0.00014285714285714287
attempt_last_bank_name,test,"EMPORIKI BANK OF GREECE, S.A.",1,0.00014285714285714287
attempt_last_bank_name,test,"BANKATlanTIC, F.S.B.",1,0.00014285714285714287
attempt_last_bank_name,test,"CITIBANK, N.A., PHILIPPINES",1,0.00014285714285714287
attempt_last_bank_name,test,JSC INDUSTRIAL AND INVESTMENT BANK (CSC),1,0.00014285714285714287
attempt_last_bank_name,test,UNION COMMERCIAL BANK PLC,1,0.00014285714285714287
attempt_last_bank_name,test,"RBTT BANK ARUBA, N.V.",1,0.00014285714285714287
attempt_last_bank_name,test,SEB BANKAS AB,1,0.00014285714285714287
attempt_last_bank_name,test,SPECTRUM F.C.U.,1,0.00014285714285714287
attempt_last_bank_name,test,VIETNAM INTERNATIONAL COMMERCIAL JSB,1,0.00014285714285714287
attempt_last_bank_name,test,E1 FINANCIAL C.U.,1,0.00014285714285714287
attempt_last_bank_name,test,"EPOS CARD CO., LTD.",1,0.00014285714285714287
attempt_last_bank_name,test,GEORGIA F.C.U.,1,0.00014285714285714287
attempt_last_bank_name,test,AS DNB NORD BANKA,1,0.00014285714285714287
attempt_last_bank_name,test,"IDT FINANCIAL SERVICES, LTD.",1,0.00014285714285714287
attempt_last_bank_name,test,"BANCO SANTANDER (BRASIL), S.A.",1,0.00014285714285714287
attempt_last_bank_name,test,"BANCO DE MACHALA, S.A.",1,0.00014285714285714287
attempt_last_bank_name,test,NORGREN EMPLOYEES F.C.U.,1,0.00014285714285714287
attempt_last_bank_name,test,"STANDARD CHARTERED BANK (HONG KONG), LTD.",1,0.00014285714285714287
attempt_last_bank_name,test,NORDEA BANK DANMARK A/S,1,0.00014285714285714287
attempt_last_bank_name,test,BANK OF THE WEST,1,0.00014285714285714287
attempt_last_bank_name,test,BANK OF MALDIVES PLC,1,0.00014285714285714287
attempt_last_bank_name,test,STAR ONE C.U.,1,0.00014285714285714287
attempt_last_bank_name,test,COMDIRECT BANK AG,1,0.00014285714285714287
attempt_last_bank_name,test,BANCO BPI,1,0.00014285714285714287
attempt_last_bank_name,test,BANCO FALABELLA,1,0.00014285714285714287
attempt_last_bank_name,test,"MULTI CREDIT BANK, INC.",1,0.00014285714285714287
attempt_last_bank_name,test,PARK NATIONAL BANK,1,0.00014285714285714287
attempt_last_bank_name,test,"BANCO DE CREDITO BALEAR, S.A.",1,0.00014285714285714287
attempt_last_bank_name,test,FIRST NATIONAL BANK IN SIOUX FALLS,1,0.00014285714285714287
attempt_last_bank_name,test,INTERCONTINENTAL BANK PLC,1,0.00014285714285714287
attempt_last_bank_name,test,SIMMONS FIRST NATIONAL BANK,1,0.00014285714285714287
attempt_last_bank_name,test,"HELlanIC BANK PUBLIC CO., LTD.",1,0.00014285714285714287
attempt_last_bank_name,test,MASHREQBANK,1,0.00014285714285714287
attempt_last_bank_name,test,"RBC BANK, (GEORGIA) NATIONAL ASSOCIATION",1,0.00014285714285714287
attempt_last_bank_name,test,"ECOBANK GHANA, LTD.",1,0.00014285714285714287
attempt_last_bank_name,test,"FIFTH THIRD BANK, THE",1,0.00014285714285714287
attempt_last_bank_name,test,BANKIA,1,0.00014285714285714287
attempt_last_bank_name,test,ORCHARD BANK (HSBC GROUP),1,0.00014285714285714287
attempt_last_bank_name,test,BANCA DE ECONOMII,1,0.00014285714285714287
attempt_last_bank_name,test,ARDSHININVESTBANK CJSC,1,0.00014285714285714287
attempt_last_bank_name,test,"IXE BANCO, S.A.",1,0.00014285714285714287
attempt_last_bank_name,test,BANCA SELLA HOLDING S.P.A.,1,0.00014285714285714287
attempt_last_bank_name,test,TAISHIN INTERNATIONAL BANK,1,0.00014285714285714287
attempt_last_bank_name,test,BANINTER AND TRUST COMPANY,1,0.00014285714285714287
attempt_last_bank_name,test,BAIDURI BANK BHD,1,0.00014285714285714287
attempt_last_bank_name,test,BANQUE MISR,1,0.00014285714285714287
attempt_last_bank_name,test,"NOVA LJUBLJANSKA BANKA D.D., LJUBLJANA",1,0.00014285714285714287
attempt_last_bank_name,test,INTERDIN S.A. EMISORA Y ADMINISTRADORA DE TARJETAS DE CREDIT,1,0.00014285714285714287
attempt_last_bank_name,test,SPAREBANKEN VEST,1,0.00014285714285714287
attempt_last_bank_name,test,"SHANGHAI COMMERCIAL AND SAVINGS BANK, LTD.",1,0.00014285714285714287
attempt_last_bank_name,test,FIRST INDEPENDENCE BANK,1,0.00014285714285714287
attempt_last_bank_name,test,BANCA DI SASSARI S.P.A.,1,0.00014285714285714287
attempt_last_bank_name,test,"BBVA BANCO GANADERO, S.A.",1,0.00014285714285714287
attempt_last_bank_name,test,GCS,1,0.00014285714285714287
attempt_last_bank_name,test,SAMBA FINANCIAL GROUP,1,0.00014285714285714287
attempt_last_bank_name,test,KOMERCIJALNA BANKA A.D. SKOPJE,1,0.00014285714285714287
attempt_last_bank_name,test,BBVA BANCO CONTINENTAL,1,0.00014285714285714287
attempt_last_bank_name,test,MOST-BANK,1,0.00014285714285714287
attempt_last_bank_name,test,SYNOVUS BANK,1,0.00014285714285714287
attempt_last_bank_name,test,AMERICAN EXPRESS US CARS,1,0.00014285714285714287
attempt_last_bank_name,test,FIRST ARKANSAS BANK AND TRUST,1,0.00014285714285714287
attempt_last_bank_name,test,LLOYDS BANK PLC,1,0.00014285714285714287
attempt_last_bank_name,test,THE COMMERCIAL BANK OF KUWAIT S.A.K.,1,0.00014285714285714287
attempt_last_bank_name,test,"EASTERN BANK, LTD.",1,0.00014285714285714287
attempt_last_bank_name,test,PICPAY BANK BANCO MULTIPLO S A,1,0.00014285714285714287
attempt_last_bank_name,test,"PROVIDENT BANK AND TRUST OF BELIZE, LTD.",1,0.00014285714285714287
attempt_last_bank_name,test,SIDNEY F.C.U.,1,0.00014285714285714287
attempt_last_bank_name,test,"EUROPAY (SWITZERlanD), S.A.",1,0.00014285714285714287
attempt_last_bank_name,test,INTER NATIONAL BANK,1,0.00014285714285714287
attempt_last_bank_name,test,"SAINT KITTS AND NEVIS-ANGUILLA NATIONAL BANK, LTD.",1,0.00014285714285714287
attempt_last_bank_name,test,RESPUBLIKANSKY BANK,1,0.00014285714285714287
attempt_last_bank_name,test,"BANCO LAFISE BANCENTRO, S.A.",1,0.00014285714285714287
attempt_last_bank_name,test,RBC CENTURA BANK,1,0.00014285714285714287
attempt_last_bank_name,test,WINGS FINANCIAL F.C.U.,1,0.00014285714285714287
attempt_last_bank_name,test,FIRST BANK AND TRUST,1,0.00014285714285714287
attempt_last_bank_name,test,CASSA CENTRALE BANCA - CREDITO COOPERATIVO DElanORD E,1,0.00014285714285714287
attempt_last_bank_name,test,ZENITH BANK,1,0.00014285714285714287
attempt_last_bank_name,test,SERFIN INTERNATIONAL BANK AND TRUST,1,0.00014285714285714287
attempt_last_bank_name,test,BANESTES S.A. - BANCO DO ESTADO DO ESPIRITO SANTO,1,0.00014285714285714287
attempt_last_bank_name,test,"BANK HANDLOWY W WARSZAWIE, S.A.",1,0.00014285714285714287
attempt_last_bank_name,test,CB INDUSTRIAL LLC,1,0.00014285714285714287
attempt_last_bank_name,test,"BANCO COMERCIAL DE MACAU, S.A.",1,0.00014285714285714287
attempt_last_bank_name,test,BANK VOZROZHDENIE OJSC,1,0.00014285714285714287
attempt_last_bank_name,test,EQUITABLE PCI BANK,1,0.00014285714285714287
attempt_last_bank_name,test,FIRST CITIZENS BANK AND TRUST CO,1,0.00014285714285714287
attempt_last_bank_name,test,CREDIMAX B.S.C. (CLOSED),1,0.00014285714285714287
attempt_last_bank_name,test,BANCA PUEYO,1,0.00014285714285714287
attempt_last_bank_name,test,KOOKMIN BANK,1,0.00014285714285714287
attempt_last_bank_name,test,ACCESS BANK PLC,1,0.00014285714285714287
attempt_last_bank_name,test,CREDIT LYONNAIS CONGO,1,0.00014285714285714287
attempt_last_bank_name,test,PAN AMERICAN BANK,1,0.00014285714285714287
attempt_last_bank_name,test,STERlanG SAVINGS BANK,1,0.00014285714285714287
attempt_last_bank_name,test,"STATE FINANCIAL BANK, N.A.",1,0.00014285714285714287
attempt_last_bank_name,test,"CIBC BANK AND TRUST COMPANY CAYMAN, LTD.",1,0.00014285714285714287
attempt_last_bank_name,test,"MADURO AND CURIEL'S BANK, N.V.",1,0.00014285714285714287
attempt_last_bank_name,test,"TRIPLINK INTERNATIONAL CO.,LIMITED",1,0.00014285714285714287
attempt_last_bank_name,test,BILBAO BIZKAIA KUTXA,1,0.00014285714285714287
attempt_last_bank_name,test,"INTERNATIONAL CARD CO., LTD.",1,0.00014285714285714287
attempt_last_bank_name,test,CAROlanAS TELCO F.C.U.,1,0.00014285714285714287
attempt_last_bank_name,test,"ANZ NATIONAL BANK, LTD.",1,0.00014285714285714287
attempt_last_bank_name,test,"BANCO DEL PICHINCHA, C.A.",1,0.00014285714285714287
attempt_last_bank_name,test,EUROPAY 6000,1,0.00014285714285714287
attempt_last_bank_name,test,POPULAR BANK (NY),1,0.00014285714285714287
attempt_last_bank_name,test,PIRAEUS BANK EGYPT,1,0.00014285714285714287
attempt_last_bank_name,test,"INTERTRUSTBANK CO., LTD.",1,0.00014285714285714287
attempt_last_bank_name,test,BANCO DE CREDITO E INVERSIONES,1,0.00014285714285714287
attempt_last_bank_name,test,FBR NATIONAL BANK AND TRUST,1,0.00014285714285714287
attempt_last_bank_name,test,"BANCO ELCA, S.A.",1,0.00014285714285714287
attempt_last_bank_name,test,SEDICIBANCA S.P.A.,1,0.00014285714285714287
attempt_last_bank_name,test,ERSTE AND STEIERMARKISCHE BANK D.D.,1,0.00014285714285714287
attempt_last_bank_name,test,HILTON HHONORS,1,0.00014285714285714287
attempt_last_bank_name,test,FIRST NATIONAL BANK OF PENNSYLVANIA,1,0.00014285714285714287
attempt_last_bank_name,test,SPARKASSE BANK MAKEDONIJA AD SKOPJE,1,0.00014285714285714287
attempt_last_bank_name,test,PT. BANK NEGARA INDONESIA (PERSERO) TBK.,1,0.00014285714285714287
attempt_last_bank_name,test,UNIVERSAL BANK,1,0.00014285714285714287
attempt_last_bank_name,test,TRINIDAD AND TOBAGO UNIT TRUST CORPORATION,1,0.00014285714285714287
attempt_last_bank_name,test,"STANDARD FEDERAL BANK, N.A.",1,0.00014285714285714287
attempt_last_bank_name,test,SPACE COAST C.U.,1,0.00014285714285714287
attempt_last_bank_name,test,"PSCU FINANCIAL SERVICES, INC.",1,0.00014285714285714287
attempt_last_bank_name,test,TOTALBANK CURACAO N.V.,1,0.00014285714285714287
attempt_last_bank_name,test,PULSE NETWORK LLC,1,0.00014285714285714287
attempt_last_bank_name,test,"BANCO BANSUD, S.A.",1,0.00014285714285714287
attempt_last_bank_name,test,SMW LOCAL 110 F.C.U.,1,0.00014285714285714287
attempt_last_bank_name,test,ALLIANT C.U.,1,0.00014285714285714287
attempt_last_bank_name,test,BALTIYSKIY BANK,1,0.00014285714285714287
attempt_last_bank_name,test,"HSBC RETAIL CREDIT (USA), INC.",1,0.00014285714285714287
attempt_last_bank_name,test,BANCO SECURITY,1,0.00014285714285714287
attempt_last_bank_name,test,"NYCE PAYMENTS NETWORK, LLC",1,0.00014285714285714287
attempt_last_bank_name,test,PJSC COMMERCIAL INDUSTRIAL BANK,1,0.00014285714285714287
attempt_last_bank_name,test,"BANCO HIPOTECARIO, S.A.",1,0.00014285714285714287
attempt_last_bank_name,test,EASYBANK AG,1,0.00014285714285714287
attempt_last_bank_name,test,SILVER STATE SCHOOLS C.U.,1,0.00014285714285714287
attempt_last_bank_name,test,MAYBANK,1,0.00014285714285714287
attempt_last_bank_name,test,ERSTE BANK HUNGARY ZRT.,1,0.00014285714285714287
attempt_last_bank_name,test,SELFRELIANCE UKRAINIAN AMERICAN F.C.U.,1,0.00014285714285714287
attempt_last_bank_name,test,PT BANK UOB INDONESIA,1,0.00014285714285714287
attempt_last_bank_name,test,CLYDESDALE BANK PLC,1,0.00014285714285714287
attempt_last_bank_name,test,"BANCO POPULAR ESPANOL, S.A.",1,0.00014285714285714287
attempt_last_bank_name,test,"NORTHERN TRUST BANK, FEDERAL SAVINGS BANK",1,0.00014285714285714287
attempt_last_bank_name,test,ERSTE BANK DER OESTERREICHISCHEN SPARKASSEN AG,1,0.00014285714285714287
attempt_last_bank_name,test,LA CAPITOL F.C.U.,1,0.00014285714285714287
attempt_last_bank_name,test,"WACHOVIA BANK, N.A.",1,0.00014285714285714287
attempt_last_bank_name,test,"BANCO ITAU PARAGUAY, S.A.",1,0.00014285714285714287
attempt_last_bank_name,test,"AMEGY BANK, N.A.",1,0.00014285714285714287
attempt_last_bank_name,test,P.T. BANK NIAGA,1,0.00014285714285714287
attempt_last_bank_name,test,"NIUM PTE, LTD.",1,0.00014285714285714287
attempt_last_bank_name,test,USAA SAVINGS BANK,1,0.00014285714285714287
attempt_last_bank_name,test,ELI LILLY F.C.U.,1,0.00014285714285714287
attempt_last_bank_name,test,BANCO ESPANOL DE CREDITO (BANESTO),1,0.00014285714285714287
attempt_last_bank_name,test,UNION NATIONAL BANK AND TRUST COMPANY,1,0.00014285714285714287
attempt_last_bank_name,test,"GIO BUILDING SOCIETY, LTD.",1,0.00014285714285714287
attempt_last_bank_name,test,"BANCO POPULAR PORTUGAL, S.A.",1,0.00014285714285714287
attempt_last_bank_name,test,S-PANKKI OY (S-BANK LIMITED),1,0.00014285714285714287
attempt_last_bank_name,test,DIAMOND C.U.,1,0.00014285714285714287
attempt_last_bank_name,test,HOME VALLEY BANK,1,0.00014285714285714287
attempt_last_bank_name,test,LLOYDS TSB,1,0.00014285714285714287
attempt_last_bank_name,test,"CHINA GUANGFA BANK CO., LTD.",1,0.00014285714285714287
attempt_last_bank_name,test,ICUL SERVICE CORPORATION,1,0.00014285714285714287
attempt_last_bank_name,test,XY DNB NOR,1,0.00014285714285714287
attempt_last_bank_name,test,FIRST COMMUNITY BANK,1,0.00014285714285714287
attempt_last_bank_name,test,PORTOSEG S.A. CREDITO FINANCIAMENTO E INVESTIMENTO,1,0.00014285714285714287
attempt_last_bank_name,test,UNITED REPUBLIC OF (COUNTRY CODE: TZA),1,0.00014285714285714287
attempt_last_bank_name,test,"BANCO MACRO, S.A.",1,0.00014285714285714287
attempt_last_bank_name,test,R RAPHAEL AND SONS PLC,1,0.00014285714285714287
attempt_last_bank_name,test,VSB INTERNATIONAL B.V.,1,0.00014285714285714287
attempt_last_bank_name,test,SUNCOAST SCHOOLS F.C.U.,1,0.00014285714285714287
attempt_last_bank_name,test,PT BANK MANDIRI (PERSERO) TBK,1,0.00014285714285714287
attempt_last_bank_name,test,TECHNOLOGY C.U.,1,0.00014285714285714287
attempt_last_bank_name,test,CREDIT SUISSE,1,0.00014285714285714287
attempt_last_bank_name,test,CITIZENS BANK OF CANADA,1,0.00014285714285714287
attempt_last_bank_name,test,BANK AL JAZIRA,1,0.00014285714285714287
attempt_last_bank_name,test,BANCO AZTECA S.A. INSTITUCION DE BANCA MULTIPLE,1,0.00014285714285714287
attempt_last_bank_name,test,ROYAL BANK OF SCOTlanD PLC,1,0.00014285714285714287
attempt_last_bank_name,test,"VOLKSBANK HUNGARY PRIVATE, LTD.",1,0.00014285714285714287
attempt_last_bank_name,tuning,unknown,2619,0.1746
attempt_last_bank_name,tuning,VTB BANK OJSC,510,0.034
attempt_last_bank_name,tuning,REVOLUT BANK UAB,452,0.030133333333333335
attempt_last_bank_name,tuning,"JCB INTERNATIONAL CREDIT CARD CO., LTD.",366,0.0244
attempt_last_bank_name,tuning,"CHASE BANK USA, N.A.",256,0.017066666666666667
attempt_last_bank_name,tuning,WESTPAC BANKING CORPORATION,243,0.0162
attempt_last_bank_name,tuning,"YES BANK, LTD.",205,0.013666666666666667
attempt_last_bank_name,tuning,"JPMORGAN CHASE BANK, N.A.",198,0.0132
attempt_last_bank_name,tuning,JSC UNIVERSAL BANK,191,0.012733333333333333
attempt_last_bank_name,tuning,AMERICAN EXPRESS COMPANY,169,0.011266666666666666
attempt_last_bank_name,tuning,KASPI BANK JSC,169,0.011266666666666666
attempt_last_bank_name,tuning,BANK OF AMERICA,124,0.008266666666666667
attempt_last_bank_name,tuning,"WELLS FARGO BANK, N.A.",107,0.0071333333333333335
attempt_last_bank_name,tuning,NU PAGAMENTOS SA,103,0.006866666666666667
attempt_last_bank_name,tuning,"TELLER, A.S.",99,0.0066
attempt_last_bank_name,tuning,"BANK OF AMERICA, N.A.",96,0.0064
attempt_last_bank_name,tuning,VTB BANK (KAZAKHSTAN) SUBSIDIARY JOINT STOCK COMPANY,96,0.0064
attempt_last_bank_name,tuning,SUNRATE PARTNERS UK LIMITED,92,0.0061333333333333335
attempt_last_bank_name,tuning,TURKIYE GARANTI BANKASI A. S.,89,0.005933333333333333
attempt_last_bank_name,tuning,BANCO POPULAR DE PUERTO RICO,86,0.005733333333333333
attempt_last_bank_name,tuning,YORKSHIRE BANK,85,0.005666666666666667
attempt_last_bank_name,tuning,STANDARD CHARTERED BANK,84,0.0056
attempt_last_bank_name,tuning,COMMERCIAL BANK MASTER-BANK,82,0.0054666666666666665
attempt_last_bank_name,tuning,BARCLAYS BANK PLC,81,0.0054
attempt_last_bank_name,tuning,WOORI BANK,80,0.005333333333333333
attempt_last_bank_name,tuning,"HDFC BANK, LTD.",79,0.005266666666666667
attempt_last_bank_name,tuning,AMERICAN EXPRESS US,76,0.005066666666666666
attempt_last_bank_name,tuning,AMERICAN EXPRESS,73,0.004866666666666667
attempt_last_bank_name,tuning,"CARD SERVICES FOR CREDIT UNIONS, INC.",73,0.004866666666666667
attempt_last_bank_name,tuning,"CAPITAL ONE BANK (USA), N.A.",68,0.004533333333333334
attempt_last_bank_name,tuning,MILITARY COMMERCIAL JSB,68,0.004533333333333334
attempt_last_bank_name,tuning,"BANCO CITICARD, S.A.",63,0.0042
attempt_last_bank_name,tuning,WIELKOPOLSKI BANK SPOLDZIELCZY,63,0.0042
attempt_last_bank_name,tuning,ZIRAAT BANKASI,59,0.003933333333333333
attempt_last_bank_name,tuning,TORONTO-DOMINION BANK,59,0.003933333333333333
attempt_last_bank_name,tuning,TARJETAS UNISOLUCIONES S.A. DE C.V.,58,0.0038666666666666667
attempt_last_bank_name,tuning,ZUNO BANK AG,58,0.0038666666666666667
attempt_last_bank_name,tuning,"SHINHAN CARD CO., LTD.",58,0.0038666666666666667
attempt_last_bank_name,tuning,"BANCOLOMBIA, S.A.",58,0.0038666666666666667
attempt_last_bank_name,tuning,CANADIAN IMPERIAL BANK OF COMMERCE,56,0.0037333333333333333
attempt_last_bank_name,tuning,"BC CARD CO., LTD.",53,0.003533333333333333
attempt_last_bank_name,tuning,COMMONWEALTH BANK OF AUSTRALIA,52,0.0034666666666666665
attempt_last_bank_name,tuning,SUTTON BANK,51,0.0034
attempt_last_bank_name,tuning,AMERICAN EXPRESS US CONSUMER,49,0.003266666666666667
attempt_last_bank_name,tuning,WIRECARD BANK AG,49,0.003266666666666667
attempt_last_bank_name,tuning,CB PRIVATBANK,49,0.003266666666666667
attempt_last_bank_name,tuning,ROYAL BANK OF CANADA,49,0.003266666666666667
attempt_last_bank_name,tuning,"BANCO ITAU, S.A.",49,0.003266666666666667
attempt_last_bank_name,tuning,"HONGKONG AND SHANGHAI BANKING CORP., LTD.",48,0.0032
attempt_last_bank_name,tuning,OJSC BANK URALSIB,47,0.0031333333333333335
attempt_last_bank_name,tuning,"TURKIYE IS BANKASI, A.S.",47,0.0031333333333333335
attempt_last_bank_name,tuning,"CHASE MANHATTAN BANK USA, N.A.",46,0.0030666666666666668
attempt_last_bank_name,tuning,U.S. BANK N.A. ND,45,0.003
attempt_last_bank_name,tuning,CITIBANK,43,0.0028666666666666667
attempt_last_bank_name,tuning,"ICICI BANK, LTD.",43,0.0028666666666666667
attempt_last_bank_name,tuning,"UNO-E BANK, S.A.",43,0.0028666666666666667
attempt_last_bank_name,tuning,"BANCO SANTANDER, S.A.",42,0.0028
attempt_last_bank_name,tuning,JSC BANK KYRGYZSTAN,42,0.0028
attempt_last_bank_name,tuning,LLOYDS TSB BANK PLC,40,0.0026666666666666666
attempt_last_bank_name,tuning,METABANK,40,0.0026666666666666666
attempt_last_bank_name,tuning,"U.S. BANK, N.A.",40,0.0026666666666666666
attempt_last_bank_name,tuning,POSTE ITALIANE,39,0.0026
attempt_last_bank_name,tuning,BANCO DE CREDITO DEL PERU,38,0.002533333333333333
attempt_last_bank_name,tuning,CAJA DE AHORROS Y PENSIONES DE BARCElanA(LA CAIXA),37,0.0024666666666666665
attempt_last_bank_name,tuning,"REVOLUT, LTD.",36,0.0024
attempt_last_bank_name,tuning,MASTERCARD FRANCE S.A.S.,36,0.0024
attempt_last_bank_name,tuning,"FIRST USA BANK, N.A.",36,0.0024
attempt_last_bank_name,tuning,"UNITED BANK, LTD.",35,0.0023333333333333335
attempt_last_bank_name,tuning,"FIDELITY INFORMATION SERVICES, INC.",35,0.0023333333333333335
attempt_last_bank_name,tuning,"ITAU UNIBANCO, S.A.",35,0.0023333333333333335
attempt_last_bank_name,tuning,"CITIBANK, N.A.",34,0.002266666666666667
attempt_last_bank_name,tuning,"SILVERTON BANK, N.A.",34,0.002266666666666667
attempt_last_bank_name,tuning,"BANCO ITAUCARD, S.A.",33,0.0022
attempt_last_bank_name,tuning,"PNC BANK, N.A.",33,0.0022
attempt_last_bank_name,tuning,"FIA CARD SERVICES, N.A.",32,0.0021333333333333334
attempt_last_bank_name,tuning,FIFTH THIRD BANK,31,0.0020666666666666667
attempt_last_bank_name,tuning,"YAPI VE KREDI BANKASI, A.S.",31,0.0020666666666666667
attempt_last_bank_name,tuning,BRE BANK SPOLKA AKCYJNA,30,0.002
attempt_last_bank_name,tuning,ROCKY MOUNTAIN BANKCARD SYSTEM INC.,30,0.002
attempt_last_bank_name,tuning,BANK OF MONTREAL,30,0.002
attempt_last_bank_name,tuning,"CAIXA D'ESTALVIS UNIO DE CAIXES DE MANLLEU, SABADELL Y TERRA",30,0.002
attempt_last_bank_name,tuning,"CHINA MINSHENG BANKING CORP., LTD.",29,0.0019333333333333333
attempt_last_bank_name,tuning,JSC BANK OF GEORGIA,29,0.0019333333333333333
attempt_last_bank_name,tuning,TRADE REPUBLIC BANK GMBH,29,0.0019333333333333333
attempt_last_bank_name,tuning,MBNA CANADA BANK,29,0.0019333333333333333
attempt_last_bank_name,tuning,DEUTSCHER SPARKASSEN UND GIROVERBAND,29,0.0019333333333333333
attempt_last_bank_name,tuning,"WISE PAYMENTS, LTD.",28,0.0018666666666666666
attempt_last_bank_name,tuning,USAA FEDERAL SAVINGS BANK,27,0.0018
attempt_last_bank_name,tuning,INTESA SANPAOLO S.P.A.,27,0.0018
attempt_last_bank_name,tuning,"CONAVI BANCO COMERCIAL Y DE AHORROS, S.A.",27,0.0018
attempt_last_bank_name,tuning,"BOC CREDIT CARD (INTERNATIONAL), LTD.",26,0.0017333333333333333
attempt_last_bank_name,tuning,SERVICES C.U.,26,0.0017333333333333333
attempt_last_bank_name,tuning,NORWEST BANK IOWA N.A.,26,0.0017333333333333333
attempt_last_bank_name,tuning,CORPORATE COMMERCIAL BANK A.D.,25,0.0016666666666666668
attempt_last_bank_name,tuning,HSBC BANK,25,0.0016666666666666668
attempt_last_bank_name,tuning,VIETNAM-ASIA COMMERCIAL JSB,25,0.0016666666666666668
attempt_last_bank_name,tuning,NATIONAL WESTMINSTER BANK PLC,25,0.0016666666666666668
attempt_last_bank_name,tuning,BANK OF HAWAII,25,0.0016666666666666668
attempt_last_bank_name,tuning,BRANCH BANKING AND TRUST COMPANY,25,0.0016666666666666668
attempt_last_bank_name,tuning,"MIDWEST PAYMENT SYSTEMS, INC.",24,0.0016
attempt_last_bank_name,tuning,DEUTSCHER SPARKASSEN- UND GIROVERBAND,24,0.0016
attempt_last_bank_name,tuning,COMMERCIAL INTERNATIONAL BANK (EGYPT) S.A.E.,24,0.0016
attempt_last_bank_name,tuning,EUROPAY FRANCE SAS,24,0.0016
attempt_last_bank_name,tuning,BNP PARIBAS,23,0.0015333333333333334
attempt_last_bank_name,tuning,UNITED OVERSEAS BANK PHILIPPINES,23,0.0015333333333333334
attempt_last_bank_name,tuning,EMIRATES NBD,23,0.0015333333333333334
attempt_last_bank_name,tuning,METROPOLITAN BANK AND TRUST COMPANY,23,0.0015333333333333334
attempt_last_bank_name,tuning,HSBC - BESTBUY,23,0.0015333333333333334
attempt_last_bank_name,tuning,"FIRST GULF BANK, N.A.",23,0.0015333333333333334
attempt_last_bank_name,tuning,JACK HENRY AND ASSOCIATES,23,0.0015333333333333334
attempt_last_bank_name,tuning,PRIORBANK JSCB,23,0.0015333333333333334
attempt_last_bank_name,tuning,"HSBC BANK NEVADA, N.A.",22,0.0014666666666666667
attempt_last_bank_name,tuning,DISCOVER,22,0.0014666666666666667
attempt_last_bank_name,tuning,NATIONAL BANK FOR FOREIGN ECONOMIC ACTIVITY OF THE REPUBLIC OF UZBEKISTAN,22,0.0014666666666666667
attempt_last_bank_name,tuning,BANK OF NOVA SCOTIA,21,0.0014
attempt_last_bank_name,tuning,"DBS BANK, LTD.",21,0.0014
attempt_last_bank_name,tuning,JSCB KAPITALBANK,21,0.0014
attempt_last_bank_name,tuning,ZHELDORBANK JSB,21,0.0014
attempt_last_bank_name,tuning,DZ BANK AG,21,0.0014
attempt_last_bank_name,tuning,"SAMSUNG CARD CO., LTD.",20,0.0013333333333333333
attempt_last_bank_name,tuning,"ISRAEL CREDIT CARDS, LTD.",20,0.0013333333333333333
attempt_last_bank_name,tuning,WELLS FARGO,20,0.0013333333333333333
attempt_last_bank_name,tuning,"MBNA AMERICA BANK, N.A.",20,0.0013333333333333333
attempt_last_bank_name,tuning,CREDIT LIBANAIS S.A.L.,20,0.0013333333333333333
attempt_last_bank_name,tuning,AKBANK T.A.S.,20,0.0013333333333333333
attempt_last_bank_name,tuning,"SUMITOMO MITSUI CARD CO., LTD.",20,0.0013333333333333333
attempt_last_bank_name,tuning,"BANCO NACIONAL DE CREDITO, C.A.",20,0.0013333333333333333
attempt_last_bank_name,tuning,"HYUNDAICARD CO., LTD.",20,0.0013333333333333333
attempt_last_bank_name,tuning,SOCIETE GENERALE,19,0.0012666666666666666
attempt_last_bank_name,tuning,COMMERCIAL BANK PRIVATBANK,19,0.0012666666666666666
attempt_last_bank_name,tuning,CHASE,19,0.0012666666666666666
attempt_last_bank_name,tuning,OAK TRUST C.U.,19,0.0012666666666666666
attempt_last_bank_name,tuning,"ING BANK, N.V.",19,0.0012666666666666666
attempt_last_bank_name,tuning,CAIXABANK S.A.,19,0.0012666666666666666
attempt_last_bank_name,tuning,EMPOWER F.C.U.,19,0.0012666666666666666
attempt_last_bank_name,tuning,"CITIBANK SINGAPORE, LTD.",19,0.0012666666666666666
attempt_last_bank_name,tuning,"UNITED BULGARIAN BANK, LTD.",18,0.0012
attempt_last_bank_name,tuning,FORT BELVOIR F.C.U.,18,0.0012
attempt_last_bank_name,tuning,"VINCENTO PAYMENT SOLUTIONS, LTD.",18,0.0012
attempt_last_bank_name,tuning,BAC SAN JOSE,18,0.0012
attempt_last_bank_name,tuning,"DC CARD CO., LTD.",18,0.0012
attempt_last_bank_name,tuning,BANCO BILBAO VIZCAYA ARGENTARIA S.A. (BBVA),18,0.0012
attempt_last_bank_name,tuning,QNB BANK A.¿,18,0.0012
attempt_last_bank_name,tuning,BOURSORAMA BANQUE,18,0.0012
attempt_last_bank_name,tuning,"BANCA TRANSILVANIA, S.A.",18,0.0012
attempt_last_bank_name,tuning,TD CANADA TRUST,18,0.0012
attempt_last_bank_name,tuning,"EUROPAY NORGE, A.S.",17,0.0011333333333333334
attempt_last_bank_name,tuning,BANQUE FEDERATIVE DU CREDIT MUTUEL (BFCM),17,0.0011333333333333334
attempt_last_bank_name,tuning,ROYAL BANK OF SCOTlanD,17,0.0011333333333333334
attempt_last_bank_name,tuning,"BANCO SABADELL, S.A.",16,0.0010666666666666667
attempt_last_bank_name,tuning,"MITSUBISHI UFJ FINANCIAL GROUP, INC.",16,0.0010666666666666667
attempt_last_bank_name,tuning,AL RAJHI BANKING AND INVESTMENT CORP.,16,0.0010666666666666667
attempt_last_bank_name,tuning,"WING HANG BANK, LTD.",16,0.0010666666666666667
attempt_last_bank_name,tuning,"U.S. BANK NATIONAL ASSOCIATION, ND",16,0.0010666666666666667
attempt_last_bank_name,tuning,TOYOTA FINANCE CORPORATION,16,0.0010666666666666667
attempt_last_bank_name,tuning,BANK CENTER CREDIT,16,0.0010666666666666667
attempt_last_bank_name,tuning,WESTERN STATES BANKCARD ASSOCIATION,15,0.001
attempt_last_bank_name,tuning,BANK LEUMI LE-ISRAEL B.M.,15,0.001
attempt_last_bank_name,tuning,"KB KOOKMIN CARD CO., LTD.",15,0.001
attempt_last_bank_name,tuning,TURKIYE VAKIFLAR BANKASI T.A.O.,15,0.001
attempt_last_bank_name,tuning,CREDIT MOSCOW BANK,15,0.001
attempt_last_bank_name,tuning,SCOTIABANK SUD AMERICANO,15,0.001
attempt_last_bank_name,tuning,"WELLS FARGO BANK NEVADA, N.A.",15,0.001
attempt_last_bank_name,tuning,BANK OF THE PHILIPPINE ISLANDS,15,0.001
attempt_last_bank_name,tuning,JORDAN NATIONAL BANK PLC,15,0.001
attempt_last_bank_name,tuning,BANCO MERCANTIL DE COLOMBIA,15,0.001
attempt_last_bank_name,tuning,LA BANQUE POSTALE,15,0.001
attempt_last_bank_name,tuning,CREDOMATIC DE MEXICO S.A. DE C.V.,14,0.0009333333333333333
attempt_last_bank_name,tuning,"FINANSBANK, A.S.",14,0.0009333333333333333
attempt_last_bank_name,tuning,AMEX GERMANY GLOBESTAR CHARGE,14,0.0009333333333333333
attempt_last_bank_name,tuning,"BANCO NACIONAL DE MEXICO, S.A.",14,0.0009333333333333333
attempt_last_bank_name,tuning,"BANCO PICHINCHA, C.A.",14,0.0009333333333333333
attempt_last_bank_name,tuning,UZPROMSTROYBANK UZBEK JSC INDUSTRIAL AND CONSTRUCTION BANK,14,0.0009333333333333333
attempt_last_bank_name,tuning,INTESA SANPAOLO,14,0.0009333333333333333
attempt_last_bank_name,tuning,"MITSUBISHI UFJ NICOS CO., LTD.",14,0.0009333333333333333
attempt_last_bank_name,tuning,BLC BANK S.A.L.,14,0.0009333333333333333
attempt_last_bank_name,tuning,CREDIT LYONNAIS,14,0.0009333333333333333
attempt_last_bank_name,tuning,ZEPTER BANKA A.D.,14,0.0009333333333333333
attempt_last_bank_name,tuning,HDFC BANK LIMITED,14,0.0009333333333333333
attempt_last_bank_name,tuning,THE BANK OF NOVA SCOTIA,14,0.0009333333333333333
attempt_last_bank_name,tuning,JOINT STOCK POST-PENSION BANK AVAL,14,0.0009333333333333333
attempt_last_bank_name,tuning,STARLING BANK LIMITED,14,0.0009333333333333333
attempt_last_bank_name,tuning,BANK MILlanNIUM SPOLKA AKCYJNA,13,0.0008666666666666666
attempt_last_bank_name,tuning,THE TORONTO-DOMINION BANK,13,0.0008666666666666666
attempt_last_bank_name,tuning,"NATIONAL AUSTRALIA BANK, LTD.",13,0.0008666666666666666
attempt_last_bank_name,tuning,BANCO ESPANOL DE CREDITO,13,0.0008666666666666666
attempt_last_bank_name,tuning,"RAKUTEN KC CO., LTD.",13,0.0008666666666666666
attempt_last_bank_name,tuning,"CITIBANK (SOUTH DAKOTA), N.A.",13,0.0008666666666666666
attempt_last_bank_name,tuning,INTERNATIONAL CARD SERVICES BV,13,0.0008666666666666666
attempt_last_bank_name,tuning,JSC TBC BANK,13,0.0008666666666666666
attempt_last_bank_name,tuning,"KRUNGTHAI CARD PUBLIC CO., LTD.",13,0.0008666666666666666
attempt_last_bank_name,tuning,INTERBANK - BANCO INTERNACIONAL DEL PERU,13,0.0008666666666666666
attempt_last_bank_name,tuning,HALIFAX,13,0.0008666666666666666
attempt_last_bank_name,tuning,NATIONAL BANK OF ABU DHABI,13,0.0008666666666666666
attempt_last_bank_name,tuning,LA FEDERATION DES CAISSES DESJARDINS DU QUEBEC,13,0.0008666666666666666
attempt_last_bank_name,tuning,BANK OF BARODA,13,0.0008666666666666666
attempt_last_bank_name,tuning,SAUDI CAIRO BANK,13,0.0008666666666666666
attempt_last_bank_name,tuning,RBC ROYAL BANK OF CANADA,13,0.0008666666666666666
attempt_last_bank_name,tuning,CAISSE NATIONALE DES CAISSES D'EPARGNE (CNCE),12,0.0008
attempt_last_bank_name,tuning,"CITIBANK NIGERIA, LTD.",12,0.0008
attempt_last_bank_name,tuning,"SWEDBANK, A.S.",12,0.0008
attempt_last_bank_name,tuning,BANCOLOMBIA,12,0.0008
attempt_last_bank_name,tuning,CHINATRUST COMMERCIAL BANK,12,0.0008
attempt_last_bank_name,tuning,"CU ELECTRONIC TRANSACTION SERVICES, INC.",12,0.0008
attempt_last_bank_name,tuning,"INDUSIND BANK, LTD.",12,0.0008
attempt_last_bank_name,tuning,OJSC UNICREDIT BANK,12,0.0008
attempt_last_bank_name,tuning,"TD BANK, N.A.",12,0.0008
attempt_last_bank_name,tuning,OTP BANKA D.D.,12,0.0008
attempt_last_bank_name,tuning,OTP BANK PLC,12,0.0008
attempt_last_bank_name,tuning,NAVY F.C.U.,12,0.0008
attempt_last_bank_name,tuning,"CASH STATION, INC.",12,0.0008
attempt_last_bank_name,tuning,FIRST DATA CORPORATION,12,0.0008
attempt_last_bank_name,tuning,CITIZENS SOUTH BANK,12,0.0008
attempt_last_bank_name,tuning,OJSC CB INTERBANK,12,0.0008
attempt_last_bank_name,tuning,TTCU FEDERAL CREDIT UNION,12,0.0008
attempt_last_bank_name,tuning,PT. BANK CENTRAL ASIA TBK,12,0.0008
attempt_last_bank_name,tuning,BANCO DE BOGOTA,12,0.0008
attempt_last_bank_name,tuning,NOVA KBM,12,0.0008
attempt_last_bank_name,tuning,"ING BANK SLASKI, S.A.",12,0.0008
attempt_last_bank_name,tuning,WUESTENROT BANK AG PFANDBRIEBANK,11,0.0007333333333333333
attempt_last_bank_name,tuning,"SUMITOMO MITSUI CARD COMPANY, LTD.",11,0.0007333333333333333
attempt_last_bank_name,tuning,STAMFORD F.C.U.,11,0.0007333333333333333
attempt_last_bank_name,tuning,"WACHOVIA BANK, N.A.",11,0.0007333333333333333
attempt_last_bank_name,tuning,"FIRST TENNESSEE BANK, N.A.",11,0.0007333333333333333
attempt_last_bank_name,tuning,"UNITED OVERSEAS BANK, LTD.",11,0.0007333333333333333
attempt_last_bank_name,tuning,SUNTRUST BANK,11,0.0007333333333333333
attempt_last_bank_name,tuning,DEUTSCHE BANK AG,11,0.0007333333333333333
attempt_last_bank_name,tuning,DINERS CLUB INTERNATIONAL,11,0.0007333333333333333
attempt_last_bank_name,tuning,"RAIFFEISENBANK A.D., BEOGRAD",11,0.0007333333333333333
attempt_last_bank_name,tuning,MALAYAN BANKING BERHAD,11,0.0007333333333333333
attempt_last_bank_name,tuning,CREDIT LYONNAIS CONGO,11,0.0007333333333333333
attempt_last_bank_name,tuning,"FISERV SOLUTIONS, INC.",10,0.0006666666666666666
attempt_last_bank_name,tuning,REGIONS BANK,10,0.0006666666666666666
attempt_last_bank_name,tuning,NETWORK INTERNATIONAL LLC,10,0.0006666666666666666
attempt_last_bank_name,tuning,"CREDIT AGRICOLE, S.A.",10,0.0006666666666666666
attempt_last_bank_name,tuning,BANK OF WYOMING,10,0.0006666666666666666
attempt_last_bank_name,tuning,"ADVANZIA BANK, S.A.",10,0.0006666666666666666
attempt_last_bank_name,tuning,NORDEA BANK FINlanD PLC,10,0.0006666666666666666
attempt_last_bank_name,tuning,"CESKA SPORITELNA, A.S (CZECH SAVINGS BANK)",10,0.0006666666666666666
attempt_last_bank_name,tuning,"T.C. ZIRAAT BANKASI, A.S.",10,0.0006666666666666666
attempt_last_bank_name,tuning,"FEDERAL BANK, LTD.",10,0.0006666666666666666
attempt_last_bank_name,tuning,CLYDESDALE BANK PLC,10,0.0006666666666666666
attempt_last_bank_name,tuning,BANCORP BANK,10,0.0006666666666666666
attempt_last_bank_name,tuning,CU COOPERATIVE SYSTEMS,10,0.0006666666666666666
attempt_last_bank_name,tuning,RENESSANS BANK,10,0.0006666666666666666
attempt_last_bank_name,tuning,EURO KARTENSYSTEME GMBH,10,0.0006666666666666666
attempt_last_bank_name,tuning,JSCB - TBC BANK,10,0.0006666666666666666
attempt_last_bank_name,tuning,"BANCO COMERCIAL PORTUGUES, S.A.",10,0.0006666666666666666
attempt_last_bank_name,tuning,PSA PAYMENT SERVICES AUSTRIA GMBH,10,0.0006666666666666666
attempt_last_bank_name,tuning,"EUROPAY (EUROCARD) ISRAEL, LTD.",9,0.0006
attempt_last_bank_name,tuning,UNITED SAUDI COMMERCIAL BANK,9,0.0006
attempt_last_bank_name,tuning,ITS BANK,9,0.0006
attempt_last_bank_name,tuning,GOLOMT BANK OF MONGOLIA,9,0.0006
attempt_last_bank_name,tuning,VISA JORDAN CARD SERVICES,9,0.0006
attempt_last_bank_name,tuning,ABBEY NATIONAL PLC,9,0.0006
attempt_last_bank_name,tuning,"BANCO DE ORO UNIBANK, INC.",9,0.0006
attempt_last_bank_name,tuning,DZ BANK AG DEUTSCHE ZENTRAL- GENOSSENSCHAFTSBANK,9,0.0006
attempt_last_bank_name,tuning,"CESKOSLOVENSKA OBCHODNI BANKA, A.S.",9,0.0006
attempt_last_bank_name,tuning,CENTURION,9,0.0006
attempt_last_bank_name,tuning,ICICI,9,0.0006
attempt_last_bank_name,tuning,CHINA MERCHANTS BANK,9,0.0006
attempt_last_bank_name,tuning,CJSC AMI-BANK,9,0.0006
attempt_last_bank_name,tuning,"BANK ZACHODNI WBK, S.A.",9,0.0006
attempt_last_bank_name,tuning,"UNIBANCO - UNIAO DE BANCOS BRASILEIROS, S.A.",9,0.0006
attempt_last_bank_name,tuning,IMPERIAL BANK,9,0.0006
attempt_last_bank_name,tuning,CATHAY UNITED BANK,9,0.0006
attempt_last_bank_name,tuning,SUPER FLYERS,9,0.0006
attempt_last_bank_name,tuning,NATIONAL AGRICULTURAL COOPERATIVE FEDERATION,9,0.0006
attempt_last_bank_name,tuning,CHASE CARD SERVICES CANADA,9,0.0006
attempt_last_bank_name,tuning,"UTI BANK, LTD.",9,0.0006
attempt_last_bank_name,tuning,VTB BANK (ARMENIA) CJSC,9,0.0006
attempt_last_bank_name,tuning,"BANCO DE CREDITO BALEAR, S.A.",9,0.0006
attempt_last_bank_name,tuning,GUARANTY TRUST BANK,9,0.0006
attempt_last_bank_name,tuning,"KUVEYT TURK KATILIM BANKASI, A.S.",9,0.0006
attempt_last_bank_name,tuning,"LIFECARD CO., LTD.",9,0.0006
attempt_last_bank_name,tuning,WASHINGTON MUTUAL,9,0.0006
attempt_last_bank_name,tuning,TOJIKSODIROTBONK JSC,9,0.0006
attempt_last_bank_name,tuning,KAZKOMMERTSBANK,9,0.0006
attempt_last_bank_name,tuning,"YAMAGIN CREDIT CO., LTD.",9,0.0006
attempt_last_bank_name,tuning,"BANCO BILBAO VIZCAYA ARGENTARIA, S.A.",9,0.0006
attempt_last_bank_name,tuning,"BANCO INDUSTRIAL E COMERCIAL, S.A.",9,0.0006
attempt_last_bank_name,tuning,VICTORIABANK,9,0.0006
attempt_last_bank_name,tuning,ROCKY MOUNTAIN BANKCARD SYSTEM,9,0.0006
attempt_last_bank_name,tuning,"TATRA BANKA, A.S.",9,0.0006
attempt_last_bank_name,tuning,ITHMAAR BANK B.S.C.,8,0.0005333333333333334
attempt_last_bank_name,tuning,"STANDARD BANK OF SOUTH AFRICA, LTD.",8,0.0005333333333333334
attempt_last_bank_name,tuning,FIRST NATIONAL BANK IN MENA,8,0.0005333333333333334
attempt_last_bank_name,tuning,PBS INTERNATIONAL A/S,8,0.0005333333333333334
attempt_last_bank_name,tuning,"SOCIETE GENERALE, S.A.",8,0.0005333333333333334
attempt_last_bank_name,tuning,KOREA EXCHANGE BANK,8,0.0005333333333333334
attempt_last_bank_name,tuning,VILNIAUS BANKAS,8,0.0005333333333333334
attempt_last_bank_name,tuning,"FIRSTMERIT BANK, N.A.",8,0.0005333333333333334
attempt_last_bank_name,tuning,VISA COLOMBIA,8,0.0005333333333333334
attempt_last_bank_name,tuning,"HANASK CARD CO., LTD.",8,0.0005333333333333334
attempt_last_bank_name,tuning,INLUX (NETHERlanDS) BV,8,0.0005333333333333334
attempt_last_bank_name,tuning,"CREDIT SAISON CO., LTD.",8,0.0005333333333333334
attempt_last_bank_name,tuning,GROUPEMENT CARTE BLEUE,8,0.0005333333333333334
attempt_last_bank_name,tuning,KOOKMIN BANK,8,0.0005333333333333334
attempt_last_bank_name,tuning,COMMERCIAL BANK OF CEYlan PLC,8,0.0005333333333333334
attempt_last_bank_name,tuning,M AND I (MARSHALL AND ILSLEY) BANK,8,0.0005333333333333334
attempt_last_bank_name,tuning,"NIUM PTE, LTD.",8,0.0005333333333333334
attempt_last_bank_name,tuning,"BANCO DO BRASIL, S.A.",8,0.0005333333333333334
attempt_last_bank_name,tuning,MCB ODINBANK (LLC),8,0.0005333333333333334
attempt_last_bank_name,tuning,"UNITED BANK, S.A.E.",8,0.0005333333333333334
attempt_last_bank_name,tuning,"RBS CITIZENS, N.A.",8,0.0005333333333333334
attempt_last_bank_name,tuning,"ING BANK (AUSTRALIA), LTD.",8,0.0005333333333333334
attempt_last_bank_name,tuning,UNIBANK COMMERCIAL BANK,8,0.0005333333333333334
attempt_last_bank_name,tuning,BANCO SANTANDER CHILE,8,0.0005333333333333334
attempt_last_bank_name,tuning,USAA SAVINGS BANK,8,0.0005333333333333334
attempt_last_bank_name,tuning,"UNIBANCA, S.A",8,0.0005333333333333334
attempt_last_bank_name,tuning,"ABN AMRO BANK, N.V.",8,0.0005333333333333334
attempt_last_bank_name,tuning,ABU DHABI ISLAMIC BANK,8,0.0005333333333333334
attempt_last_bank_name,tuning,FARMERS AND MECHANICS NATIONAL BANK,8,0.0005333333333333334
attempt_last_bank_name,tuning,HSBC,8,0.0005333333333333334
attempt_last_bank_name,tuning,TT HELlanIC POSTBANK,7,0.00046666666666666666
attempt_last_bank_name,tuning,"INTERPAYMENT SERVICES, LTD.",7,0.00046666666666666666
attempt_last_bank_name,tuning,WGZ BANK AG WESTDEUTSCHE GENOSSENSCHAFTS-ZENTRALBANK,7,0.00046666666666666666
attempt_last_bank_name,tuning,VISALUX S.C.,7,0.00046666666666666666
attempt_last_bank_name,tuning,"VISECA CARD SERVICES, S.A.",7,0.00046666666666666666
attempt_last_bank_name,tuning,JOINT STOCK COMMERCIAL BANK MOLDINDCONBANK S.A.,7,0.00046666666666666666
attempt_last_bank_name,tuning,HANA BANK,7,0.00046666666666666666
attempt_last_bank_name,tuning,"CREDIT ONE BANK, N.A.",7,0.00046666666666666666
attempt_last_bank_name,tuning,STANDARD CHARTERED,7,0.00046666666666666666
attempt_last_bank_name,tuning,THE COMMERCIAL BANK OF KUWAIT S.A.K.,7,0.00046666666666666666
attempt_last_bank_name,tuning,"TARJETA NARANJA DOMINICANA, S.A.",7,0.00046666666666666666
attempt_last_bank_name,tuning,"ARGENCARD, S.A.",7,0.00046666666666666666
attempt_last_bank_name,tuning,MOSCOW MUNICIPAL BANK-BANK OF MOSCOW,7,0.00046666666666666666
attempt_last_bank_name,tuning,GARANTI,7,0.00046666666666666666
attempt_last_bank_name,tuning,"REDEBAN MULTICOLOR, S.A.",7,0.00046666666666666666
attempt_last_bank_name,tuning,"STAR PROCESSING, INC.",7,0.00046666666666666666
attempt_last_bank_name,tuning,"ASYA KATILIM BANKASI, A.S.",7,0.00046666666666666666
attempt_last_bank_name,tuning,VIETNAM TECHNOLOGICAL AND COMMERCIAL JSB,7,0.00046666666666666666
attempt_last_bank_name,tuning,CORP BANCA,7,0.00046666666666666666
attempt_last_bank_name,tuning,"VAZCORP SOCIEDAD FINANCIERA, S.A.",7,0.00046666666666666666
attempt_last_bank_name,tuning,"KOMERCNI BANKA, A.S.",7,0.00046666666666666666
attempt_last_bank_name,tuning,"BANCO MERCANTIL DEL NORTE S.A.., INSTITUCI N DE BANCA M LTIPLE, GRUPO FINANCIERO",7,0.00046666666666666666
attempt_last_bank_name,tuning,"UNITED OVERSEAS BANK(THAI)PUBLIC CO., LTD.",7,0.00046666666666666666
attempt_last_bank_name,tuning,KAPITAL BANK JSB,7,0.00046666666666666666
attempt_last_bank_name,tuning,EMIRATES NBD BANK (P.J.S.C.),7,0.00046666666666666666
attempt_last_bank_name,tuning,"KEYBANK, N.A.",7,0.00046666666666666666
attempt_last_bank_name,tuning,"TRANSACT NETWORK, LTD.",7,0.00046666666666666666
attempt_last_bank_name,tuning,JSC ATF BANK,7,0.00046666666666666666
attempt_last_bank_name,tuning,NATIONAL CITY BANK,6,0.0004
attempt_last_bank_name,tuning,"DENIZBANK, A.S.",6,0.0004
attempt_last_bank_name,tuning,"BBVA BANCO FRANCES, S.A.",6,0.0004
attempt_last_bank_name,tuning,CARTASI S.P.A.,6,0.0004
attempt_last_bank_name,tuning,KUWAIT FINANCE HOUSE,6,0.0004
attempt_last_bank_name,tuning,TAMARA BANK,6,0.0004
attempt_last_bank_name,tuning,E*TRADE BANK,6,0.0004
attempt_last_bank_name,tuning,"UNICARD BANCO MULTIPLO, S.A.",6,0.0004
attempt_last_bank_name,tuning,MASHREQBANK,6,0.0004
attempt_last_bank_name,tuning,UNICREDIT S.P.A.,6,0.0004
attempt_last_bank_name,tuning,UNITED OVERSEAS BANK (MALAYSIA) BHD,6,0.0004
attempt_last_bank_name,tuning,GE CAPITAL RETAIL BANK,6,0.0004
attempt_last_bank_name,tuning,"VISA ARGENTINA, S.A.",6,0.0004
attempt_last_bank_name,tuning,"SANTANDER CONSUMO, S.A. DE C.V. SOFOM, E.R.",6,0.0004
attempt_last_bank_name,tuning,PRESIDENTS CHOICE BANK,6,0.0004
attempt_last_bank_name,tuning,FIRST GULF BANK PJSC,6,0.0004
attempt_last_bank_name,tuning,"BMO HARRIS BANK, N.A.",6,0.0004
attempt_last_bank_name,tuning,WOODFOREST NATIONAL BANK,6,0.0004
attempt_last_bank_name,tuning,COMMERCIAL BANK OF GREECE,6,0.0004
attempt_last_bank_name,tuning,BANK AUDI- AUDI SARADAR GROUP,6,0.0004
attempt_last_bank_name,tuning,"OVERSEA-CHINESE BANKING CORP., LTD.",6,0.0004
attempt_last_bank_name,tuning,CAPITAL ONE (EUROPE) PLC,6,0.0004
attempt_last_bank_name,tuning,INTESA SAN PAOLO,6,0.0004
attempt_last_bank_name,tuning,"CORNER BANCA, S.A.",6,0.0004
attempt_last_bank_name,tuning,"VIA CARD (THAIlanD) CO., LTD.",6,0.0004
attempt_last_bank_name,tuning,FINECOBANK S.P.A.,6,0.0004
attempt_last_bank_name,tuning,FAUQUIER BANK,6,0.0004
attempt_last_bank_name,tuning,FIRST ARKANSAS BANK AND TRUST,6,0.0004
attempt_last_bank_name,tuning,PIRAEUS BANK A.D. BEOGRAD,6,0.0004
attempt_last_bank_name,tuning,CAISSE CENTRALE DE CREDIT MUTUEL,6,0.0004
attempt_last_bank_name,tuning,"PRUDENTIAL SAVINGS BANK, F.S.B.",6,0.0004
attempt_last_bank_name,tuning,"TARJETAS BANAMEX, SA DE CV, SOFOM E.R.",6,0.0004
attempt_last_bank_name,tuning,FIRST INTERSTATE BANK,6,0.0004
attempt_last_bank_name,tuning,FIRST PREMIER BANK,6,0.0004
attempt_last_bank_name,tuning,EUROPAY BELGIUM S.C.R.L.,6,0.0004
attempt_last_bank_name,tuning,ARMENIAN CARD CJSC,6,0.0004
attempt_last_bank_name,tuning,"VOLKSBANK ROMANIA, S.A.",6,0.0004
attempt_last_bank_name,tuning,"ANZ NATIONAL BANK, LTD.",6,0.0004
attempt_last_bank_name,tuning,"SHAZAM, INC.",6,0.0004
attempt_last_bank_name,tuning,SVENSKA HANDELSBANKEN AB,6,0.0004
attempt_last_bank_name,tuning,"AXIS BANK, LTD.",5,0.0003333333333333333
attempt_last_bank_name,tuning,CAIXA ECONOMICA FEDERAL,5,0.0003333333333333333
attempt_last_bank_name,tuning,HSBC BANK PLC,5,0.0003333333333333333
attempt_last_bank_name,tuning,BARCLAYS BANK DELAWARE,5,0.0003333333333333333
attempt_last_bank_name,tuning,NATIONWIDE BUILDING SOCIETY,5,0.0003333333333333333
attempt_last_bank_name,tuning,BANQUE LIBANO-FRANCAISE S.A.L. /COMMERCE AND FINANCE S.A.L.,5,0.0003333333333333333
attempt_last_bank_name,tuning,"STANDARD CHARTERED GRINDLAYS (OFFSHORE), LTD.",5,0.0003333333333333333
attempt_last_bank_name,tuning,"TURKIYE HALK BANKASI, A.S.",5,0.0003333333333333333
attempt_last_bank_name,tuning,"LEUMICARD, LTD.",5,0.0003333333333333333
attempt_last_bank_name,tuning,"BC MOLDINDCONBANK, S.A.",5,0.0003333333333333333
attempt_last_bank_name,tuning,"AUSTRALIA AND NEW ZEAlanD BANKING GROUP, LTD.",5,0.0003333333333333333
attempt_last_bank_name,tuning,"BANKINTER, S.A.",5,0.0003333333333333333
attempt_last_bank_name,tuning,"FIRSTRAND BANK, LTD.",5,0.0003333333333333333
attempt_last_bank_name,tuning,CJSC AKTSENT BANK,5,0.0003333333333333333
attempt_last_bank_name,tuning,"DEUTSCHE KREDITBANK AG (DKB), LUFTHANSA, MILES AND MORE",5,0.0003333333333333333
attempt_last_bank_name,tuning,"ST. GEORGE BANK, LTD.",5,0.0003333333333333333
attempt_last_bank_name,tuning,ASOCIACION LA NACIONAL DE AHORROS Y PRESTAMOS,5,0.0003333333333333333
attempt_last_bank_name,tuning,BANKAS SNORAS,5,0.0003333333333333333
attempt_last_bank_name,tuning,"BANCO EXTERIOR, C.A.",5,0.0003333333333333333
attempt_last_bank_name,tuning,PNC NATIONAL BANK_OF DELAWARE,5,0.0003333333333333333
attempt_last_bank_name,tuning,"UC CARD CO., LTD.",5,0.0003333333333333333
attempt_last_bank_name,tuning,BANK POLSKA KASA OPIEKI S.A. (BANK PEKAO SA),5,0.0003333333333333333
attempt_last_bank_name,tuning,"FIRST PEOPLES BANK, INC.",5,0.0003333333333333333
attempt_last_bank_name,tuning,VIETNAM PROSPERITY JSCB,5,0.0003333333333333333
attempt_last_bank_name,tuning,ASIA COMMERCIAL BANK,5,0.0003333333333333333
attempt_last_bank_name,tuning,POSTE ITALIANE S.P.A. (BANCO POSTA),5,0.0003333333333333333
attempt_last_bank_name,tuning,BANQUE MAROCAINE DU COMMERCE EXTERIEUR,5,0.0003333333333333333
attempt_last_bank_name,tuning,"KASIKORNBANK PUBLIC CO., LTD.",5,0.0003333333333333333
attempt_last_bank_name,tuning,PT BANK MANDIRI (PERSERO) TBK,5,0.0003333333333333333
attempt_last_bank_name,tuning,CLOUDWALK INSTITUIÇÃO DE PAGAMENTO E SERVIÇOS LTDA,5,0.0003333333333333333
attempt_last_bank_name,tuning,BANCO DE CREDITO E INVERSIONES,5,0.0003333333333333333
attempt_last_bank_name,tuning,AB SIAULIU BANKAS,5,0.0003333333333333333
attempt_last_bank_name,tuning,"MERCANTILE DISCOUNT BANK, LTD.",5,0.0003333333333333333
attempt_last_bank_name,tuning,"STATE BANK OF MAURITIUS, LTD.",5,0.0003333333333333333
attempt_last_bank_name,tuning,"VALORES INTERNACIONALES, S.A.",5,0.0003333333333333333
attempt_last_bank_name,tuning,"CUSCAL, LTD.",5,0.0003333333333333333
attempt_last_bank_name,tuning,UNITED NATIONS F.C.U.,5,0.0003333333333333333
attempt_last_bank_name,tuning,JS INNOVATION CB IPAK YULI,5,0.0003333333333333333
attempt_last_bank_name,tuning,BANCO CONTINENTAL,5,0.0003333333333333333
attempt_last_bank_name,tuning,"PROMOTORA CMR FALABELLA, S.A.",5,0.0003333333333333333
attempt_last_bank_name,tuning,AMERIABANK CJSC,5,0.0003333333333333333
attempt_last_bank_name,tuning,TALlanNA PANK,5,0.0003333333333333333
attempt_last_bank_name,tuning,MBNA AMERICA BANK,5,0.0003333333333333333
attempt_last_bank_name,tuning,POHJOLA BANK PLC,5,0.0003333333333333333
attempt_last_bank_name,tuning,ARAB BANK PLC,5,0.0003333333333333333
attempt_last_bank_name,tuning,EURO KARTENSYSTEME EUROCARD UND EUROCHEQUE GMBH,5,0.0003333333333333333
attempt_last_bank_name,tuning,"CB MOLDOVA-AGROINDBANK, S.A.",5,0.0003333333333333333
attempt_last_bank_name,tuning,ALLIANCE DATA SYSTEMS,5,0.0003333333333333333
attempt_last_bank_name,tuning,WESTERN CAPITAL BANK,5,0.0003333333333333333
attempt_last_bank_name,tuning,AMEX UK GLOBESTAR,5,0.0003333333333333333
attempt_last_bank_name,tuning,"BANCO CANARIAS DE VENEZUELA, BANCO UNIVERSAL, C.A.",5,0.0003333333333333333
attempt_last_bank_name,tuning,BANK OF THE PHILIPPINE Islands,5,0.0003333333333333333
attempt_last_bank_name,tuning,CREDIT INDUSTRIEL ET COMMERCIAL,5,0.0003333333333333333
attempt_last_bank_name,tuning,VISA NORGE A/S,4,0.0002666666666666667
attempt_last_bank_name,tuning,"MASTERCAJAS, S.A.",4,0.0002666666666666667
attempt_last_bank_name,tuning,ZENITH BANK,4,0.0002666666666666667
attempt_last_bank_name,tuning,"LOTTE CARD CO., LTD.",4,0.0002666666666666667
attempt_last_bank_name,tuning,"NATIONAL BANK OF GREECE, S.A.",4,0.0002666666666666667
attempt_last_bank_name,tuning,"NEPAL INVESTMENT BANK, LTD.",4,0.0002666666666666667
attempt_last_bank_name,tuning,EUROCARD AB,4,0.0002666666666666667
attempt_last_bank_name,tuning,DEUTSCHE KREDITBANK AKTIENGESELLSCHAFT,4,0.0002666666666666667
attempt_last_bank_name,tuning,COMMONWEALTH,4,0.0002666666666666667
attempt_last_bank_name,tuning,UKRAINSKY PROMYSLOVY BANK LLC,4,0.0002666666666666667
attempt_last_bank_name,tuning,"AVAL CARD (COSTA RICA), S.A.",4,0.0002666666666666667
attempt_last_bank_name,tuning,ALLIED IRISH BANKS PLC,4,0.0002666666666666667
attempt_last_bank_name,tuning,"RAIFFEISEN BANK, S.A.",4,0.0002666666666666667
attempt_last_bank_name,tuning,"SERVIRED, SOCIEDAD ESPANOLA DE MEDIOS DE PAGO, S.A.",4,0.0002666666666666667
attempt_last_bank_name,tuning,KAOHSIUNG THIRD CREDIT CO-OPERATIVE,4,0.0002666666666666667
attempt_last_bank_name,tuning,"BANCO POPULAR DOMINICANO, C. POR A., BANCO MULTIPLE",4,0.0002666666666666667
attempt_last_bank_name,tuning,JSCB ROSBANK,4,0.0002666666666666667
attempt_last_bank_name,tuning,AMERICAN EXPRESS US CARS,4,0.0002666666666666667
attempt_last_bank_name,tuning,YOLO F.C.U.,4,0.0002666666666666667
attempt_last_bank_name,tuning,PREMIER BANK OF JACKSONVILLE,4,0.0002666666666666667
attempt_last_bank_name,tuning,"BCSC, S.A.- BANCO CAJA SOCIAL BCSC - BANCO CAJA SOCIAL",4,0.0002666666666666667
attempt_last_bank_name,tuning,"UNIBANK, LTD.",4,0.0002666666666666667
attempt_last_bank_name,tuning,BANCO INTER S.A.,4,0.0002666666666666667
attempt_last_bank_name,tuning,YES BANK LIMITED,4,0.0002666666666666667
attempt_last_bank_name,tuning,"FRANKlan BANK, S.S.B.",4,0.0002666666666666667
attempt_last_bank_name,tuning,CSCBANK S.A.L.,4,0.0002666666666666667
attempt_last_bank_name,tuning,TRADE AND DEVELOPMENT BANK OF MONGOLIA,4,0.0002666666666666667
attempt_last_bank_name,tuning,"KOKUNAI SHINPAN CO., LTD.",4,0.0002666666666666667
attempt_last_bank_name,tuning,BElanESHECONOMBANK FOREIGN ECONOMIC AFFAIRS BELARUS JSCB,4,0.0002666666666666667
attempt_last_bank_name,tuning,JAL MILEAGE BANK,4,0.0002666666666666667
attempt_last_bank_name,tuning,BANCO DE CHILE,4,0.0002666666666666667
attempt_last_bank_name,tuning,DIE SCHWEIZERISCHE POST,4,0.0002666666666666667
attempt_last_bank_name,tuning,JCB CARD,4,0.0002666666666666667
attempt_last_bank_name,tuning,SWEDBANK AB,4,0.0002666666666666667
attempt_last_bank_name,tuning,"BANCO BHD, S.A., BANCO MZLTIPLE",4,0.0002666666666666667
attempt_last_bank_name,tuning,PLACER SIERRA BANK,4,0.0002666666666666667
attempt_last_bank_name,tuning,BILBAO BIZKAIA KUTXA (BBK),4,0.0002666666666666667
attempt_last_bank_name,tuning,VIVILD OG OMEGNS SPAREKASSE,4,0.0002666666666666667
attempt_last_bank_name,tuning,"TOPCARD SERVICE, S.A.",4,0.0002666666666666667
attempt_last_bank_name,tuning,"FIRSTCARIBBEAN INTERNATIONAL BANK (BARBADOS), LTD.",4,0.0002666666666666667
attempt_last_bank_name,tuning,PJSC IMEXBANK,4,0.0002666666666666667
attempt_last_bank_name,tuning,CHINA CONSTRUCTION BANK CORPORATION,4,0.0002666666666666667
attempt_last_bank_name,tuning,"HABIB BANK, LTD.",4,0.0002666666666666667
attempt_last_bank_name,tuning,AMEX CANADA GLOBESTAR,4,0.0002666666666666667
attempt_last_bank_name,tuning,BANK OF MALDIVES PLC,4,0.0002666666666666667
attempt_last_bank_name,tuning,BANCO DE RESERVAS DE LA REPUBLICA DOMINICANA,4,0.0002666666666666667
attempt_last_bank_name,tuning,UNITED COMMERCIAL BANK,4,0.0002666666666666667
attempt_last_bank_name,tuning,"BANCO INTERAMERICANO DE FINANZAS, S.A.E.M.A.",4,0.0002666666666666667
attempt_last_bank_name,tuning,"GREATER BUILDING SOCIETY, LTD.",4,0.0002666666666666667
attempt_last_bank_name,tuning,THE BANK OF GEORGIA,4,0.0002666666666666667
attempt_last_bank_name,tuning,UBS AG,4,0.0002666666666666667
attempt_last_bank_name,tuning,AUSTRALIA AND NEW ZEAlanD BANKING GROUP LTD. FREQUENT FLYER,4,0.0002666666666666667
attempt_last_bank_name,tuning,NATIONAL BANK OF CANADA,4,0.0002666666666666667
attempt_last_bank_name,tuning,ATTIJARIWAFA BANK,4,0.0002666666666666667
attempt_last_bank_name,tuning,"CAPITEC BANK, LTD.",4,0.0002666666666666667
attempt_last_bank_name,tuning,MILLBURY F.C.U.,4,0.0002666666666666667
attempt_last_bank_name,tuning,"BANCO ESPIRITO SANTO, S.A.",4,0.0002666666666666667
attempt_last_bank_name,tuning,SAIGON THUONG TIN COMMERCIAL JSB,4,0.0002666666666666667
attempt_last_bank_name,tuning,TOTALBANK CURACAO N.V.,4,0.0002666666666666667
attempt_last_bank_name,tuning,VIETNAM EXPORT IMPORT COMMERCIAL JSB,4,0.0002666666666666667
attempt_last_bank_name,tuning,GOVERNOR AND COMPANY OF THE BANK OF IRElanD,4,0.0002666666666666667
attempt_last_bank_name,tuning,NORDEA BANK AB (PUBL),4,0.0002666666666666667
attempt_last_bank_name,tuning,"PIRAEUS BANK, S.A.",4,0.0002666666666666667
attempt_last_bank_name,tuning,INTERNATIONAL BANK OF AZERBAIJAN,4,0.0002666666666666667
attempt_last_bank_name,tuning,"COMMERCIAL BANK OF KUWAIT, S.A.K.",4,0.0002666666666666667
attempt_last_bank_name,tuning,NATIONAL BANK OF EGYPT,4,0.0002666666666666667
attempt_last_bank_name,tuning,MERRICK BANK CORPORATION,4,0.0002666666666666667
attempt_last_bank_name,tuning,ERSTE BANK HUNGARY ZRT.,4,0.0002666666666666667
attempt_last_bank_name,tuning,"FIRSTCARIBBEAN INTERNATIONAL BANK (CAYMAN), LTD.",4,0.0002666666666666667
attempt_last_bank_name,tuning,BANKIA,4,0.0002666666666666667
attempt_last_bank_name,tuning,KOMERCIJALNA BANKA AD BEOGRAD CJSC,4,0.0002666666666666667
attempt_last_bank_name,tuning,FIRST UNITED NATIONAL BANK AND TRUST COMPANY,4,0.0002666666666666667
attempt_last_bank_name,tuning,SERVIZI INTERBANCARI S.P.A.,4,0.0002666666666666667
attempt_last_bank_name,tuning,JS SAVINGS BANK BELARUSBANK,4,0.0002666666666666667
attempt_last_bank_name,tuning,NORDEA BANK DANMARK A/S,4,0.0002666666666666667
attempt_last_bank_name,tuning,COMMERCIAL BANK OF QATAR (Q.S.C.),4,0.0002666666666666667
attempt_last_bank_name,tuning,AB DNB NORD BANKAS,4,0.0002666666666666667
attempt_last_bank_name,tuning,ASB BANK,4,0.0002666666666666667
attempt_last_bank_name,tuning,CASSA CENTRALE BANCA - CREDITO COOPERATIVO DElanORD E,4,0.0002666666666666667
attempt_last_bank_name,tuning,JSC ENERGOBANK,4,0.0002666666666666667
attempt_last_bank_name,tuning,STATE EMPLOYEES' C.U.,4,0.0002666666666666667
attempt_last_bank_name,tuning,FIRST AMERICAN BANK,4,0.0002666666666666667
attempt_last_bank_name,tuning,ING-DIBA AG,4,0.0002666666666666667
attempt_last_bank_name,tuning,ACBA CREDIT AGRICOLE BANK CJSC,4,0.0002666666666666667
attempt_last_bank_name,tuning,NORDEA BANK AB,4,0.0002666666666666667
attempt_last_bank_name,tuning,UT BANK LIMITED,4,0.0002666666666666667
attempt_last_bank_name,tuning,HONG LEONG BANK BERHAD,4,0.0002666666666666667
attempt_last_bank_name,tuning,"CREDOMATIC INTERNATIONAL, S.A.",4,0.0002666666666666667
attempt_last_bank_name,tuning,"HUNGARIAN VOLKSBANK, LTD.",4,0.0002666666666666667
attempt_last_bank_name,tuning,JSCB FORUM,4,0.0002666666666666667
attempt_last_bank_name,tuning,BANK OF PALESTINE PLC,4,0.0002666666666666667
attempt_last_bank_name,tuning,"HSBC BANK ARGENTINA, S.A.",4,0.0002666666666666667
attempt_last_bank_name,tuning,YUBMES BANK AD BELGRADE,4,0.0002666666666666667
attempt_last_bank_name,tuning,UNIVERSAL FINANCING SERVICES,3,0.0002
attempt_last_bank_name,tuning,"KOTAK MAHINDRA BANK, LTD.",3,0.0002
attempt_last_bank_name,tuning,"EASTERN BANK, LTD.",3,0.0002
attempt_last_bank_name,tuning,FIRST NATIONAL BANK,3,0.0002
attempt_last_bank_name,tuning,"FIA CARD SERVICES, NATIONAL ASSOCIATION (2)",3,0.0002
attempt_last_bank_name,tuning,"BANCO ITAU URUGUAY, S.A.",3,0.0002
attempt_last_bank_name,tuning,"BANCO UNO, S.A.",3,0.0002
attempt_last_bank_name,tuning,"ICBA BANCARD, INC.",3,0.0002
attempt_last_bank_name,tuning,PROVINCE OF CHINA[A] (COUNTRY CODE: TWN),3,0.0002
attempt_last_bank_name,tuning,AMEX AUSTRALIA GLOBESTAR CHARGE,3,0.0002
attempt_last_bank_name,tuning,NATIXIS,3,0.0002
attempt_last_bank_name,tuning,"BANK HANDLOWY W WARSZAWIE, S.A.",3,0.0002
attempt_last_bank_name,tuning,"BANCA MORA, S.A.",3,0.0002
attempt_last_bank_name,tuning,BANCA DI SASSARI S.P.A.,3,0.0002
attempt_last_bank_name,tuning,"HSBC MEXICO, S.A. INSTITUCION DE BANCA MULTIPLE, GRUPO HSBC",3,0.0002
attempt_last_bank_name,tuning,"STANDARD CHARTERED BANK ZIMBABWE, LTD.",3,0.0002
attempt_last_bank_name,tuning,CHARLES SCHWAB BANK,3,0.0002
attempt_last_bank_name,tuning,BANK OF NEW ZEAlanD,3,0.0002
attempt_last_bank_name,tuning,"JSC ""UNIVERSAL BANK""",3,0.0002
attempt_last_bank_name,tuning,STATE EXPORT-IMPORT BANK OF UKRAINE (UKREXIMBANK),3,0.0002
attempt_last_bank_name,tuning,"TURK EKONOMI BANKASI, A.S.",3,0.0002
attempt_last_bank_name,tuning,"BANCO DAVIVIENDA, S.A.",3,0.0002
attempt_last_bank_name,tuning,ZUERCHER KANTONALBANK,3,0.0002
attempt_last_bank_name,tuning,S-PANKKI OY (S-BANK LIMITED),3,0.0002
attempt_last_bank_name,tuning,"STANDARD CHARTERED BANK (HONG KONG), LTD.",3,0.0002
attempt_last_bank_name,tuning,"ETIBANK, A.S.",3,0.0002
attempt_last_bank_name,tuning,RIAS S.R.L. (BANCOMAT),3,0.0002
attempt_last_bank_name,tuning,"RAIFFEISENBANK, A.S.",3,0.0002
attempt_last_bank_name,tuning,CAPITAL ONE BANK,3,0.0002
attempt_last_bank_name,tuning,"SCOTIABANK TRINIDAD AND TOBAGO, LTD.",3,0.0002
attempt_last_bank_name,tuning,"HSBC MEXICO S.A., INSTITUCION DE BANCA MULTIPLE, GRUPO FINAN",3,0.0002
attempt_last_bank_name,tuning,"ROYAL BANK OF SCOTlanD, N.V.",3,0.0002
attempt_last_bank_name,tuning,"BANK ALFALAH, LTD.",3,0.0002
attempt_last_bank_name,tuning,VISION BANCO SOCIEDAD ANONIMA EMISORA DECAPITAL ABIERTO,3,0.0002
attempt_last_bank_name,tuning,"MBNA AMERICA (DELAWARE), N.A.",3,0.0002
attempt_last_bank_name,tuning,"FBME CARD SERVICES, LTD.",3,0.0002
attempt_last_bank_name,tuning,BLOM BANK S.A.L.,3,0.0002
attempt_last_bank_name,tuning,HERITAGE FAMILY C.U.,3,0.0002
attempt_last_bank_name,tuning,"BANCO POPULAR DOMINICANO, C. POR A.",3,0.0002
attempt_last_bank_name,tuning,"NEDBANK, LTD.",3,0.0002
attempt_last_bank_name,tuning,INTERNATIONAL SMART CARD LLC,3,0.0002
attempt_last_bank_name,tuning,CAJA RURAL DE ALMERIA Y MALAGA (CAJAMAR),3,0.0002
attempt_last_bank_name,tuning,"CREDOMATIC DEL ISTMO, S.A.",3,0.0002
attempt_last_bank_name,tuning,"BANCO MERCANTIL DElanORTE S.A.., INSTITUCISN DE BANCA MZLTIP",3,0.0002
attempt_last_bank_name,tuning,PT. PRIMASWADANA PERKASA FINANCE,3,0.0002
attempt_last_bank_name,tuning,PICPAY BANK BANCO MULTIPLO S A,3,0.0002
attempt_last_bank_name,tuning,"STANDARD CHARTERED BANK KENYA, LTD.",3,0.0002
attempt_last_bank_name,tuning,"KENTBANK, A.S.",3,0.0002
attempt_last_bank_name,tuning,ALAHLI BANK OF KUWAIT (K.S.C.),3,0.0002
attempt_last_bank_name,tuning,"VSEOBECNA UVEROVA BANKA, A.S.",3,0.0002
attempt_last_bank_name,tuning,"GE MONEY BANK, A.S.",3,0.0002
attempt_last_bank_name,tuning,SIGNATURE BANK,3,0.0002
attempt_last_bank_name,tuning,"BANCO DE MADRID, S.A.",3,0.0002
attempt_last_bank_name,tuning,DHCU COMMUNITY C.U.,3,0.0002
attempt_last_bank_name,tuning,SAFEWAY LOS ANGELES F.C.U.,3,0.0002
attempt_last_bank_name,tuning,FIRST COMMONWEALTH BANK,3,0.0002
attempt_last_bank_name,tuning,SBI CARDS AND PAYMENT SERVICES LIMITED,3,0.0002
attempt_last_bank_name,tuning,"INVEST-BANK, S.A.",3,0.0002
attempt_last_bank_name,tuning,lanSING AUTOMAKERS F.C.U.,3,0.0002
attempt_last_bank_name,tuning,GOLDMAN SACHS BANK USA,3,0.0002
attempt_last_bank_name,tuning,STATE BANK OF INDIA,3,0.0002
attempt_last_bank_name,tuning,BANCO FALABELLA,3,0.0002
attempt_last_bank_name,tuning,SWISS BANKERS PREPAID SERVICES AG,3,0.0002
attempt_last_bank_name,tuning,"WING lanG BANK, LTD.",3,0.0002
attempt_last_bank_name,tuning,BANCORPSOUTH,3,0.0002
attempt_last_bank_name,tuning,"TCM BANK, N.A.",3,0.0002
attempt_last_bank_name,tuning,PAREX BANK,3,0.0002
attempt_last_bank_name,tuning,FIRST BANK OF NIGERIA PLC,3,0.0002
attempt_last_bank_name,tuning,JPMORGAN CHASE BANK CANADA,3,0.0002
attempt_last_bank_name,tuning,"BANCO DEL PACIFICO, S.A.",3,0.0002
attempt_last_bank_name,tuning,VSB INTERNATIONAL B.V.,3,0.0002
attempt_last_bank_name,tuning,"CITIBANK, N.A.- COSTCO",3,0.0002
attempt_last_bank_name,tuning,TAISHIN INTERNATIONAL BANK,3,0.0002
attempt_last_bank_name,tuning,"CAIXA GERAL DE DEPOSITOS, S.A.",3,0.0002
attempt_last_bank_name,tuning,"WOORICARD CO., LTD",3,0.0002
attempt_last_bank_name,tuning,FIRST SIGNATURE BANK AND TRUST COMPANY,3,0.0002
attempt_last_bank_name,tuning,BANQUE LAURENTIENNE DU CANADA,3,0.0002
attempt_last_bank_name,tuning,"FIRST DATA CONO SUR, S.R.L.",3,0.0002
attempt_last_bank_name,tuning,MIGROS BANK AG,3,0.0002
attempt_last_bank_name,tuning,HSBC BANK MALAYSIA BERHAD,3,0.0002
attempt_last_bank_name,tuning,"NATIONAL BANK OF KUWAIT, S.A.K.",3,0.0002
attempt_last_bank_name,tuning,"COMMUNITY BANK, N.A.",3,0.0002
attempt_last_bank_name,tuning,FIRST NATIONAL BANK IN SIOUX FALLS,3,0.0002
attempt_last_bank_name,tuning,"EXTRACO BANKS, N.A.",3,0.0002
attempt_last_bank_name,tuning,BANQUE CENTRALE POPULAIRE,3,0.0002
attempt_last_bank_name,tuning,"HANG SENG BANK, LTD.",3,0.0002
attempt_last_bank_name,tuning,IBERCAJA (CAJA DE AHORROS Y MONTE DE PIEDAD DE ZARAGOZA ARAG,3,0.0002
attempt_last_bank_name,tuning,"BANCO TRANSANDINO, S.A.",3,0.0002
attempt_last_bank_name,tuning,POWSZECHNY BANK KREDYTOWY SA W WARSZAWIE,3,0.0002
attempt_last_bank_name,tuning,ARAB NATIONAL BANK,3,0.0002
attempt_last_bank_name,tuning,FOX CHASE FEDERAL SAVINGS BANK,3,0.0002
attempt_last_bank_name,tuning,"BANK OF WESTERN AUSTRALIA, LTD.",3,0.0002
attempt_last_bank_name,tuning,"WESTPAC NEW ZEAlanD, LTD.",3,0.0002
attempt_last_bank_name,tuning,"SLOVENSKA SPORITELNA, A.S.",3,0.0002
attempt_last_bank_name,tuning,NATWEST,3,0.0002
attempt_last_bank_name,tuning,"FIRST CITIZENS BANK, LTD.",3,0.0002
attempt_last_bank_name,tuning,ESBANK ESKISEHIR BANKASI T.A.S.,3,0.0002
attempt_last_bank_name,tuning,BANK OF CHINA,3,0.0002
attempt_last_bank_name,tuning,GCS,3,0.0002
attempt_last_bank_name,tuning,"PNC BANK, NATIONAL ASSOCIATION - CONSUMER CREDIT",3,0.0002
attempt_last_bank_name,tuning,NLB TUTUNSKA BANKA AD SKOPJE,3,0.0002
attempt_last_bank_name,tuning,"SIAM COMMERCIAL BANK PUBLIC CO., LTD.",3,0.0002
attempt_last_bank_name,tuning,GREENVILLE HERITAGE F.C.U.,3,0.0002
attempt_last_bank_name,tuning,"WILMINGTON TRUST, N.A.",3,0.0002
attempt_last_bank_name,tuning,"CIBC BANK AND TRUST COMPANY CAYMAN, LTD.",3,0.0002
attempt_last_bank_name,tuning,"BBVA BANCO GANADERO, S.A.",3,0.0002
attempt_last_bank_name,tuning,CANADIAN TIRE BANK,3,0.0002
attempt_last_bank_name,tuning,BANCO IBI S.A. BANCO MULTIPLO,3,0.0002
attempt_last_bank_name,tuning,"BANCO SANTANDER TOTTA, S.A.",3,0.0002
attempt_last_bank_name,tuning,MOONEY S.P.A.,3,0.0002
attempt_last_bank_name,tuning,SCOTIABANK PERU S.A.A.,3,0.0002
attempt_last_bank_name,tuning,GRCC,3,0.0002
attempt_last_bank_name,tuning,"BANCO DEL PICHINCHA, C.A.",3,0.0002
attempt_last_bank_name,tuning,BOEING EMPLOYEES C.U.,3,0.0002
attempt_last_bank_name,tuning,"FIFTH THIRD PROCESSING SOLUTIONS, INC.",3,0.0002
attempt_last_bank_name,tuning,UNIVERSAL INVESTMENT BANK AD SKOPJE,2,0.00013333333333333334
attempt_last_bank_name,tuning,NATIONAL BANK OF RAS AL-KHAIMAH (RAKBANK),2,0.00013333333333333334
attempt_last_bank_name,tuning,PT BANK DANAMON INDONESIA TBK,2,0.00013333333333333334
attempt_last_bank_name,tuning,"SBI CARDS AND PAYMENT SERVICES PVT., LTD.",2,0.00013333333333333334
attempt_last_bank_name,tuning,METCALF BANK,2,0.00013333333333333334
attempt_last_bank_name,tuning,SISTEMA 4B,2,0.00013333333333333334
attempt_last_bank_name,tuning,"ING BANK, A.S.",2,0.00013333333333333334
attempt_last_bank_name,tuning,BANK OF INDIA,2,0.00013333333333333334
attempt_last_bank_name,tuning,BORBJERG SPAREKASSE,2,0.00013333333333333334
attempt_last_bank_name,tuning,"BUTTERFIELD BANK (UK), LTD.",2,0.00013333333333333334
attempt_last_bank_name,tuning,THE HONGKONG AND SHANGHAI BANKING CORPORATION LIMITED,2,0.00013333333333333334
attempt_last_bank_name,tuning,"ABSA GROUP, LTD.",2,0.00013333333333333334
attempt_last_bank_name,tuning,INTERNATIONAL COMMERCIAL BANK OF CHINA,2,0.00013333333333333334
attempt_last_bank_name,tuning,UNICREDIT BANKA SLOVENIJA D.D.,2,0.00013333333333333334
attempt_last_bank_name,tuning,CNG PROCESSING A/S,2,0.00013333333333333334
attempt_last_bank_name,tuning,BANCA INTESA AD BEOGRAD,2,0.00013333333333333334
attempt_last_bank_name,tuning,1ST FINANCIAL BANK USA,2,0.00013333333333333334
attempt_last_bank_name,tuning,"AMICUS, F.S.B.",2,0.00013333333333333334
attempt_last_bank_name,tuning,HUNTINGTON NATIONAL BANK,2,0.00013333333333333334
attempt_last_bank_name,tuning,SONY BANK INCORPORATED,2,0.00013333333333333334
attempt_last_bank_name,tuning,"BANCO COOPERATIVO ESPANOL, S.A.",2,0.00013333333333333334
attempt_last_bank_name,tuning,ICBA BANCARD,2,0.00013333333333333334
attempt_last_bank_name,tuning,BANCO BILBAO VIZCAYA,2,0.00013333333333333334
attempt_last_bank_name,tuning,ANELIK BANK CJSC,2,0.00013333333333333334
attempt_last_bank_name,tuning,BANK OF SCOTlanD PLC,2,0.00013333333333333334
attempt_last_bank_name,tuning,"BANCO SANTANDER (BRASIL), S.A.",2,0.00013333333333333334
attempt_last_bank_name,tuning,UNICREDIT BANK HUNGARY ZRT.,2,0.00013333333333333334
attempt_last_bank_name,tuning,"BANCO DE VENEZUELA, S.A.",2,0.00013333333333333334
attempt_last_bank_name,tuning,"BANK OF CHINA, LTD.",2,0.00013333333333333334
attempt_last_bank_name,tuning,"BANCO SANTANDER RIO, S.A.",2,0.00013333333333333334
attempt_last_bank_name,tuning,ISYNERGY SDN. BHD.,2,0.00013333333333333334
attempt_last_bank_name,tuning,BORGUN H.F.,2,0.00013333333333333334
attempt_last_bank_name,tuning,"BB AND T FINANCIAL, F.S.B.",2,0.00013333333333333334
attempt_last_bank_name,tuning,AMERUS BANK,2,0.00013333333333333334
attempt_last_bank_name,tuning,NATIONAL EXCHANGE BANK AND TRUST,2,0.00013333333333333334
attempt_last_bank_name,tuning,R RAPHAEL AND SONS PLC,2,0.00013333333333333334
attempt_last_bank_name,tuning,GOLDEN 1 C.U.,2,0.00013333333333333334
attempt_last_bank_name,tuning,SPACE COAST C.U.,2,0.00013333333333333334
attempt_last_bank_name,tuning,DIE SPARKASSE IN BREMEN,2,0.00013333333333333334
attempt_last_bank_name,tuning,SAISON CARD INTERNATIONAL,2,0.00013333333333333334
attempt_last_bank_name,tuning,BANCO DE DESARROLLO RURAL S.A. BANRURAL,2,0.00013333333333333334
attempt_last_bank_name,tuning,REVOLUT PAYMENTS AUSTRALIA PTY LTD,2,0.00013333333333333334
attempt_last_bank_name,tuning,PUBLIC BANK BERHAD,2,0.00013333333333333334
attempt_last_bank_name,tuning,"SEYlan BANK, LTD.",2,0.00013333333333333334
attempt_last_bank_name,tuning,PARK NATIONAL BANK,2,0.00013333333333333334
attempt_last_bank_name,tuning,"WELLS FARGO BANK ARIZONA, N.A.",2,0.00013333333333333334
attempt_last_bank_name,tuning,Elan FINANCIAL SERVICES,2,0.00013333333333333334
attempt_last_bank_name,tuning,INTELIGENCIA EN FINANZAS SAPI DE CV,2,0.00013333333333333334
attempt_last_bank_name,tuning,NATIONAL BANK OF GREECE - TIRANA BRANCH,2,0.00013333333333333334
attempt_last_bank_name,tuning,ARAB BANKING CORPORATION (JORDAN),2,0.00013333333333333334
attempt_last_bank_name,tuning,GE MONEY BANK AG,2,0.00013333333333333334
attempt_last_bank_name,tuning,BANK OF COMMUNICATIONS/HSBC,2,0.00013333333333333334
attempt_last_bank_name,tuning,"INTERBANK, A.S.",2,0.00013333333333333334
attempt_last_bank_name,tuning,CREDIT IMMOBILIER ET HOTELIER,2,0.00013333333333333334
attempt_last_bank_name,tuning,"TOWN NORTH BANK, N.A.",2,0.00013333333333333334
attempt_last_bank_name,tuning,"CARIBBEAN COMMERCIAL BANK, LTD.",2,0.00013333333333333334
attempt_last_bank_name,tuning,UNION BALTIC BANK IN VENTSPILS,2,0.00013333333333333334
attempt_last_bank_name,tuning,KAUPTHING BANK SVERIGE AB,2,0.00013333333333333334
attempt_last_bank_name,tuning,BANK INTERNASIONAL INDONESIA,2,0.00013333333333333334
attempt_last_bank_name,tuning,BANK OF SCOTlanD,2,0.00013333333333333334
attempt_last_bank_name,tuning,"REPUBLIC BANK, LTD.",2,0.00013333333333333334
attempt_last_bank_name,tuning,ZIP NETWORK,2,0.00013333333333333334
attempt_last_bank_name,tuning,"BANCO POPULAR DOMINICANO - BANCO MULTIPLE, S.A.",2,0.00013333333333333334
attempt_last_bank_name,tuning,"BANCO CUSCATlan, S.A.",2,0.00013333333333333334
attempt_last_bank_name,tuning,UTAH OIL WORKERS' C.U.,2,0.00013333333333333334
attempt_last_bank_name,tuning,SOCIETE GENERALE DE BANQUES AU BENIN SGBBE,2,0.00013333333333333334
attempt_last_bank_name,tuning,ERSTE BANK AD NOVI SAD,2,0.00013333333333333334
attempt_last_bank_name,tuning,COMMUNITY BANK,2,0.00013333333333333334
attempt_last_bank_name,tuning,NATIONAL CITY BANK OF KENTUCKY,2,0.00013333333333333334
attempt_last_bank_name,tuning,LA POSTE,2,0.00013333333333333334
attempt_last_bank_name,tuning,"BANCO SANTANDER COLOMBIA, S.A.",2,0.00013333333333333334
attempt_last_bank_name,tuning,"MBNA EUROPE BANK, LTD.",2,0.00013333333333333334
attempt_last_bank_name,tuning,SAINSBURYS BANK PLC,2,0.00013333333333333334
attempt_last_bank_name,tuning,"MARSHALL BANK, N.A.",2,0.00013333333333333334
attempt_last_bank_name,tuning,PORTOSEG S.A. CREDITO FINANCIAMENTO E INVESTIMENTO,2,0.00013333333333333334
attempt_last_bank_name,tuning,BANCO PARIS,2,0.00013333333333333334
attempt_last_bank_name,tuning,SMW LOCAL 110 F.C.U.,2,0.00013333333333333334
attempt_last_bank_name,tuning,"PACIFICARD, S.A.",2,0.00013333333333333334
attempt_last_bank_name,tuning,"SAINT KITTS AND NEVIS-ANGUILLA NATIONAL BANK, LTD.",2,0.00013333333333333334
attempt_last_bank_name,tuning,VISA SWEDEN ASSOCIATION,2,0.00013333333333333334
attempt_last_bank_name,tuning,ZAGREBACKA BANKA BH D.D.,2,0.00013333333333333334
attempt_last_bank_name,tuning,GE CAPITAL CONSUMER CARD CO.,2,0.00013333333333333334
attempt_last_bank_name,tuning,PT. BANK NEGARA INDONESIA (PERSERO) TBK.,2,0.00013333333333333334
attempt_last_bank_name,tuning,DUBAI ISLAMIC BANK,2,0.00013333333333333334
attempt_last_bank_name,tuning,BANCO BRADESCARD S.A.,2,0.00013333333333333334
attempt_last_bank_name,tuning,CREDIT SUISSE,2,0.00013333333333333334
attempt_last_bank_name,tuning,ERSTE AND STEIERMARKISCHE BANK D.D.,2,0.00013333333333333334
attempt_last_bank_name,tuning,SILVER STATE SCHOOLS C.U.,2,0.00013333333333333334
attempt_last_bank_name,tuning,"SUNCORP-METWAY, LTD.",2,0.00013333333333333334
attempt_last_bank_name,tuning,BANK OF ILlanOIS,2,0.00013333333333333334
attempt_last_bank_name,tuning,NEW ENGlanD BANKCARD ASSOCIATION,2,0.00013333333333333334
attempt_last_bank_name,tuning,"BANCO COMERCIAL DE MACAU, S.A.",2,0.00013333333333333334
attempt_last_bank_name,tuning,XACBANK LLC,2,0.00013333333333333334
attempt_last_bank_name,tuning,"HARTFORD HEALTHCARE C.U., INC.",2,0.00013333333333333334
attempt_last_bank_name,tuning,AHLI BANK Q.S.C.,2,0.00013333333333333334
attempt_last_bank_name,tuning,ARVEST BANK,2,0.00013333333333333334
attempt_last_bank_name,tuning,MAX C.U.,2,0.00013333333333333334
attempt_last_bank_name,tuning,SAFE F.C.U.,2,0.00013333333333333334
attempt_last_bank_name,tuning,BANCO INBURSA S.A. INSTITUCION DE BANCA MULTIPLE GRUPO FINAN,2,0.00013333333333333334
attempt_last_bank_name,tuning,"BANCO DE GALICIA Y BUENOS AIRES, S.A.",2,0.00013333333333333334
attempt_last_bank_name,tuning,RAIFFEISEN BANK,2,0.00013333333333333334
attempt_last_bank_name,tuning,"BANCO DEL SUQUIA, S.A.",2,0.00013333333333333334
attempt_last_bank_name,tuning,WORKERS SAVINGS AND LOAN BANK,2,0.00013333333333333334
attempt_last_bank_name,tuning,SAN DIEGO PRIVATE BANK,2,0.00013333333333333334
attempt_last_bank_name,tuning,PUBLIC JSC RAIFFEISEN BANK AVAL,2,0.00013333333333333334
attempt_last_bank_name,tuning,CAJA RURAL PROVINCIAL DE ALMERIA,2,0.00013333333333333334
attempt_last_bank_name,tuning,HSBC BANK BRASIL S.A. - BANCO MULTIPLO,2,0.00013333333333333334
attempt_last_bank_name,tuning,ORIENT CORPORATION,2,0.00013333333333333334
attempt_last_bank_name,tuning,UNICREDIT BULBANK A.D.,2,0.00013333333333333334
attempt_last_bank_name,tuning,UNION COMMERCIAL BANK PLC,2,0.00013333333333333334
attempt_last_bank_name,tuning,"NOVA LJUBLJANSKA BANKA D.D., LJUBLJANA",2,0.00013333333333333334
attempt_last_bank_name,tuning,"SCOTIABANK INVERLAT, S.A.",2,0.00013333333333333334
attempt_last_bank_name,tuning,KOTAK MAHINDRA BANK,2,0.00013333333333333334
attempt_last_bank_name,tuning,METROBANK CARD CORPORATION,2,0.00013333333333333334
attempt_last_bank_name,tuning,"FIRST FINANCIAL BANK, N.A.",2,0.00013333333333333334
attempt_last_bank_name,tuning,BANCO CREDICOOP COOPERATIVO LTDO.,2,0.00013333333333333334
attempt_last_bank_name,tuning,SOCIETE MONETIQUE-TUNISIE,2,0.00013333333333333334
attempt_last_bank_name,tuning,"ING BANK, F.S.B.",2,0.00013333333333333334
attempt_last_bank_name,tuning,NATIONAL SOCIETE GENERALE BANK S.A.E.,2,0.00013333333333333334
attempt_last_bank_name,tuning,"BANCO DE CREDITO DE BOLIVIA, S.A.",2,0.00013333333333333334
attempt_last_bank_name,tuning,TRANSCREDITBANK,2,0.00013333333333333334
attempt_last_bank_name,tuning,JSCB SOYUZ,2,0.00013333333333333334
attempt_last_bank_name,tuning,NATIONAL COMMERCIAL BANK,2,0.00013333333333333334
attempt_last_bank_name,tuning,ZAMINBANK OJSC,2,0.00013333333333333334
attempt_last_bank_name,tuning,ALPINE BANK AND TRUST CO.,2,0.00013333333333333334
attempt_last_bank_name,tuning,K AND H BANK ZRT,2,0.00013333333333333334
attempt_last_bank_name,tuning,HUDSON'S BAY COMPANY,2,0.00013333333333333334
attempt_last_bank_name,tuning,HSBC BANK MIDDLE EAST,2,0.00013333333333333334
attempt_last_bank_name,tuning,NEWBRIDGE BANK,2,0.00013333333333333334
attempt_last_bank_name,tuning,PT. BANK DANAMON INDONESIA,2,0.00013333333333333334
attempt_last_bank_name,tuning,"BANCA COMERCIALA ROMANA, S.A.",2,0.00013333333333333334
attempt_last_bank_name,tuning,"BENDIGO AND ADELAIDE BANK, LTD.",2,0.00013333333333333334
attempt_last_bank_name,tuning,BB BANKCARD CORPORATION,2,0.00013333333333333334
attempt_last_bank_name,tuning,"""INDUSTRIAL CONSTRUCTION BANK"" CLOSED JOINT-STOCK COMPANY (ARDSHINBANK",2,0.00013333333333333334
attempt_last_bank_name,tuning,"BANCO COMERCIAL URUGUAI, S.A.",2,0.00013333333333333334
attempt_last_bank_name,tuning,BERlanER BANK AG,2,0.00013333333333333334
attempt_last_bank_name,tuning,SPAREBANKEN VEST,2,0.00013333333333333334
attempt_last_bank_name,tuning,SWITCHGATE CARIBBEAN LLC,2,0.00013333333333333334
attempt_last_bank_name,tuning,VERBAND DER SPARDA BANKEN E.V.,2,0.00013333333333333334
attempt_last_bank_name,tuning,SAUDI BRITISH BANK,2,0.00013333333333333334
attempt_last_bank_name,tuning,BOUBYAN BANK K.S.C.,2,0.00013333333333333334
attempt_last_bank_name,tuning,SANTANDER,2,0.00013333333333333334
attempt_last_bank_name,tuning,EUROBANK EFG BULGARIA A.D.,2,0.00013333333333333334
attempt_last_bank_name,tuning,"SOUTHTRUST BANK, N.A.",2,0.00013333333333333334
attempt_last_bank_name,tuning,CUETS FINANCIAL,2,0.00013333333333333334
attempt_last_bank_name,tuning,UNION BANK OF INDIA,2,0.00013333333333333334
attempt_last_bank_name,tuning,CAPITAL ONE BANK (CANADA BRANCH),2,0.00013333333333333334
attempt_last_bank_name,tuning,S AND T BANK,2,0.00013333333333333334
attempt_last_bank_name,tuning,"BANCO BRADESCO, S.A.",2,0.00013333333333333334
attempt_last_bank_name,tuning,SAMSUNG CARD CO.,2,0.00013333333333333334
attempt_last_bank_name,tuning,PUBLIC JSC JSB UKRGASBANK,2,0.00013333333333333334
attempt_last_bank_name,tuning,"NYCE PAYMENTS NETWORK, LLC",2,0.00013333333333333334
attempt_last_bank_name,tuning,FROST NATIONAL BANK,2,0.00013333333333333334
attempt_last_bank_name,tuning,SVYAZNOY BANK (JSC),2,0.00013333333333333334
attempt_last_bank_name,tuning,COMDIRECT BANK AG,2,0.00013333333333333334
attempt_last_bank_name,tuning,"STATE FINANCIAL BANK, N.A.",2,0.00013333333333333334
attempt_last_bank_name,tuning,UNITED OVERSEAS BANK (MALAYSIA) BERHAD,2,0.00013333333333333334
attempt_last_bank_name,tuning,INFIBANK,2,0.00013333333333333334
attempt_last_bank_name,tuning,SERVICE FEDERAL CREDIT UNION,2,0.00013333333333333334
attempt_last_bank_name,tuning,PENTAGON F.C.U.,2,0.00013333333333333334
attempt_last_bank_name,tuning,ZENITH BANK PLC,2,0.00013333333333333334
attempt_last_bank_name,tuning,"CREDIT AGRICOLE BANK POLSKA, S.A.",2,0.00013333333333333334
attempt_last_bank_name,tuning,"BANCO HSBC SALVADORENO, S.A.",2,0.00013333333333333334
attempt_last_bank_name,tuning,BANCO POPOLARE CROATIA D.D,2,0.00013333333333333334
attempt_last_bank_name,tuning,VISA AUSTRIA,2,0.00013333333333333334
attempt_last_bank_name,tuning,COMMERCIAL BANK OF DUBAI,2,0.00013333333333333334
attempt_last_bank_name,tuning,COlanIAL BANK,2,0.00013333333333333334
attempt_last_bank_name,tuning,"APLUS FINANCIAL CO., LTD.",2,0.00013333333333333334
attempt_last_bank_name,tuning,"BANCO FINANCIERA COMERCIAL HONDUREQA, S.A.",2,0.00013333333333333334
attempt_last_bank_name,tuning,"BANK ONE, N.A.",2,0.00013333333333333334
attempt_last_bank_name,tuning,STATE NATIONAL BANK OF CADDO MILLS,2,0.00013333333333333334
attempt_last_bank_name,tuning,"AMERICAN SAVINGS BANK, F.S.B.",2,0.00013333333333333334
attempt_last_bank_name,tuning,"BANCO BANSUD, S.A.",2,0.00013333333333333334
attempt_last_bank_name,tuning,EXTRA C.U.,2,0.00013333333333333334
attempt_last_bank_name,tuning,UNIVERSAL BANK,2,0.00013333333333333334
attempt_last_bank_name,tuning,KHAN BANK,2,0.00013333333333333334
attempt_last_bank_name,tuning,PREMIER AMERICA C.U.,2,0.00013333333333333334
attempt_last_bank_name,tuning,"CREDITO, S.A.",2,0.00013333333333333334
attempt_last_bank_name,tuning,BANK OF ISRAEL,2,0.00013333333333333334
attempt_last_bank_name,tuning,"COMPUTER SERVICES, INC.",2,0.00013333333333333334
attempt_last_bank_name,tuning,BANCO BILBAO VIZCAYA ARGENTARIA PUERTO RICO,2,0.00013333333333333334
attempt_last_bank_name,tuning,ONPOINT COMMUNITY C.U.,2,0.00013333333333333334
attempt_last_bank_name,tuning,EUROBANK  BULGARIA AD,2,0.00013333333333333334
attempt_last_bank_name,tuning,CHINA CITIC BANK,2,0.00013333333333333334
attempt_last_bank_name,tuning,"BANCO BRADESCO CARTOES, S.A.",2,0.00013333333333333334
attempt_last_bank_name,tuning,BPCE,2,0.00013333333333333334
attempt_last_bank_name,tuning,SAVINGS BANK OF THE RUSSIA (SBERBANK),2,0.00013333333333333334
attempt_last_bank_name,tuning,"BANK OF AMERICA, NATIONAL ASSOCIATION",2,0.00013333333333333334
attempt_last_bank_name,tuning,DANSKE BANK A/S,2,0.00013333333333333334
attempt_last_bank_name,tuning,BANCO BHIF,2,0.00013333333333333334
attempt_last_bank_name,tuning,COMPANHIA BRASILEIRA DE MEIOS DE PAGAMENTO,2,0.00013333333333333334
attempt_last_bank_name,tuning,AS SEB PANK,2,0.00013333333333333334
attempt_last_bank_name,tuning,CB MKB UNIONBANK A.D.,2,0.00013333333333333334
attempt_last_bank_name,tuning,"FIRST GLOBAL BANK, LTD.",2,0.00013333333333333334
attempt_last_bank_name,tuning,BANCO COOPERATIVO SICREDI S.A. BANSICREDI,2,0.00013333333333333334
attempt_last_bank_name,tuning,"UAB BANK, LTD.",2,0.00013333333333333334
attempt_last_bank_name,tuning,SPARKASSE BANK MAKEDONIJA AD SKOPJE,2,0.00013333333333333334
attempt_last_bank_name,tuning,FIRST NATIONAL BANK OF OMAHA,2,0.00013333333333333334
attempt_last_bank_name,tuning,"TMB BANK PUBLIC CO., LTD.",2,0.00013333333333333334
attempt_last_bank_name,tuning,ROYAL BANK OF SCOTlanD PLC,2,0.00013333333333333334
attempt_last_bank_name,tuning,CREDINS BANK SH.A.,2,0.00013333333333333334
attempt_last_bank_name,tuning,SOCIETE GENERALE DE BANQUES AU SENEGAL,2,0.00013333333333333334
attempt_last_bank_name,tuning,"BANCO ITAU PARAGUAY, S.A.",2,0.00013333333333333334
attempt_last_bank_name,tuning,PRVA BANKA CG A.D. - FOUNDED IN 1901,2,0.00013333333333333334
attempt_last_bank_name,tuning,HUDSON VALLEY F.C.U.,2,0.00013333333333333334
attempt_last_bank_name,tuning,"KIWIBANK, LTD.",2,0.00013333333333333334
attempt_last_bank_name,tuning,INTERNATIONAL BANK OF COMMERCE,2,0.00013333333333333334
attempt_last_bank_name,tuning,BANCO DE GALICIA Y BUENOS AIRES,2,0.00013333333333333334
attempt_last_bank_name,tuning,LATVIA SAVINGS BANK (LATVIA KRAJBANKA),2,0.00013333333333333334
attempt_last_bank_name,tuning,"INDUSTRIAL AND COMMERCIAL BANK OF CHINA, LTD.",2,0.00013333333333333334
attempt_last_bank_name,tuning,"BANCO RURAL, S.A.",2,0.00013333333333333334
attempt_last_bank_name,tuning,"PROVIDENT BANK AND TRUST OF BELIZE, LTD.",2,0.00013333333333333334
attempt_last_bank_name,tuning,PALMETTO BANK,2,0.00013333333333333334
attempt_last_bank_name,tuning,COMMUNITY FEDERAL SAVINGS BANK,2,0.00013333333333333334
attempt_last_bank_name,tuning,MISSION F.C.U.,2,0.00013333333333333334
attempt_last_bank_name,tuning,SWISS POST,2,0.00013333333333333334
attempt_last_bank_name,tuning,RAIFFEISEN SCHWEIZ GENOSSENSCHAFT,2,0.00013333333333333334
attempt_last_bank_name,tuning,METROBANK CARD CORPORATION (A FINANCE COMPANY),2,0.00013333333333333334
attempt_last_bank_name,tuning,FAA C.U.,2,0.00013333333333333334
attempt_last_bank_name,tuning,JSC MINSK TRANSIT BANK,2,0.00013333333333333334
attempt_last_bank_name,tuning,"CAPITAL ONE, N.A.",2,0.00013333333333333334
attempt_last_bank_name,tuning,NORDEA BANK NORGE ASA HK,2,0.00013333333333333334
attempt_last_bank_name,tuning,BANCO SECURITY,2,0.00013333333333333334
attempt_last_bank_name,tuning,"BANCO DEL AUSTRO, S.A.",2,0.00013333333333333334
attempt_last_bank_name,tuning,"CITIBANK USA, N.A.",2,0.00013333333333333334
attempt_last_bank_name,tuning,"FIRST UNION DIRECT BANK, N.A.",2,0.00013333333333333334
attempt_last_bank_name,tuning,MUNICIPAL C.U.,2,0.00013333333333333334
attempt_last_bank_name,tuning,ORCHARD BANK (HSBC GROUP),2,0.00013333333333333334
attempt_last_bank_name,tuning,"COMMERCIAL BANK OF DUBAI, LTD.",2,0.00013333333333333334
attempt_last_bank_name,tuning,"MICARD CO., LTD.",1,6.666666666666667e-05
attempt_last_bank_name,tuning,ITHAD BANK,1,6.666666666666667e-05
attempt_last_bank_name,tuning,"BANCO MERCANTIL DElanORTE, S.A. (DBA - BANORTE)",1,6.666666666666667e-05
attempt_last_bank_name,tuning,APPLE F.C.U.,1,6.666666666666667e-05
attempt_last_bank_name,tuning,DIAMOND C.U.,1,6.666666666666667e-05
attempt_last_bank_name,tuning,"RBC BANK, (GEORGIA) NATIONAL ASSOCIATION",1,6.666666666666667e-05
attempt_last_bank_name,tuning,"BANCO MULTIPLE SANTA CRUZ, S.A.",1,6.666666666666667e-05
attempt_last_bank_name,tuning,BANK SEVERNAYA KAZNA PUBLIC STOCK COMPANY,1,6.666666666666667e-05
attempt_last_bank_name,tuning,AIB BANK,1,6.666666666666667e-05
attempt_last_bank_name,tuning,AGOS S.P.A.,1,6.666666666666667e-05
attempt_last_bank_name,tuning,"BANCO DE OCCIDENTE, S.A.",1,6.666666666666667e-05
attempt_last_bank_name,tuning,"BDO UNIBANK, INC.",1,6.666666666666667e-05
attempt_last_bank_name,tuning,"BANK OF QUEENSlanD, LTD.",1,6.666666666666667e-05
attempt_last_bank_name,tuning,"HVB BANK CZECHIA, A.S.",1,6.666666666666667e-05
attempt_last_bank_name,tuning,ELI LILLY F.C.U.,1,6.666666666666667e-05
attempt_last_bank_name,tuning,WESTERN F.C.U.,1,6.666666666666667e-05
attempt_last_bank_name,tuning,CONVERSE BANK CORPORATION,1,6.666666666666667e-05
attempt_last_bank_name,tuning,JSCB PROBUSINESSBANK OJSC,1,6.666666666666667e-05
attempt_last_bank_name,tuning,PULSE EFT ASSOCIATION,1,6.666666666666667e-05
attempt_last_bank_name,tuning,BRITISH AIRWAYS,1,6.666666666666667e-05
attempt_last_bank_name,tuning,DELTA COMMUNITY C.U.,1,6.666666666666667e-05
attempt_last_bank_name,tuning,BANCO ITAU CHILE,1,6.666666666666667e-05
attempt_last_bank_name,tuning,"FIRST, N.A.",1,6.666666666666667e-05
attempt_last_bank_name,tuning,lanDESBANK BADEN-WUERTTEMBERG,1,6.666666666666667e-05
attempt_last_bank_name,tuning,lanE STAR NATIONAL BANK,1,6.666666666666667e-05
attempt_last_bank_name,tuning,"PSCU FINANCIAL SERVICES, INC.",1,6.666666666666667e-05
attempt_last_bank_name,tuning,"EXIM BANK TANZANIA, LTD.",1,6.666666666666667e-05
attempt_last_bank_name,tuning,JSC CARTU BANK,1,6.666666666666667e-05
attempt_last_bank_name,tuning,COMERICA BANK,1,6.666666666666667e-05
attempt_last_bank_name,tuning,JPMORGAN CHASE BANK N.A. - DEBIT,1,6.666666666666667e-05
attempt_last_bank_name,tuning,UNION BANK AND TRUST COMPANY,1,6.666666666666667e-05
attempt_last_bank_name,tuning,AEROPlan (AIR CANADA),1,6.666666666666667e-05
attempt_last_bank_name,tuning,QUALSTAR C.U.,1,6.666666666666667e-05
attempt_last_bank_name,tuning,UBS AG (UNION BANK OF SWITZERlanD),1,6.666666666666667e-05
attempt_last_bank_name,tuning,BANCO DE CREDITO Y DESARROLLO SOCIAL MEGABANCO S.A. - (MEGABANCO S.A.),1,6.666666666666667e-05
attempt_last_bank_name,tuning,LIBERTY BANK,1,6.666666666666667e-05
attempt_last_bank_name,tuning,INDIANA UNIVERSITY C.U.,1,6.666666666666667e-05
attempt_last_bank_name,tuning,"BANCO POPULAR ESPANOL, S.A.",1,6.666666666666667e-05
attempt_last_bank_name,tuning,"BANCO CONTINENTAL DE PANAMA, S.A.",1,6.666666666666667e-05
attempt_last_bank_name,tuning,BANCO DE FINANZAS E INVERSIONES S.A. (FIBANC),1,6.666666666666667e-05
attempt_last_bank_name,tuning,BARCLAY BANK,1,6.666666666666667e-05
attempt_last_bank_name,tuning,LLOYDS TSB AIRMILES,1,6.666666666666667e-05
attempt_last_bank_name,tuning,"UNICREDIT TIRIAC BANK, S.A.",1,6.666666666666667e-05
attempt_last_bank_name,tuning,"BANCO SAFRA, S.A.",1,6.666666666666667e-05
attempt_last_bank_name,tuning,INDUSTRIAL AND COMMERCIAL BANK OF CHINA,1,6.666666666666667e-05
attempt_last_bank_name,tuning,NORGREN EMPLOYEES F.C.U.,1,6.666666666666667e-05
attempt_last_bank_name,tuning,CHARTER ONE BANK,1,6.666666666666667e-05
attempt_last_bank_name,tuning,TBI CREDIT EAD,1,6.666666666666667e-05
attempt_last_bank_name,tuning,ALPHA BANK,1,6.666666666666667e-05
attempt_last_bank_name,tuning,"E. SUN COMMERCIAL BANK CO., LTD.",1,6.666666666666667e-05
attempt_last_bank_name,tuning,PAYLIFE BANK GMBH,1,6.666666666666667e-05
attempt_last_bank_name,tuning,"SERVICIOS FINANCIEROS CARREFOUR, ESTABLECIMIENTO",1,6.666666666666667e-05
attempt_last_bank_name,tuning,"SKYE BANK (GAMBIA), LTD.",1,6.666666666666667e-05
attempt_last_bank_name,tuning,SOUTHWEST CARD ASSOCIATION,1,6.666666666666667e-05
attempt_last_bank_name,tuning,UKRAINSKY PROMYSLOVY BANK LIMITED LIABILITY COMPANY,1,6.666666666666667e-05
attempt_last_bank_name,tuning,"GE CAPITAL BANK, LTD.",1,6.666666666666667e-05
attempt_last_bank_name,tuning,DEL CENTRO ENTIDAD DE AHORRO Y PRESTAMO,1,6.666666666666667e-05
attempt_last_bank_name,tuning,EQUITABLE F.C.U.,1,6.666666666666667e-05
attempt_last_bank_name,tuning,BANK OF SUSSEX AND SURRY,1,6.666666666666667e-05
attempt_last_bank_name,tuning,"ECOBANK GHANA, LTD.",1,6.666666666666667e-05
attempt_last_bank_name,tuning,FIRST INVESTMENT BANK,1,6.666666666666667e-05
attempt_last_bank_name,tuning,"NIPPON SHINPAN CO., LTD.",1,6.666666666666667e-05
attempt_last_bank_name,tuning,DZ BANK AG DEUTSCHE ZENTRAL-GENOSSENSCHAFTSBANK,1,6.666666666666667e-05
attempt_last_bank_name,tuning,"BANCO BHD, S.A.",1,6.666666666666667e-05
attempt_last_bank_name,tuning,"CONTINENTAL DE CREDITOS, S.A.",1,6.666666666666667e-05
attempt_last_bank_name,tuning,NATIONAL BANK OF BAHRAIN B. S. C.,1,6.666666666666667e-05
attempt_last_bank_name,tuning,"INDUE, LTD.",1,6.666666666666667e-05
attempt_last_bank_name,tuning,Bank of Georgia,1,6.666666666666667e-05
attempt_last_bank_name,tuning,CHINESE AMERICAN BANK,1,6.666666666666667e-05
attempt_last_bank_name,tuning,MANUFACTURERS AND TRADERS TRUST COMPANY,1,6.666666666666667e-05
attempt_last_bank_name,tuning,"ATH DOMINICANA, S.A.",1,6.666666666666667e-05
attempt_last_bank_name,tuning,HUDSON UNITED BANK,1,6.666666666666667e-05
attempt_last_bank_name,tuning,PJSC TRUSTBANK,1,6.666666666666667e-05
attempt_last_bank_name,tuning,UNITED MIZRAHI BANK,1,6.666666666666667e-05
attempt_last_bank_name,tuning,CAISSE NATIONALE DE CREDIT AGRICOLE,1,6.666666666666667e-05
attempt_last_bank_name,tuning,BANK OF AAlanD LTD. (AAlanDSBANKEN AB),1,6.666666666666667e-05
attempt_last_bank_name,tuning,BANK AL JAZIRA,1,6.666666666666667e-05
attempt_last_bank_name,tuning,SECURITY BANK CORPORATION,1,6.666666666666667e-05
attempt_last_bank_name,tuning,"BANK INICJATYW SPOLECZNO-EKONOMICZNYCH, S.A.",1,6.666666666666667e-05
attempt_last_bank_name,tuning,"SBI CARDS AND PAYMENT SERVICES PTE, LTD.",1,6.666666666666667e-05
attempt_last_bank_name,tuning,UTAH COMMUNITY F.C.U.,1,6.666666666666667e-05
attempt_last_bank_name,tuning,HSBC(UK),1,6.666666666666667e-05
attempt_last_bank_name,tuning,SOCIETE GENERALE DE BANQUES AU CAMEROUN,1,6.666666666666667e-05
attempt_last_bank_name,tuning,KAPITAL BANK,1,6.666666666666667e-05
attempt_last_bank_name,tuning,"OMC CARD, INC.",1,6.666666666666667e-05
attempt_last_bank_name,tuning,GE CAPITAL FINANCE AUSTRALIA,1,6.666666666666667e-05
attempt_last_bank_name,tuning,BANCO TRIANGULO S/A,1,6.666666666666667e-05
attempt_last_bank_name,tuning,STERlanG SAVINGS BANK,1,6.666666666666667e-05
attempt_last_bank_name,tuning,CREDIT AGRICOLE DU MAROC,1,6.666666666666667e-05
attempt_last_bank_name,tuning,FIRST CENTRAL BANK,1,6.666666666666667e-05
attempt_last_bank_name,tuning,INDEPENDENT BANK,1,6.666666666666667e-05
attempt_last_bank_name,tuning,CALIFORNIA COAST C.U.,1,6.666666666666667e-05
attempt_last_bank_name,tuning,CAJA DE AHORROS DE MADRID (CAJA MADRID),1,6.666666666666667e-05
attempt_last_bank_name,tuning,MAZUMA C.U.,1,6.666666666666667e-05
attempt_last_bank_name,tuning,EUROPAY 6000,1,6.666666666666667e-05
attempt_last_bank_name,tuning,FARMERS BANK AND TRUST COMPANY,1,6.666666666666667e-05
attempt_last_bank_name,tuning,STANDARD FEDERAL BANK,1,6.666666666666667e-05
attempt_last_bank_name,tuning,"BANCO INTERNACIONAL DE MOCAMBIQUE, S.A.R.L.",1,6.666666666666667e-05
attempt_last_bank_name,tuning,IQ C.U.,1,6.666666666666667e-05
attempt_last_bank_name,tuning,BAIDURI BANK BHD,1,6.666666666666667e-05
attempt_last_bank_name,tuning,JSB KAZKOMMERTSBANK,1,6.666666666666667e-05
attempt_last_bank_name,tuning,FIRST NATIONAL BANK OF AMHERST,1,6.666666666666667e-05
attempt_last_bank_name,tuning,PEOPLES C.U.,1,6.666666666666667e-05
attempt_last_bank_name,tuning,ARKANSAS COUNTY BANK,1,6.666666666666667e-05
attempt_last_bank_name,tuning,FIRST LIBERTY BANK,1,6.666666666666667e-05
attempt_last_bank_name,tuning,CREDIT UNION OF TEXAS,1,6.666666666666667e-05
attempt_last_bank_name,tuning,ARIZONA STATE C.U.,1,6.666666666666667e-05
attempt_last_bank_name,tuning,"BANCO LAFISE BANCENTRO, S.A.",1,6.666666666666667e-05
attempt_last_bank_name,tuning,BANCO NACIONAL DE COSTA RICA,1,6.666666666666667e-05
attempt_last_bank_name,tuning,"BANQUE INVIK, S.A.",1,6.666666666666667e-05
attempt_last_bank_name,tuning,GERMANTOWN FEDERAL SAVINGS BANK,1,6.666666666666667e-05
attempt_last_bank_name,tuning,CAJA DE ARQUITECTOS,1,6.666666666666667e-05
attempt_last_bank_name,tuning,FIRST BANKING CENTER - BURlanGTON,1,6.666666666666667e-05
attempt_last_bank_name,tuning,BANK OF COMMUNICATIONS,1,6.666666666666667e-05
attempt_last_bank_name,tuning,TRUMARK FINANCIAL C.U.,1,6.666666666666667e-05
attempt_last_bank_name,tuning,FLEET NATIONAL BANK,1,6.666666666666667e-05
attempt_last_bank_name,tuning,CURVE UK LIMITED,1,6.666666666666667e-05
attempt_last_bank_name,tuning,"VALES INTERCONTINENTALES, S.A.",1,6.666666666666667e-05
attempt_last_bank_name,tuning,BANK OF ANTIGUA,1,6.666666666666667e-05
attempt_last_bank_name,tuning,"BANCO BOLIVARIANO, C.A.",1,6.666666666666667e-05
attempt_last_bank_name,tuning,"DATA CENTER, INC.",1,6.666666666666667e-05
attempt_last_bank_name,tuning,UNIVERSITY NATIONAL BANK,1,6.666666666666667e-05
attempt_last_bank_name,tuning,UNION GABONAISE DE BANQUES,1,6.666666666666667e-05
attempt_last_bank_name,tuning,"CU COOPERATIVE SYSTEMS, LLC",1,6.666666666666667e-05
attempt_last_bank_name,tuning,"JOINT STOCK COMPANY ""UNEX BANK""",1,6.666666666666667e-05
attempt_last_bank_name,tuning,BANK OF BIRMINGHAM,1,6.666666666666667e-05
attempt_last_bank_name,tuning,"NORTHERN TRUST BANK OF FLORIDA, N.A.",1,6.666666666666667e-05
attempt_last_bank_name,tuning,CAJA LABORAL POPULAR DE MONDRAGON,1,6.666666666666667e-05
attempt_last_bank_name,tuning,UNIVERSITY OF WISCONSIN C.U.,1,6.666666666666667e-05
attempt_last_bank_name,tuning,PRISMA MEDIOS DE PAGO SA,1,6.666666666666667e-05
attempt_last_bank_name,tuning,AREXIMBANK-GAZPROMBANK GROUP CJSC,1,6.666666666666667e-05
attempt_last_bank_name,tuning,BANCA DE ECONOMII,1,6.666666666666667e-05
attempt_last_bank_name,tuning,"SBI SUMISHIN NET BANK, LTD.",1,6.666666666666667e-05
attempt_last_bank_name,tuning,U OF P F.C.U.,1,6.666666666666667e-05
attempt_last_bank_name,tuning,"BARNETT BANK, N.A.",1,6.666666666666667e-05
attempt_last_bank_name,tuning,"BARCLAYS BANK OF BOTSWANA, LTD.",1,6.666666666666667e-05
attempt_last_bank_name,tuning,HUNTINGTON SCHOOLS F.C.U.,1,6.666666666666667e-05
attempt_last_bank_name,tuning,HELLENIC BANK,1,6.666666666666667e-05
attempt_last_bank_name,tuning,SEABOARD C.U.,1,6.666666666666667e-05
attempt_last_bank_name,tuning,NEW YORK COMMUNITY BANK,1,6.666666666666667e-05
attempt_last_bank_name,tuning,"BANCO DEL BAJIO, S.A.",1,6.666666666666667e-05
attempt_last_bank_name,tuning,"CREDICARD, S.A.",1,6.666666666666667e-05
attempt_last_bank_name,tuning,THE SAUDI NATIONAL BANK,1,6.666666666666667e-05
attempt_last_bank_name,tuning,MBANK S.A.,1,6.666666666666667e-05
attempt_last_bank_name,tuning,SETEFI S.P.A.,1,6.666666666666667e-05
attempt_last_bank_name,tuning,"BANK OF AYUDHYA PUBLIC CO., LTD.",1,6.666666666666667e-05
attempt_last_bank_name,tuning,CJSC CB RUSSIAN INDUSTRIAL BANK,1,6.666666666666667e-05
attempt_last_bank_name,tuning,SAMPO PANKKI OYJ / SAMPO BANK PLC,1,6.666666666666667e-05
attempt_last_bank_name,tuning,"RAIFFEISEN BANK, LTD.",1,6.666666666666667e-05
attempt_last_bank_name,tuning,BANCO DO ESTADO DO RIO GRANDE DO SUL S/A,1,6.666666666666667e-05
attempt_last_bank_name,tuning,"CU COOPERATIVE SYSTEMS, INC.",1,6.666666666666667e-05
attempt_last_bank_name,tuning,BAXTER C.U.,1,6.666666666666667e-05
attempt_last_bank_name,tuning,ALLIANCE AND LEICESTER PLC,1,6.666666666666667e-05
attempt_last_bank_name,tuning,"BANCO CITIBANK DE GUATEMALA, S.A.",1,6.666666666666667e-05
attempt_last_bank_name,tuning,LLOYDS BANK PLC,1,6.666666666666667e-05
attempt_last_bank_name,tuning,CHINESE BANK,1,6.666666666666667e-05
attempt_last_bank_name,tuning,CLEARING HOUSE JSB,1,6.666666666666667e-05
attempt_last_bank_name,tuning,MBF CARDS (M'SIA) SDN BHD,1,6.666666666666667e-05
attempt_last_bank_name,tuning,BANCO INTERNACIONAL,1,6.666666666666667e-05
attempt_last_bank_name,tuning,FIRST PREMIER BANK - OBOPAY,1,6.666666666666667e-05
attempt_last_bank_name,tuning,"BANGKOK BANK PUBLIC CO., LTD.",1,6.666666666666667e-05
attempt_last_bank_name,tuning,FIRST STATE BANK,1,6.666666666666667e-05
attempt_last_bank_name,tuning,GE MONEY BANK,1,6.666666666666667e-05
attempt_last_bank_name,tuning,CITIBANK - COLOMBIA,1,6.666666666666667e-05
attempt_last_bank_name,tuning,TD WATERHOUSE BANK,1,6.666666666666667e-05
attempt_last_bank_name,tuning,"ANZ BANK, LTD.",1,6.666666666666667e-05
attempt_last_bank_name,tuning,JSC HALYK SAVINGS BANK OF KAZAKHSTAN,1,6.666666666666667e-05
attempt_last_bank_name,tuning,SMOlanSKIY BANK LTD. LIABILITY COMPANY,1,6.666666666666667e-05
attempt_last_bank_name,tuning,"BANCO CETELEM, S.A.",1,6.666666666666667e-05
attempt_last_bank_name,tuning,"MELlan BANK, N.A.",1,6.666666666666667e-05
attempt_last_bank_name,tuning,EDS C.U.,1,6.666666666666667e-05
attempt_last_bank_name,tuning,"BANKCARD SERVICE JAPAN CO., LTD.",1,6.666666666666667e-05
attempt_last_bank_name,tuning,CREDIT URAL BANK,1,6.666666666666667e-05
attempt_last_bank_name,tuning,BANSUPERIOR,1,6.666666666666667e-05
attempt_last_bank_name,tuning,BANK SINOPAC,1,6.666666666666667e-05
attempt_last_bank_name,tuning,STATE OF (COUNTRY CODE: PSE),1,6.666666666666667e-05
attempt_last_bank_name,tuning,JORDAN AHLI BANK,1,6.666666666666667e-05
attempt_last_bank_name,tuning,AMERICANWEST BANK,1,6.666666666666667e-05
attempt_last_bank_name,tuning,PRUDENTIAL BANK AND TRUST COMPANY,1,6.666666666666667e-05
attempt_last_bank_name,tuning,"TRIPLINK INTERNATIONAL CO.,LIMITED",1,6.666666666666667e-05
attempt_last_bank_name,tuning,"SCOTIABANK EL SALVADOR, S.A.",1,6.666666666666667e-05
attempt_last_bank_name,tuning,"HYPO BANK POLSKA, S.A.",1,6.666666666666667e-05
attempt_last_bank_name,tuning,BARWA BANK,1,6.666666666666667e-05
attempt_last_bank_name,tuning,"BANCO FININVEST, S.A.",1,6.666666666666667e-05
attempt_last_bank_name,tuning,BANCO CACIQUE,1,6.666666666666667e-05
attempt_last_bank_name,tuning,FALCON INTERNATIONAL BANK,1,6.666666666666667e-05
attempt_last_bank_name,tuning,"PECUNIA CARDS E.D.E., S.L.U.",1,6.666666666666667e-05
attempt_last_bank_name,tuning,"BANK OF CYPRUS PUBLIC CO., LTD.",1,6.666666666666667e-05
attempt_last_bank_name,tuning,PT. ANZ PANIN BANK,1,6.666666666666667e-05
attempt_last_bank_name,tuning,"BANCO INTERCONTINENTAL, S.A.",1,6.666666666666667e-05
attempt_last_bank_name,tuning,"HELlanIC BANK PUBLIC CO., LTD.",1,6.666666666666667e-05
attempt_last_bank_name,tuning,CONNEXUS C.U.,1,6.666666666666667e-05
attempt_last_bank_name,tuning,EXCEL BANK,1,6.666666666666667e-05
attempt_last_bank_name,tuning,DZI BANK,1,6.666666666666667e-05
attempt_last_bank_name,tuning,MATTEL F.C.U.,1,6.666666666666667e-05
attempt_last_bank_name,tuning,BANKA KOMBETARE TREGTARE SH.A.,1,6.666666666666667e-05
attempt_last_bank_name,tuning,BANCO BPI,1,6.666666666666667e-05
attempt_last_bank_name,tuning,"NEDCOR BANK, LTD.",1,6.666666666666667e-05
attempt_last_bank_name,tuning,"APS BANK, LTD.",1,6.666666666666667e-05
attempt_last_bank_name,tuning,RIZAL COMMERCIAL BANKING CORPORATION,1,6.666666666666667e-05
attempt_last_bank_name,tuning,FIRST BANK,1,6.666666666666667e-05
attempt_last_bank_name,tuning,"BANCO BAC SAN JOSE, S.A.",1,6.666666666666667e-05
attempt_last_bank_name,tuning,"L.G. CREDIT CARD CO., LTD.",1,6.666666666666667e-05
attempt_last_bank_name,tuning,GROSSMONT BANK,1,6.666666666666667e-05
attempt_last_bank_name,tuning,CAJA RURAL PROVINCIAL DE MALAGA,1,6.666666666666667e-05
attempt_last_bank_name,tuning,MOUNTAIN VIEW C.U.,1,6.666666666666667e-05
attempt_last_bank_name,tuning,TRINIDAD AND TOBAGO UNIT TRUST CORPORATION,1,6.666666666666667e-05
attempt_last_bank_name,tuning,POMELO FINTECH SERVICES SAS,1,6.666666666666667e-05
attempt_last_bank_name,tuning,"COMMERCIAL BANK TRANSPORTNY INVESTITIONAL BANK, LTD.",1,6.666666666666667e-05
attempt_last_bank_name,tuning,MEMBERS C.U.,1,6.666666666666667e-05
attempt_last_bank_name,tuning,"SKYE BANK GUINEA, S.A.",1,6.666666666666667e-05
attempt_last_bank_name,tuning,"BANCO ELCA, S.A.",1,6.666666666666667e-05
attempt_last_bank_name,tuning,STANDARD CHARTERED BANK MALAYSIA BERHAD,1,6.666666666666667e-05
attempt_last_bank_name,tuning,"BANCO INTERNACIONAL INTERBANK, C.A.",1,6.666666666666667e-05
attempt_last_bank_name,tuning,NLB MONTENEGROBANK A.D. PODGORICA,1,6.666666666666667e-05
attempt_last_bank_name,tuning,CITIFINANCIAL EUROPE PLC,1,6.666666666666667e-05
attempt_last_bank_name,tuning,ISTITUTO CENTRALE DELLE BANCHE DI CREDITO COOPERATIVO,1,6.666666666666667e-05
attempt_last_bank_name,tuning,BANK CARD COMPANY,1,6.666666666666667e-05
attempt_last_bank_name,tuning,ITAU,1,6.666666666666667e-05
attempt_last_bank_name,tuning,PUBLIC CORPORATION EKATERINBURG MUNICIPAL BANK (PC BANK EKAT,1,6.666666666666667e-05
attempt_last_bank_name,tuning,FIRST ABU DHABI BANK PJSC,1,6.666666666666667e-05
attempt_last_bank_name,tuning,SPAREKASSEN I SKALS,1,6.666666666666667e-05
attempt_last_bank_name,tuning,NATIONAL BANK OF BAHRAIN,1,6.666666666666667e-05
attempt_last_bank_name,tuning,OPERATING ENGINEERS LOCAL #3 F.C.U.,1,6.666666666666667e-05
attempt_last_bank_name,tuning,BANCA TURCO ROMANA S.A.,1,6.666666666666667e-05
attempt_last_bank_name,tuning,"IBAA BANCARD, INC.",1,6.666666666666667e-05
attempt_last_bank_name,tuning,PRIORBANK JSC,1,6.666666666666667e-05
attempt_last_bank_name,tuning,"ADVANCED BANK OF ASIA, LTD.",1,6.666666666666667e-05
attempt_last_bank_name,tuning,"HARRIS, N.A.",1,6.666666666666667e-05
attempt_last_bank_name,tuning,"SANTA BARBARA BANK AND TRUST, N.A.",1,6.666666666666667e-05
attempt_last_bank_name,tuning,"BANCO FALABELLA PERU, S.A.",1,6.666666666666667e-05
attempt_last_bank_name,tuning,CREDIT DU NORD,1,6.666666666666667e-05
attempt_last_bank_name,tuning,FIRST USA BANK,1,6.666666666666667e-05
attempt_last_bank_name,tuning,BANQUE INTERNATIONALE POUR LAFRIQUE OCCIDENTALE - BIAO,1,6.666666666666667e-05
attempt_last_bank_name,tuning,FIRST NATIONAL BANK OF ATlanTA,1,6.666666666666667e-05
attempt_last_bank_name,tuning,QATAR NATIONAL BANK,1,6.666666666666667e-05
attempt_last_bank_name,tuning,"ALBARAKA TURK KATILIM BANKASI, A.S.",1,6.666666666666667e-05
attempt_last_bank_name,tuning,OTP BANK NYRT.,1,6.666666666666667e-05
attempt_last_bank_name,tuning,"SCBT, N.A.",1,6.666666666666667e-05
attempt_last_bank_name,tuning,SOCIETE GENERALE - SPLITSKA BANKA D.D.,1,6.666666666666667e-05
attempt_last_bank_name,tuning,BANK AUSTRIA,1,6.666666666666667e-05
attempt_last_bank_name,tuning,"BANCO AGRICOLA, S.A.",1,6.666666666666667e-05
attempt_last_bank_name,tuning,PJSC UKRSOTSBANK,1,6.666666666666667e-05
attempt_last_bank_name,tuning,SECURITY SERVICE F.C.U.,1,6.666666666666667e-05
attempt_last_bank_name,tuning,BANCA SELLA HOLDING S.P.A.,1,6.666666666666667e-05
attempt_last_bank_name,tuning,JSC SEB BANKA,1,6.666666666666667e-05
attempt_last_bank_name,tuning,SCHOOLSFIRST F.C.U.,1,6.666666666666667e-05
attempt_last_bank_name,tuning,RENASANT BANK,1,6.666666666666667e-05
attempt_last_bank_name,tuning,BANCO ESPANOL DE CREDITO S.A. (BANESTO),1,6.666666666666667e-05
attempt_last_bank_name,tuning,ADAMS COUNTY NATIONAL BANK,1,6.666666666666667e-05
attempt_last_bank_name,tuning,"POCA VALLEY BANK, INC.",1,6.666666666666667e-05
attempt_last_bank_name,tuning,IPAR KUTXA RURAL,1,6.666666666666667e-05
attempt_last_bank_name,tuning,SIMMONS FIRST NATIONAL BANK,1,6.666666666666667e-05
attempt_last_bank_name,tuning,SILICON VALLEY BANK,1,6.666666666666667e-05
attempt_last_bank_name,tuning,CTCE F.C.U.,1,6.666666666666667e-05
attempt_last_bank_name,tuning,COMMERZBANK AG,1,6.666666666666667e-05
attempt_last_bank_name,tuning,FIRST-CITIZENS BANK AND TRUST COMPANY,1,6.666666666666667e-05
attempt_last_bank_name,tuning,TESCO PERSONAL FINANCE LIMITED,1,6.666666666666667e-05
attempt_last_bank_name,tuning,UNION BANK COMPANY,1,6.666666666666667e-05
attempt_last_bank_name,tuning,BANCO SOFITASA,1,6.666666666666667e-05
attempt_last_bank_name,tuning,BANCO CREDITO INVERSIONES,1,6.666666666666667e-05
attempt_last_bank_name,tuning,CENTRAL PROFIT BANKA D.D. SARAJEVO,1,6.666666666666667e-05
attempt_last_bank_name,tuning,"LIBRA BANK, S.A.",1,6.666666666666667e-05
attempt_last_bank_name,tuning,FIRST NORTHERN C.U.,1,6.666666666666667e-05
attempt_last_bank_name,tuning,"COMMERCE BANCSHARES, INC.",1,6.666666666666667e-05
attempt_last_bank_name,tuning,B@NCA 24-7 S.P.A.,1,6.666666666666667e-05
attempt_last_bank_name,tuning,OLD NATIONAL BANK,1,6.666666666666667e-05
attempt_last_bank_name,tuning,UTAH POWER C.U.,1,6.666666666666667e-05
attempt_last_bank_name,tuning,JEJU BANK,1,6.666666666666667e-05
attempt_last_bank_name,tuning,ERSTE BANK DER OSTERREICHISCHEN SPARKASSEN AG,1,6.666666666666667e-05
attempt_last_bank_name,tuning,CITIBANK PRIVATKUNDEN AG AND CO KGAA,1,6.666666666666667e-05
attempt_last_bank_name,tuning,"YUANTA COMMERCIAL BANK CO., LTD.",1,6.666666666666667e-05
attempt_last_bank_name,tuning,"IDT FINANCIAL SERVICES, LTD.",1,6.666666666666667e-05
attempt_last_bank_name,tuning,CO-OPERATIVE BANK PLC,1,6.666666666666667e-05
attempt_last_bank_name,tuning,VJA,1,6.666666666666667e-05
attempt_last_bank_name,tuning,CRNOGORSKA KOMERCIJALNA BANKA AD PODGORICA,1,6.666666666666667e-05
attempt_last_bank_name,tuning,ELEVATIONS C.U.,1,6.666666666666667e-05
attempt_last_bank_name,tuning,AFFINITY F.C.U.,1,6.666666666666667e-05
attempt_last_bank_name,tuning,PJSC COMMERCIAL INDUSTRIAL BANK,1,6.666666666666667e-05
attempt_last_bank_name,tuning,YUG-INVESTBANK JSB,1,6.666666666666667e-05
attempt_last_bank_name,tuning,"BCC CORPORATE, N.V.",1,6.666666666666667e-05
attempt_last_bank_name,tuning,BANINTER AND TRUST COMPANY,1,6.666666666666667e-05
attempt_last_bank_name,tuning,"HOUSEHOLD BANK, F.S.B.",1,6.666666666666667e-05
attempt_last_bank_name,tuning,"CAJA DE AHORROS DE GALICIA, VIGO, ORENSE Y PONTEVEDRA",1,6.666666666666667e-05
attempt_last_bank_name,tuning,"BANK MIDWEST, N.A.",1,6.666666666666667e-05
attempt_last_bank_name,tuning,PT BANK MEGA TBK.,1,6.666666666666667e-05
attempt_last_bank_name,tuning,"STANFORD BANK (PANAMA), S.A.",1,6.666666666666667e-05
attempt_last_bank_name,tuning,BNP PARIBAS S.A.E.,1,6.666666666666667e-05
attempt_last_bank_name,tuning,SOUTHERN STATES BANK,1,6.666666666666667e-05
attempt_last_bank_name,tuning,"CORESTATES BANK, N.A.",1,6.666666666666667e-05
attempt_last_bank_name,tuning,CITICORP,1,6.666666666666667e-05
attempt_last_bank_name,tuning,"KYUSHU CARD CO., LTD.",1,6.666666666666667e-05
attempt_last_bank_name,tuning,COMPASS BANK,1,6.666666666666667e-05
attempt_last_bank_name,tuning,"DBS BANK (HONG KONG), LTD.",1,6.666666666666667e-05
attempt_last_bank_name,tuning,SCOTIABANK,1,6.666666666666667e-05
attempt_last_bank_name,tuning,"BANGKOK BANK PUBLIC COMPANY, LTD.",1,6.666666666666667e-05
attempt_last_bank_name,tuning,OMNIAMERICAN F.C.U.,1,6.666666666666667e-05
attempt_last_bank_name,tuning,"DC CARD COMPANY, LTD.",1,6.666666666666667e-05
attempt_last_bank_name,tuning,"MONEY CARD ASSOCIATION PR LEAGUE, INC.",1,6.666666666666667e-05
attempt_last_bank_name,tuning,"BANCO DE LA PROVINCIA DE CORDOBA, S.A.",1,6.666666666666667e-05
attempt_last_bank_name,tuning,EUROPEAN AMERICAN BANK,1,6.666666666666667e-05
attempt_last_bank_name,tuning,"RABOBANK, N.A.",1,6.666666666666667e-05
attempt_last_bank_name,tuning,PJSC ZLATOBANK,1,6.666666666666667e-05
attempt_last_bank_name,tuning,DUPONT COMMUNITY C.U.,1,6.666666666666667e-05
attempt_last_bank_name,tuning,"TARJETAS CUSCATlan, S.A.",1,6.666666666666667e-05
attempt_last_bank_name,tuning,INTER NATIONAL BANK,1,6.666666666666667e-05
attempt_last_bank_name,tuning,"ABSA BANK, LTD.",1,6.666666666666667e-05
attempt_last_bank_name,tuning,PARTNERS F.C.U.,1,6.666666666666667e-05
attempt_last_bank_name,tuning,WASHINGTON TRUST BANK,1,6.666666666666667e-05
attempt_last_bank_name,tuning,BANCO DO ESTADO DO RIO GRANDE DO SUL S.A. (BANRISUL S.A.),1,6.666666666666667e-05
attempt_last_bank_name,tuning,"WELLS FARGO BANK, NATIONAL ASSOCIATION",1,6.666666666666667e-05
attempt_last_bank_name,tuning,LBS FINANCIAL C.U.,1,6.666666666666667e-05
attempt_last_bank_name,tuning,"BRB-BANCO DE BRASILIA, S.A.",1,6.666666666666667e-05
attempt_last_bank_name,tuning,UNITED BANK OF INDUSTRIAL INVESTMENTS OJSC,1,6.666666666666667e-05
attempt_last_bank_name,tuning,JSCB SLAVIANSKY BANK,1,6.666666666666667e-05
attempt_last_bank_name,tuning,"BANCO DE ANDALUCIA, S.A.",1,6.666666666666667e-05
attempt_last_bank_name,tuning,COMDIRECT BANK,1,6.666666666666667e-05
attempt_last_bank_name,tuning,NORTH COMMUNITY BANK,1,6.666666666666667e-05
attempt_last_bank_name,tuning,BANCA POPOLARE DELL'ALTO ADIGE,1,6.666666666666667e-05
attempt_last_bank_name,tuning,BANCO ESPANOL DE CREDITO (BANESTO),1,6.666666666666667e-05
attempt_last_bank_name,tuning,CIBC,1,6.666666666666667e-05
attempt_last_bank_name,tuning,PEOPLES BANK,1,6.666666666666667e-05
attempt_last_bank_name,tuning,BANCO REGIONAL DE MONTERREY S.A. BANREGIO,1,6.666666666666667e-05
attempt_last_bank_name,tuning,SEACOAST NATIONAL BANK,1,6.666666666666667e-05
attempt_last_bank_name,tuning,PULSE NETWORK LLC,1,6.666666666666667e-05
attempt_last_bank_name,tuning,MONZO BANK LIMITED,1,6.666666666666667e-05
attempt_last_bank_name,tuning,METRO BANK,1,6.666666666666667e-05
attempt_last_bank_name,tuning,NEDBANK,1,6.666666666666667e-05
attempt_last_bank_name,tuning,"STATE EMPLOYEES CREDIT UNION OF MARYlanD, INC.",1,6.666666666666667e-05
attempt_last_bank_name,tuning,KOHO FINANCIAL INCORPORATED,1,6.666666666666667e-05
attempt_last_bank_name,tuning,STERlanG BANK,1,6.666666666666667e-05
attempt_last_bank_name,tuning,BANK OF IRElanD,1,6.666666666666667e-05
attempt_last_bank_name,tuning,"ANZ GRINDLAYS BANK, LTD.",1,6.666666666666667e-05
attempt_last_bank_name,tuning,HSBC BANK EGYPT,1,6.666666666666667e-05
attempt_last_bank_name,tuning,ECOBANK NIGERIA PLC,1,6.666666666666667e-05
attempt_last_bank_name,tuning,ADVANCE BANK AG,1,6.666666666666667e-05
attempt_last_bank_name,tuning,"EASTERN CARIBBEAN AMALGAMATED BANK, LTD.",1,6.666666666666667e-05
attempt_last_bank_name,tuning,"HERITAGE BUILDING SOCIETY, LTD.",1,6.666666666666667e-05
attempt_last_bank_name,tuning,PINNACLE C.U.,1,6.666666666666667e-05
attempt_last_bank_name,tuning,BANCO POPULAR Y DE DESARROLLO COMUNAL,1,6.666666666666667e-05
attempt_last_bank_name,tuning,FIRST NATIONAL BANK OF PENNSYLVANIA,1,6.666666666666667e-05
attempt_last_bank_name,tuning,CARD COMPLETE SERVICE BANK AG,1,6.666666666666667e-05
attempt_last_bank_name,tuning,"RAKUTEN CARD CO., LTD.",1,6.666666666666667e-05
attempt_last_bank_name,tuning,ROIG COMMERCIAL BANK,1,6.666666666666667e-05
attempt_last_bank_name,tuning,"BANK MILlanNIUM, S.A.",1,6.666666666666667e-05
attempt_last_bank_name,tuning,BANKFIRST,1,6.666666666666667e-05
attempt_last_bank_name,tuning,ENTRIS BANKING AG,1,6.666666666666667e-05
attempt_last_bank_name,tuning,OJSC ORIENBANK,1,6.666666666666667e-05
attempt_last_bank_name,tuning,KNOXVILLE TVA EMPLOYEES C.U.,1,6.666666666666667e-05
attempt_last_bank_name,tuning,RESPUBLIKANSKY BANK,1,6.666666666666667e-05
attempt_last_bank_name,tuning,CENTURY NATIONAL BANK,1,6.666666666666667e-05
attempt_last_bank_name,tuning,AMERICA FIRST F.C.U.,1,6.666666666666667e-05
attempt_last_bank_name,tuning,CAPITOL FEDERAL SAVINGS BANK,1,6.666666666666667e-05
attempt_last_bank_name,tuning,MEMBERSOURCE C.U.,1,6.666666666666667e-05
attempt_last_bank_name,tuning,FIRST COUNTIES BANK,1,6.666666666666667e-05
attempt_last_bank_name,tuning,ACLEDA BANK PLC,1,6.666666666666667e-05
attempt_last_bank_name,tuning,MONTGOMERY COUNTY TEACHERS F.C.U.,1,6.666666666666667e-05
attempt_last_bank_name,tuning,BANQUE INTERNATIONALE DU BURKINA,1,6.666666666666667e-05
attempt_last_bank_name,tuning,WEDGE BANK MIDDLE EAST S.A.L,1,6.666666666666667e-05
attempt_last_bank_name,tuning,"CREDOMATIC DE PANAMA, S.A.",1,6.666666666666667e-05
attempt_last_bank_name,tuning,OHIO CENTRAL SAVINGS,1,6.666666666666667e-05
attempt_last_bank_name,tuning,"BANCO INDUSTRIAL, S.A.",1,6.666666666666667e-05
attempt_last_bank_name,tuning,EMIRATES BANK INTERNATIONAL PJSC,1,6.666666666666667e-05
attempt_last_bank_name,tuning,"MAURITIUS COMMERCIAL BANK, LTD.",1,6.666666666666667e-05
attempt_last_bank_name,tuning,BANESTES S.A. - BANCO DO ESTADO DO ESPIRITO SANTO,1,6.666666666666667e-05
attempt_last_bank_name,tuning,KHRESCHATYK OJSC CB,1,6.666666666666667e-05
attempt_last_bank_name,tuning,HIGH DESERT FEDERAL CREDIT UNION,1,6.666666666666667e-05
attempt_last_bank_name,tuning,NEVADA STATE BANK,1,6.666666666666667e-05
attempt_last_bank_name,tuning,QATAR ISLAMIC BANK (S.A.Q.),1,6.666666666666667e-05
attempt_last_bank_name,tuning,RICHlanD STATE BANK,1,6.666666666666667e-05
attempt_last_bank_name,tuning,ROGUE RIVER COMMUNITY C.U.,1,6.666666666666667e-05
attempt_last_bank_name,tuning,ALLIANT C.U.,1,6.666666666666667e-05
attempt_last_bank_name,tuning,"BANCO PROCREDIT, S.A.",1,6.666666666666667e-05
attempt_last_bank_name,tuning,CREDIT POPULAIRE D'ALGERIE,1,6.666666666666667e-05
attempt_last_bank_name,tuning,"VOLKSBANK HUNGARY PRIVATE, LTD.",1,6.666666666666667e-05
attempt_last_bank_name,tuning,BANQUE INTERNATIONALE ARABE DE TUNISIE,1,6.666666666666667e-05
attempt_last_bank_name,tuning,IBERIABANK,1,6.666666666666667e-05
attempt_last_bank_name,tuning,ADCB,1,6.666666666666667e-05
attempt_last_bank_name,tuning,SPAREKASSEN KRONJYLlanD,1,6.666666666666667e-05
attempt_last_bank_name,tuning,COMMUNITY BANKS OF COLORADO,1,6.666666666666667e-05
attempt_last_bank_name,tuning,BANK FUND STAFF FEDERAL_CREDIT UNION,1,6.666666666666667e-05
attempt_last_bank_name,tuning,ISLAMIC INTERNATIONAL ARAB BANK PLC,1,6.666666666666667e-05
attempt_last_bank_name,tuning,"HONGKONG AND SHANGHAI BANKING CORPORATION, LTD.",1,6.666666666666667e-05
attempt_last_bank_name,tuning,"BANCO CITIBANK DE EL SALVADOR, S.A.",1,6.666666666666667e-05
attempt_last_bank_name,tuning,RBC CENTURA BANK,1,6.666666666666667e-05
attempt_last_bank_name,tuning,XY DNB NOR,1,6.666666666666667e-05
attempt_last_bank_name,tuning,CALIFORNIA C.U.,1,6.666666666666667e-05
attempt_last_bank_name,tuning,FIRST BANK OF DELAWARE,1,6.666666666666667e-05
attempt_last_bank_name,tuning,"HSBC RETAIL CREDIT (USA), INC.",1,6.666666666666667e-05
attempt_last_bank_name,tuning,SIU C.U.,1,6.666666666666667e-05
attempt_last_bank_name,tuning,"VENTAS INTERNACIONALES, S.A. DE C.V.",1,6.666666666666667e-05
attempt_last_bank_name,tuning,TSESNABANK JSC,1,6.666666666666667e-05
attempt_last_bank_name,tuning,TAPIOLA PANKKI OY,1,6.666666666666667e-05
attempt_last_bank_name,tuning,BANCO MERCANTIL FINASA S.A. - SAO PAULO,1,6.666666666666667e-05
attempt_last_bank_name,tuning,"SHINKIN BANK CARD CO., LTD.",1,6.666666666666667e-05
attempt_last_bank_name,tuning,"BANCARD, S.A.",1,6.666666666666667e-05
attempt_last_bank_name,tuning,"BANCAJA (CAJA DE AHORROS DE VAlanCIA, CASTELlan Y ALICANTE)",1,6.666666666666667e-05
attempt_last_bank_name,tuning,U.S. BANK CANADA,1,6.666666666666667e-05
attempt_last_bank_name,tuning,GOLD BANK,1,6.666666666666667e-05
attempt_last_bank_name,tuning,LASALLE BANK MIDWEST NATIONAL ASSOCIATION,1,6.666666666666667e-05
attempt_last_bank_name,tuning,GEORGIA'S OWN C.U.,1,6.666666666666667e-05
attempt_last_bank_name,tuning,EMIRATES NBD BANK,1,6.666666666666667e-05
attempt_last_bank_name,tuning,"BANCO BNP PARIBAS PERSONAL FINANCE, S.A.",1,6.666666666666667e-05
attempt_last_bank_name,tuning,PEOPLESCHOICE C.U.,1,6.666666666666667e-05
attempt_last_bank_name,tuning,CHINATRUST BANK (U.S.A.),1,6.666666666666667e-05
attempt_last_bank_name,tuning,COMMERCIAL BANK KHRESCHATYK,1,6.666666666666667e-05
attempt_last_bank_name,tuning,MDM BANK OJSC,1,6.666666666666667e-05
attempt_last_bank_name,tuning,BANCO BTG PACTUAL SA,1,6.666666666666667e-05
attempt_last_bank_name,tuning,JSC STATE SAVINGS BANK OF UKRAINE (OSCHA,1,6.666666666666667e-05
attempt_last_bank_name,tuning,UNION NATIONAL BANK,1,6.666666666666667e-05
attempt_last_bank_name,tuning,NOBA BANK GROUP AB (PUBL),1,6.666666666666667e-05
attempt_last_bank_name,tuning,NOVA BANKA AD BANJA LUKA,1,6.666666666666667e-05
attempt_last_bank_name,tuning,INTERDIN S.A. EMISORA Y ADMINISTRADORA DE TARJETAS DE CREDIT,1,6.666666666666667e-05
attempt_last_bank_name,tuning,TUCSON F.C.U.,1,6.666666666666667e-05
attempt_last_bank_name,tuning,OMNI COMMUNITY C.U.,1,6.666666666666667e-05
attempt_last_bank_name,tuning,TURKIYE IMAR BANKASI T.A.S.,1,6.666666666666667e-05
attempt_last_bank_name,tuning,JSC ALLIANCE BANK,1,6.666666666666667e-05
attempt_last_bank_name,tuning,"TIRANA BANK, S.A.",1,6.666666666666667e-05
attempt_last_bank_name,tuning,PINELLAS COUNTY TEACHERS C.U.,1,6.666666666666667e-05
attempt_last_bank_name,tuning,REGIONAL BANKS ASSOCIATION OF JAPAN,1,6.666666666666667e-05
attempt_last_bank_name,tuning,"CITIBANK KOREA, INC.",1,6.666666666666667e-05
attempt_last_bank_name,tuning,ICUL SERVICE CORPORATION,1,6.666666666666667e-05
attempt_last_bank_name,tuning,COLUMBUS BANK AND TRUST COMPANY,1,6.666666666666667e-05
attempt_last_bank_name,tuning,YAPI VE KREDI BANKASI A.S.,1,6.666666666666667e-05
attempt_last_bank_name,tuning,KANSAS TEACHERS C.U.,1,6.666666666666667e-05
attempt_last_bank_name,tuning,C.U. 1,1,6.666666666666667e-05
attempt_last_bank_name,tuning,GUARANTY TRUST BANK PLC,1,6.666666666666667e-05
attempt_last_bank_name,tuning,SKANDIABANKEN,1,6.666666666666667e-05
attempt_last_bank_name,tuning,OJSC PASHA BANK,1,6.666666666666667e-05
attempt_last_bank_name,tuning,"DAH SING BANK, LTD.",1,6.666666666666667e-05
attempt_last_bank_name,tuning,"GIO BUILDING SOCIETY, LTD.",1,6.666666666666667e-05
attempt_last_bank_name,tuning,"POSTAL SAVINGS BANK, JSC",1,6.666666666666667e-05
attempt_last_bank_name,tuning,SAVINGS BANK OF UTICA,1,6.666666666666667e-05
attempt_last_bank_name,tuning,"BANCO FRANCES, S.A.",1,6.666666666666667e-05
attempt_last_bank_name,tuning,DELTA SKYMILES,1,6.666666666666667e-05
attempt_last_bank_name,tuning,MERCADOLIBRE SRL,1,6.666666666666667e-05
attempt_last_bank_name,tuning,"BANCO PATAGONIA, S.A.",1,6.666666666666667e-05
attempt_last_bank_name,tuning,BARCLAYCARD GERMANY,1,6.666666666666667e-05
attempt_last_bank_name,tuning,UNIVERSITY OF ILlanOIS EMPLOYEES C.U.,1,6.666666666666667e-05
attempt_last_bank_name,tuning,BANK RESPUBLIKA OJSC,1,6.666666666666667e-05
attempt_last_bank_name,tuning,FIRST NATIONAL BANK OF GILMER,1,6.666666666666667e-05
attempt_last_bank_name,tuning,"NEW ENGlanD BANKCARD ASSOCIATION, INC.",1,6.666666666666667e-05
attempt_last_bank_name,tuning,"MONEY ACCESS SERVICE, INC.",1,6.666666666666667e-05
attempt_last_bank_name,tuning,PT. BANK CIMB NIAGA TBK.,1,6.666666666666667e-05
attempt_last_bank_name,tuning,A+ F.C.U.,1,6.666666666666667e-05
attempt_last_bank_name,tuning,HOMESTREET BANK,1,6.666666666666667e-05
attempt_last_bank_name,tuning,PIONEER WEST VIRGINIA F.C.U.,1,6.666666666666667e-05
attempt_last_bank_name,tuning,UNITED BANK S.E.A.,1,6.666666666666667e-05
attempt_last_bank_name,tuning,SHERWOOD STATE BANK,1,6.666666666666667e-05
attempt_last_bank_name,tuning,TRADE BANK OF IRAQ,1,6.666666666666667e-05
attempt_last_bank_name,tuning,CALIFORNIA BANK AND TRUST,1,6.666666666666667e-05
attempt_last_bank_name,tuning,"HSBC BANK USA, N.A.",1,6.666666666666667e-05
attempt_last_bank_name,tuning,"BUDAPEST BANK, LTD.",1,6.666666666666667e-05
attempt_last_bank_name,tuning,"BANCO PANAMERICANO, S.A.",1,6.666666666666667e-05
attempt_last_bank_name,tuning,RECARGAPAY INSTITUICAO DE PAGAMENTO LTDA.,1,6.666666666666667e-05
attempt_last_bank_name,tuning,TRUSTMARK NATIONAL BANK,1,6.666666666666667e-05
attempt_last_bank_name,tuning,"BANCO INTERNACIONAL, S.A.",1,6.666666666666667e-05
attempt_last_bank_name,tuning,HOUSING BANK FOR TRADE AND FINANCE,1,6.666666666666667e-05
attempt_last_bank_name,tuning,PT. BANK INTERNASIONAL INDONESIA TBK,1,6.666666666666667e-05
attempt_last_bank_name,tuning,"ASKARI BANK, LTD.",1,6.666666666666667e-05
attempt_last_bank_name,tuning,JORDAN ISLAMIC BANK FOR FINANCE AND INVESTMENT,1,6.666666666666667e-05
attempt_last_bank_name,tuning,NASS WALLET COMPANY FOR FINANCIAL AND PAYMENT SERVICES THROUGH CELLPHONES,1,6.666666666666667e-05
attempt_last_bank_name,tuning,SEDICIBANCA S.P.A.,1,6.666666666666667e-05
attempt_last_bank_name,tuning,ALIOR BANK SPOLKA AKCYJNA,1,6.666666666666667e-05
attempt_last_bank_name,tuning,"LOTTECARD CO., LTD.",1,6.666666666666667e-05
attempt_last_bank_name,tuning,"HSBC BANK USA, N.A. ASSOCIATION",1,6.666666666666667e-05
attempt_last_bank_name,tuning,GE MONEY,1,6.666666666666667e-05
attempt_last_bank_name,tuning,CAJA RURAL DE LA RODA,1,6.666666666666667e-05
attempt_last_bank_name,tuning,CAPITAL COMMUNICATIONS F.C.U.,1,6.666666666666667e-05
attempt_last_bank_name,tuning,"STANDARD FEDERAL BANK, N.A.",1,6.666666666666667e-05
attempt_last_bank_name,tuning,ENTERCARD SVERIGE AB,1,6.666666666666667e-05
attempt_last_bank_name,tuning,"POPULAR BANK LTD., INC.",1,6.666666666666667e-05
attempt_last_bank_name,tuning,"JOINT-STOCK COMPANY ""SENSE BANK""",1,6.666666666666667e-05
attempt_last_bank_name,tuning,INTERCHANGE BANK,1,6.666666666666667e-05
attempt_last_bank_name,tuning,CREDIT MUTUEL ARKEA,1,6.666666666666667e-05
attempt_last_bank_name,tuning,BANCO INTERNACIONAL DO FUNCHAL S.A. (BANIF),1,6.666666666666667e-05
attempt_last_bank_name,tuning,BANCO CREDITO AGRICOLA DE CARTAGO,1,6.666666666666667e-05
attempt_last_bank_name,tuning,CORNHUSKER BANK,1,6.666666666666667e-05
attempt_last_bank_name,tuning,CITIBANK BERHAD,1,6.666666666666667e-05
attempt_last_bank_name,tuning,CREDOMATIC LATINO AMERICANA,1,6.666666666666667e-05
attempt_last_bank_name,tuning,"CHANG HWA COMMERCIAL BANK, LTD.",1,6.666666666666667e-05
attempt_last_bank_name,tuning,NATIONAL BANK OF COMMERCE OF BIRMINGHAM,1,6.666666666666667e-05
attempt_last_bank_name,tuning,"EUROPAY (SWITZERlanD), S.A.",1,6.666666666666667e-05
attempt_last_bank_name,tuning,JSC LIBERTY BANK,1,6.666666666666667e-05
attempt_last_bank_name,tuning,GESA C.U.,1,6.666666666666667e-05
attempt_last_bank_name,tuning,OJSC BANK TURANALEM,1,6.666666666666667e-05
attempt_last_bank_name,tuning,BANCO BICE,1,6.666666666666667e-05
attempt_last_bank_name,tuning,VIST BANK,1,6.666666666666667e-05
attempt_last_bank_name,tuning,MONTEREY COUNTY BANK,1,6.666666666666667e-05
attempt_last_bank_name,tuning,PJSC ORIENT FINANS,1,6.666666666666667e-05
attempt_last_bank_name,tuning,PJSC BANK ALLIANCE,1,6.666666666666667e-05
attempt_last_bank_name,tuning,TELECOMMUNITY C.U.,1,6.666666666666667e-05
attempt_last_bank_name,tuning,"UMB BANK, N.A.",1,6.666666666666667e-05
attempt_last_bank_name,tuning,SERFIN INTERNATIONAL BANK AND TRUST,1,6.666666666666667e-05
attempt_last_bank_name,tuning,"""FIRST HEARTLAND JUSAN BANK"" JOINT STOCK COMPANY",1,6.666666666666667e-05
attempt_last_bank_name,tuning,NORVAL BANK C.A. BANCO UNIVERS.A.L.,1,6.666666666666667e-05
attempt_last_bank_name,tuning,BANQUE DE TUNISIE,1,6.666666666666667e-05
attempt_last_bank_name,tuning,TARJETAS BANAMEX S.A. DE C.V. SOFOM ENTIDAD REGULADA,1,6.666666666666667e-05
attempt_last_bank_name,tuning,"DEXIA BANKA SLOVENSKO, A.S.",1,6.666666666666667e-05
attempt_last_bank_name,tuning,BANCO BILBAO VIZCAYA ARGENTARIA (PANAMA) S.A. - BBVA (PANAMA,1,6.666666666666667e-05
attempt_last_bank_name,tuning,ALASKA USA F.C.U.,1,6.666666666666667e-05
attempt_last_bank_name,tuning,"BANCA MARCH, S.A.",1,6.666666666666667e-05
attempt_last_bank_name,tuning,VISTA FEDERAL CREDIT UNION (WALT DISNEY WORLD),1,6.666666666666667e-05
attempt_last_bank_name,tuning,"AMERICAN SAVINGS, F.S.B.",1,6.666666666666667e-05
attempt_last_bank_name,tuning,"INTERNATIONAL CARD CO., LTD.",1,6.666666666666667e-05
attempt_last_bank_name,tuning,ING BELGIUM SA/NV,1,6.666666666666667e-05
attempt_last_bank_name,tuning,NEW MILlanNIUM BANK,1,6.666666666666667e-05
attempt_last_bank_name,tuning,ERSTE BANK DER OESTERREICHISCHEN SPARKASSEN AG,1,6.666666666666667e-05
attempt_last_bank_name,tuning,EXPRESSBANK OSC,1,6.666666666666667e-05
attempt_last_bank_name,tuning,JSC URALPRIVATBANK,1,6.666666666666667e-05
attempt_last_bank_name,tuning,CREDIT UNION CARD SERVICES,1,6.666666666666667e-05
attempt_last_bank_name,tuning,BANCO POPULAR,1,6.666666666666667e-05
attempt_last_bank_name,tuning,ICBC,1,6.666666666666667e-05
attempt_last_bank_name,tuning,"KB KOOKMIN CARD CO., LTD",1,6.666666666666667e-05
attempt_last_bank_name,tuning,NOVA LJUBLJANSKA BANKA D.D.,1,6.666666666666667e-05
attempt_last_bank_name,tuning,GALICIA,1,6.666666666666667e-05
attempt_last_bank_name,tuning,OTP BANK JSC,1,6.666666666666667e-05
attempt_last_bank_name,tuning,PALM DESERT NATIONAL BANK,1,6.666666666666667e-05
attempt_last_bank_name,tuning,CIMB,1,6.666666666666667e-05
attempt_last_bank_name,tuning,HSBC FRANCE,1,6.666666666666667e-05
attempt_last_bank_name,tuning,NORDDEUTSCHE lanDESBANK GIROZENTRALE NORD LB,1,6.666666666666667e-05
attempt_last_billing_address_country,final_evaluation,us,2673,0.1782
attempt_last_billing_address_country,final_evaluation,de,866,0.05773333333333333
attempt_last_billing_address_country,final_evaluation,in,848,0.05653333333333333
attempt_last_billing_address_country,final_evaluation,gb,686,0.045733333333333334
attempt_last_billing_address_country,final_evaluation,fr,522,0.0348
attempt_last_billing_address_country,final_evaluation,br,497,0.033133333333333334
attempt_last_billing_address_country,final_evaluation,kr,464,0.030933333333333334
attempt_last_billing_address_country,final_evaluation,it,443,0.029533333333333335
attempt_last_billing_address_country,final_evaluation,es,426,0.0284
attempt_last_billing_address_country,final_evaluation,ca,407,0.027133333333333332
attempt_last_billing_address_country,final_evaluation,ua,384,0.0256
attempt_last_billing_address_country,final_evaluation,tr,372,0.0248
attempt_last_billing_address_country,final_evaluation,kz,356,0.023733333333333332
attempt_last_billing_address_country,final_evaluation,pl,329,0.021933333333333332
attempt_last_billing_address_country,final_evaluation,ae,272,0.018133333333333335
attempt_last_billing_address_country,final_evaluation,mx,250,0.016666666666666666
attempt_last_billing_address_country,final_evaluation,jp,248,0.016533333333333334
attempt_last_billing_address_country,final_evaluation,au,237,0.0158
attempt_last_billing_address_country,final_evaluation,nl,235,0.015666666666666666
attempt_last_billing_address_country,final_evaluation,co,186,0.0124
attempt_last_billing_address_country,final_evaluation,il,144,0.0096
attempt_last_billing_address_country,final_evaluation,ar,139,0.009266666666666666
attempt_last_billing_address_country,final_evaluation,cz,131,0.008733333333333333
attempt_last_billing_address_country,final_evaluation,at,129,0.0086
attempt_last_billing_address_country,final_evaluation,ro,125,0.008333333333333333
attempt_last_billing_address_country,final_evaluation,vn,125,0.008333333333333333
attempt_last_billing_address_country,final_evaluation,id,115,0.007666666666666666
attempt_last_billing_address_country,final_evaluation,ch,112,0.007466666666666667
attempt_last_billing_address_country,final_evaluation,kg,100,0.006666666666666667
attempt_last_billing_address_country,final_evaluation,pk,95,0.006333333333333333
attempt_last_billing_address_country,final_evaluation,ph,92,0.0061333333333333335
attempt_last_billing_address_country,final_evaluation,uz,89,0.005933333333333333
attempt_last_billing_address_country,final_evaluation,sa,88,0.005866666666666667
attempt_last_billing_address_country,final_evaluation,hk,85,0.005666666666666667
attempt_last_billing_address_country,final_evaluation,unknown,80,0.005333333333333333
attempt_last_billing_address_country,final_evaluation,th,77,0.0051333333333333335
attempt_last_billing_address_country,final_evaluation,bg,76,0.005066666666666666
attempt_last_billing_address_country,final_evaluation,pt,75,0.005
attempt_last_billing_address_country,final_evaluation,ng,75,0.005
attempt_last_billing_address_country,final_evaluation,eg,74,0.004933333333333333
attempt_last_billing_address_country,final_evaluation,se,73,0.004866666666666667
attempt_last_billing_address_country,final_evaluation,pe,71,0.004733333333333333
attempt_last_billing_address_country,final_evaluation,be,71,0.004733333333333333
attempt_last_billing_address_country,final_evaluation,cl,66,0.0044
attempt_last_billing_address_country,final_evaluation,rs,62,0.0041333333333333335
attempt_last_billing_address_country,final_evaluation,ma,62,0.0041333333333333335
attempt_last_billing_address_country,final_evaluation,ge,58,0.0038666666666666667
attempt_last_billing_address_country,final_evaluation,sk,58,0.0038666666666666667
attempt_last_billing_address_country,final_evaluation,am,57,0.0038
attempt_last_billing_address_country,final_evaluation,ec,57,0.0038
attempt_last_billing_address_country,final_evaluation,my,56,0.0037333333333333333
attempt_last_billing_address_country,final_evaluation,by,55,0.0036666666666666666
attempt_last_billing_address_country,final_evaluation,za,55,0.0036666666666666666
attempt_last_billing_address_country,final_evaluation,sg,55,0.0036666666666666666
attempt_last_billing_address_country,final_evaluation,ru,53,0.003533333333333333
attempt_last_billing_address_country,final_evaluation,fi,51,0.0034
attempt_last_billing_address_country,final_evaluation,dk,47,0.0031333333333333335
attempt_last_billing_address_country,final_evaluation,hu,46,0.0030666666666666668
attempt_last_billing_address_country,final_evaluation,gr,46,0.0030666666666666668
attempt_last_billing_address_country,final_evaluation,no,42,0.0028
attempt_last_billing_address_country,final_evaluation,lb,42,0.0028
attempt_last_billing_address_country,final_evaluation,tw,42,0.0028
attempt_last_billing_address_country,final_evaluation,si,42,0.0028
attempt_last_billing_address_country,final_evaluation,lv,41,0.0027333333333333333
attempt_last_billing_address_country,final_evaluation,nz,40,0.0026666666666666666
attempt_last_billing_address_country,final_evaluation,kw,39,0.0026
attempt_last_billing_address_country,final_evaluation,lt,38,0.002533333333333333
attempt_last_billing_address_country,final_evaluation,az,37,0.0024666666666666665
attempt_last_billing_address_country,final_evaluation,cy,36,0.0024
attempt_last_billing_address_country,final_evaluation,cn,36,0.0024
attempt_last_billing_address_country,final_evaluation,ee,34,0.002266666666666667
attempt_last_billing_address_country,final_evaluation,tj,31,0.0020666666666666667
attempt_last_billing_address_country,final_evaluation,ie,31,0.0020666666666666667
attempt_last_billing_address_country,final_evaluation,jo,31,0.0020666666666666667
attempt_last_billing_address_country,final_evaluation,lk,26,0.0017333333333333333
attempt_last_billing_address_country,final_evaluation,iq,25,0.0016666666666666668
attempt_last_billing_address_country,final_evaluation,do,25,0.0016666666666666668
attempt_last_billing_address_country,final_evaluation,hr,23,0.0015333333333333334
attempt_last_billing_address_country,final_evaluation,gt,23,0.0015333333333333334
attempt_last_billing_address_country,final_evaluation,pa,23,0.0015333333333333334
attempt_last_billing_address_country,final_evaluation,qa,19,0.0012666666666666666
attempt_last_billing_address_country,final_evaluation,ke,19,0.0012666666666666666
attempt_last_billing_address_country,final_evaluation,ve,18,0.0012
attempt_last_billing_address_country,final_evaluation,al,16,0.0010666666666666667
attempt_last_billing_address_country,final_evaluation,md,16,0.0010666666666666667
attempt_last_billing_address_country,final_evaluation,xk,15,0.001
attempt_last_billing_address_country,final_evaluation,ba,14,0.0009333333333333333
attempt_last_billing_address_country,final_evaluation,bo,14,0.0009333333333333333
attempt_last_billing_address_country,final_evaluation,tn,14,0.0009333333333333333
attempt_last_billing_address_country,final_evaluation,dz,14,0.0009333333333333333
attempt_last_billing_address_country,final_evaluation,mk,13,0.0008666666666666666
attempt_last_billing_address_country,final_evaluation,py,12,0.0008
attempt_last_billing_address_country,final_evaluation,uy,12,0.0008
attempt_last_billing_address_country,final_evaluation,bd,12,0.0008
attempt_last_billing_address_country,final_evaluation,pr,11,0.0007333333333333333
attempt_last_billing_address_country,final_evaluation,bh,11,0.0007333333333333333
attempt_last_billing_address_country,final_evaluation,ci,10,0.0006666666666666666
attempt_last_billing_address_country,final_evaluation,mn,10,0.0006666666666666666
attempt_last_billing_address_country,final_evaluation,cr,10,0.0006666666666666666
attempt_last_billing_address_country,final_evaluation,hn,9,0.0006
attempt_last_billing_address_country,final_evaluation,ps,9,0.0006
attempt_last_billing_address_country,final_evaluation,gh,9,0.0006
attempt_last_billing_address_country,final_evaluation,jm,8,0.0005333333333333334
attempt_last_billing_address_country,final_evaluation,mt,8,0.0005333333333333334
attempt_last_billing_address_country,final_evaluation,om,8,0.0005333333333333334
attempt_last_billing_address_country,final_evaluation,np,8,0.0005333333333333334
attempt_last_billing_address_country,final_evaluation,re,7,0.00046666666666666666
attempt_last_billing_address_country,final_evaluation,ly,7,0.00046666666666666666
attempt_last_billing_address_country,final_evaluation,me,6,0.0004
attempt_last_billing_address_country,final_evaluation,kh,6,0.0004
attempt_last_billing_address_country,final_evaluation,sv,6,0.0004
attempt_last_billing_address_country,final_evaluation,tz,5,0.0003333333333333333
attempt_last_billing_address_country,final_evaluation,ug,5,0.0003333333333333333
attempt_last_billing_address_country,final_evaluation,tt,5,0.0003333333333333333
attempt_last_billing_address_country,final_evaluation,zm,4,0.0002666666666666667
attempt_last_billing_address_country,final_evaluation,ad,4,0.0002666666666666667
attempt_last_billing_address_country,final_evaluation,mm,4,0.0002666666666666667
attempt_last_billing_address_country,final_evaluation,bj,4,0.0002666666666666667
attempt_last_billing_address_country,final_evaluation,rw,4,0.0002666666666666667
attempt_last_billing_address_country,final_evaluation,lu,4,0.0002666666666666667
attempt_last_billing_address_country,final_evaluation,mv,4,0.0002666666666666667
attempt_last_billing_address_country,final_evaluation,ao,4,0.0002666666666666667
attempt_last_billing_address_country,final_evaluation,is,4,0.0002666666666666667
attempt_last_billing_address_country,final_evaluation,et,3,0.0002
attempt_last_billing_address_country,final_evaluation,ml,3,0.0002
attempt_last_billing_address_country,final_evaluation,sn,3,0.0002
attempt_last_billing_address_country,final_evaluation,zw,3,0.0002
attempt_last_billing_address_country,final_evaluation,cd,3,0.0002
attempt_last_billing_address_country,final_evaluation,bs,3,0.0002
attempt_last_billing_address_country,final_evaluation,mq,3,0.0002
attempt_last_billing_address_country,final_evaluation,mz,2,0.00013333333333333334
attempt_last_billing_address_country,final_evaluation,cm,2,0.00013333333333333334
attempt_last_billing_address_country,final_evaluation,fo,2,0.00013333333333333334
attempt_last_billing_address_country,final_evaluation,gp,2,0.00013333333333333334
attempt_last_billing_address_country,final_evaluation,mr,2,0.00013333333333333334
attempt_last_billing_address_country,final_evaluation,ni,2,0.00013333333333333334
attempt_last_billing_address_country,final_evaluation,ls,2,0.00013333333333333334
attempt_last_billing_address_country,final_evaluation,gy,2,0.00013333333333333334
attempt_last_billing_address_country,final_evaluation,gm,2,0.00013333333333333334
attempt_last_billing_address_country,final_evaluation,ye,2,0.00013333333333333334
attempt_last_billing_address_country,final_evaluation,bn,2,0.00013333333333333334
attempt_last_billing_address_country,final_evaluation,im,2,0.00013333333333333334
attempt_last_billing_address_country,final_evaluation,pf,2,0.00013333333333333334
attempt_last_billing_address_country,final_evaluation,lr,1,6.666666666666667e-05
attempt_last_billing_address_country,final_evaluation,sz,1,6.666666666666667e-05
attempt_last_billing_address_country,final_evaluation,nc,1,6.666666666666667e-05
attempt_last_billing_address_country,final_evaluation,af,1,6.666666666666667e-05
attempt_last_billing_address_country,final_evaluation,fj,1,6.666666666666667e-05
attempt_last_billing_address_country,final_evaluation,tm,1,6.666666666666667e-05
attempt_last_billing_address_country,final_evaluation,sr,1,6.666666666666667e-05
attempt_last_billing_address_country,final_evaluation,mc,1,6.666666666666667e-05
attempt_last_billing_address_country,final_evaluation,bf,1,6.666666666666667e-05
attempt_last_billing_address_country,final_evaluation,bt,1,6.666666666666667e-05
attempt_last_billing_address_country,final_evaluation,cw,1,6.666666666666667e-05
attempt_last_billing_address_country,final_evaluation,ky,1,6.666666666666667e-05
attempt_last_billing_address_country,final_evaluation,mu,1,6.666666666666667e-05
attempt_last_billing_address_country,final_evaluation,vg,1,6.666666666666667e-05
attempt_last_billing_address_country,final_evaluation,td,1,6.666666666666667e-05
attempt_last_billing_address_country,final_evaluation,aw,1,6.666666666666667e-05
attempt_last_billing_address_country,final_evaluation,gf,1,6.666666666666667e-05
attempt_last_billing_address_country,final_evaluation,li,1,6.666666666666667e-05
attempt_last_billing_address_country,historical_train,unknown,12909,0.21515
attempt_last_billing_address_country,historical_train,us,7822,0.13036666666666666
attempt_last_billing_address_country,historical_train,jp,2752,0.04586666666666667
attempt_last_billing_address_country,historical_train,in,2238,0.0373
attempt_last_billing_address_country,historical_train,de,2218,0.03696666666666667
attempt_last_billing_address_country,historical_train,fr,1819,0.030316666666666665
attempt_last_billing_address_country,historical_train,gb,1720,0.028666666666666667
attempt_last_billing_address_country,historical_train,kr,1391,0.023183333333333334
attempt_last_billing_address_country,historical_train,tr,1237,0.020616666666666665
attempt_last_billing_address_country,historical_train,br,1195,0.019916666666666666
attempt_last_billing_address_country,historical_train,tw,1131,0.01885
attempt_last_billing_address_country,historical_train,es,1117,0.018616666666666667
attempt_last_billing_address_country,historical_train,kz,1090,0.018166666666666668
attempt_last_billing_address_country,historical_train,it,1078,0.017966666666666666
attempt_last_billing_address_country,historical_train,ca,991,0.016516666666666666
attempt_last_billing_address_country,historical_train,vn,963,0.01605
attempt_last_billing_address_country,historical_train,ua,936,0.0156
attempt_last_billing_address_country,historical_train,hk,906,0.0151
attempt_last_billing_address_country,historical_train,pl,890,0.014833333333333334
attempt_last_billing_address_country,historical_train,ae,765,0.01275
attempt_last_billing_address_country,historical_train,nl,736,0.012266666666666667
attempt_last_billing_address_country,historical_train,au,664,0.011066666666666667
attempt_last_billing_address_country,historical_train,mx,572,0.009533333333333333
attempt_last_billing_address_country,historical_train,kh,571,0.009516666666666666
attempt_last_billing_address_country,historical_train,ph,564,0.0094
attempt_last_billing_address_country,historical_train,co,445,0.007416666666666667
attempt_last_billing_address_country,historical_train,ar,368,0.0061333333333333335
attempt_last_billing_address_country,historical_train,il,342,0.0057
attempt_last_billing_address_country,historical_train,id,326,0.005433333333333333
attempt_last_billing_address_country,historical_train,cz,318,0.0053
attempt_last_billing_address_country,historical_train,ch,308,0.0051333333333333335
attempt_last_billing_address_country,historical_train,cn,306,0.0051
attempt_last_billing_address_country,historical_train,kg,295,0.004916666666666666
attempt_last_billing_address_country,historical_train,ro,289,0.004816666666666667
attempt_last_billing_address_country,historical_train,eg,280,0.004666666666666667
attempt_last_billing_address_country,historical_train,sg,269,0.004483333333333333
attempt_last_billing_address_country,historical_train,si,261,0.00435
attempt_last_billing_address_country,historical_train,ge,235,0.003916666666666666
attempt_last_billing_address_country,historical_train,sa,235,0.003916666666666666
attempt_last_billing_address_country,historical_train,pk,232,0.0038666666666666667
attempt_last_billing_address_country,historical_train,uz,225,0.00375
attempt_last_billing_address_country,historical_train,at,224,0.0037333333333333333
attempt_last_billing_address_country,historical_train,my,220,0.0036666666666666666
attempt_last_billing_address_country,historical_train,se,213,0.00355
attempt_last_billing_address_country,historical_train,bg,212,0.003533333333333333
attempt_last_billing_address_country,historical_train,be,209,0.0034833333333333335
attempt_last_billing_address_country,historical_train,pt,196,0.003266666666666667
attempt_last_billing_address_country,historical_train,th,195,0.00325
attempt_last_billing_address_country,historical_train,ru,185,0.0030833333333333333
attempt_last_billing_address_country,historical_train,rs,181,0.0030166666666666666
attempt_last_billing_address_country,historical_train,ma,168,0.0028
attempt_last_billing_address_country,historical_train,by,167,0.0027833333333333334
attempt_last_billing_address_country,historical_train,sk,164,0.0027333333333333333
attempt_last_billing_address_country,historical_train,cl,153,0.00255
attempt_last_billing_address_country,historical_train,pe,151,0.0025166666666666666
attempt_last_billing_address_country,historical_train,za,150,0.0025
attempt_last_billing_address_country,historical_train,hu,143,0.0023833333333333332
attempt_last_billing_address_country,historical_train,iq,131,0.002183333333333333
attempt_last_billing_address_country,historical_train,az,125,0.0020833333333333333
attempt_last_billing_address_country,historical_train,am,123,0.00205
attempt_last_billing_address_country,historical_train,ng,119,0.0019833333333333335
attempt_last_billing_address_country,historical_train,gr,117,0.00195
attempt_last_billing_address_country,historical_train,lv,117,0.00195
attempt_last_billing_address_country,historical_train,cy,116,0.0019333333333333333
attempt_last_billing_address_country,historical_train,fi,115,0.0019166666666666666
attempt_last_billing_address_country,historical_train,md,114,0.0019
attempt_last_billing_address_country,historical_train,tj,114,0.0019
attempt_last_billing_address_country,historical_train,lt,113,0.0018833333333333334
attempt_last_billing_address_country,historical_train,ec,107,0.0017833333333333334
attempt_last_billing_address_country,historical_train,qa,106,0.0017666666666666666
attempt_last_billing_address_country,historical_train,dk,106,0.0017666666666666666
attempt_last_billing_address_country,historical_train,kw,106,0.0017666666666666666
attempt_last_billing_address_country,historical_train,no,103,0.0017166666666666667
attempt_last_billing_address_country,historical_train,nz,101,0.0016833333333333333
attempt_last_billing_address_country,historical_train,ee,98,0.0016333333333333334
attempt_last_billing_address_country,historical_train,lb,96,0.0016
attempt_last_billing_address_country,historical_train,ie,83,0.0013833333333333334
attempt_last_billing_address_country,historical_train,bd,82,0.0013666666666666666
attempt_last_billing_address_country,historical_train,aq,74,0.0012333333333333332
attempt_last_billing_address_country,historical_train,hr,74,0.0012333333333333332
attempt_last_billing_address_country,historical_train,jo,70,0.0011666666666666668
attempt_last_billing_address_country,historical_train,dz,56,0.0009333333333333333
attempt_last_billing_address_country,historical_train,lk,53,0.0008833333333333333
attempt_last_billing_address_country,historical_train,ve,53,0.0008833333333333333
attempt_last_billing_address_country,historical_train,cr,53,0.0008833333333333333
attempt_last_billing_address_country,historical_train,do,52,0.0008666666666666666
attempt_last_billing_address_country,historical_train,pa,51,0.00085
attempt_last_billing_address_country,historical_train,om,47,0.0007833333333333334
attempt_last_billing_address_country,historical_train,tg,43,0.0007166666666666667
attempt_last_billing_address_country,historical_train,al,42,0.0007
attempt_last_billing_address_country,historical_train,tn,42,0.0007
attempt_last_billing_address_country,historical_train,mn,39,0.00065
attempt_last_billing_address_country,historical_train,pr,39,0.00065
attempt_last_billing_address_country,historical_train,ke,36,0.0006
attempt_last_billing_address_country,historical_train,mt,33,0.00055
attempt_last_billing_address_country,historical_train,bh,33,0.00055
attempt_last_billing_address_country,historical_train,py,32,0.0005333333333333334
attempt_last_billing_address_country,historical_train,uy,32,0.0005333333333333334
attempt_last_billing_address_country,historical_train,xk,29,0.00048333333333333334
attempt_last_billing_address_country,historical_train,lu,25,0.0004166666666666667
attempt_last_billing_address_country,historical_train,gt,23,0.00038333333333333334
attempt_last_billing_address_country,historical_train,re,22,0.00036666666666666667
attempt_last_billing_address_country,historical_train,jm,22,0.00036666666666666667
attempt_last_billing_address_country,historical_train,ba,21,0.00035
attempt_last_billing_address_country,historical_train,gm,21,0.00035
attempt_last_billing_address_country,historical_train,mo,20,0.0003333333333333333
attempt_last_billing_address_country,historical_train,mk,20,0.0003333333333333333
attempt_last_billing_address_country,historical_train,ci,20,0.0003333333333333333
attempt_last_billing_address_country,historical_train,me,19,0.00031666666666666665
attempt_last_billing_address_country,historical_train,gh,18,0.0003
attempt_last_billing_address_country,historical_train,sv,17,0.00028333333333333335
attempt_last_billing_address_country,historical_train,np,17,0.00028333333333333335
attempt_last_billing_address_country,historical_train,gp,17,0.00028333333333333335
attempt_last_billing_address_country,historical_train,sn,17,0.00028333333333333335
attempt_last_billing_address_country,historical_train,ps,17,0.00028333333333333335
attempt_last_billing_address_country,historical_train,is,17,0.00028333333333333335
attempt_last_billing_address_country,historical_train,sc,17,0.00028333333333333335
attempt_last_billing_address_country,historical_train,hn,16,0.0002666666666666667
attempt_last_billing_address_country,historical_train,ad,15,0.00025
attempt_last_billing_address_country,historical_train,cm,15,0.00025
attempt_last_billing_address_country,historical_train,bo,14,0.00023333333333333333
attempt_last_billing_address_country,historical_train,tt,12,0.0002
attempt_last_billing_address_country,historical_train,cd,10,0.00016666666666666666
attempt_last_billing_address_country,historical_train,mq,10,0.00016666666666666666
attempt_last_billing_address_country,historical_train,et,10,0.00016666666666666666
attempt_last_billing_address_country,historical_train,tz,10,0.00016666666666666666
attempt_last_billing_address_country,historical_train,zm,10,0.00016666666666666666
attempt_last_billing_address_country,historical_train,mv,10,0.00016666666666666666
attempt_last_billing_address_country,historical_train,ly,10,0.00016666666666666666
attempt_last_billing_address_country,historical_train,mm,9,0.00015
attempt_last_billing_address_country,historical_train,ug,9,0.00015
attempt_last_billing_address_country,historical_train,ye,9,0.00015
attempt_last_billing_address_country,historical_train,gi,9,0.00015
attempt_last_billing_address_country,historical_train,li,8,0.00013333333333333334
attempt_last_billing_address_country,historical_train,cw,8,0.00013333333333333334
attempt_last_billing_address_country,historical_train,ga,7,0.00011666666666666667
attempt_last_billing_address_country,historical_train,ao,7,0.00011666666666666667
attempt_last_billing_address_country,historical_train,ml,7,0.00011666666666666667
attempt_last_billing_address_country,historical_train,bj,6,0.0001
attempt_last_billing_address_country,historical_train,bi,6,0.0001
attempt_last_billing_address_country,historical_train,mu,6,0.0001
attempt_last_billing_address_country,historical_train,bs,6,0.0001
attempt_last_billing_address_country,historical_train,zw,6,0.0001
attempt_last_billing_address_country,historical_train,cg,5,8.333333333333333e-05
attempt_last_billing_address_country,historical_train,mg,5,8.333333333333333e-05
attempt_last_billing_address_country,historical_train,gy,5,8.333333333333333e-05
attempt_last_billing_address_country,historical_train,aw,5,8.333333333333333e-05
attempt_last_billing_address_country,historical_train,mc,5,8.333333333333333e-05
attempt_last_billing_address_country,historical_train,so,5,8.333333333333333e-05
attempt_last_billing_address_country,historical_train,fj,5,8.333333333333333e-05
attempt_last_billing_address_country,historical_train,sl,5,8.333333333333333e-05
attempt_last_billing_address_country,historical_train,tm,5,8.333333333333333e-05
attempt_last_billing_address_country,historical_train,gf,5,8.333333333333333e-05
attempt_last_billing_address_country,historical_train,bz,5,8.333333333333333e-05
attempt_last_billing_address_country,historical_train,ws,4,6.666666666666667e-05
attempt_last_billing_address_country,historical_train,bn,4,6.666666666666667e-05
attempt_last_billing_address_country,historical_train,mz,4,6.666666666666667e-05
attempt_last_billing_address_country,historical_train,ky,4,6.666666666666667e-05
attempt_last_billing_address_country,historical_train,to,4,6.666666666666667e-05
attempt_last_billing_address_country,historical_train,ai,4,6.666666666666667e-05
attempt_last_billing_address_country,historical_train,ag,4,6.666666666666667e-05
attempt_last_billing_address_country,historical_train,vu,4,6.666666666666667e-05
attempt_last_billing_address_country,historical_train,na,4,6.666666666666667e-05
attempt_last_billing_address_country,historical_train,ht,4,6.666666666666667e-05
attempt_last_billing_address_country,historical_train,la,4,6.666666666666667e-05
attempt_last_billing_address_country,historical_train,bw,4,6.666666666666667e-05
attempt_last_billing_address_country,historical_train,bf,4,6.666666666666667e-05
attempt_last_billing_address_country,historical_train,bv,3,5e-05
attempt_last_billing_address_country,historical_train,mr,3,5e-05
attempt_last_billing_address_country,historical_train,td,3,5e-05
attempt_last_billing_address_country,historical_train,gd,3,5e-05
attempt_last_billing_address_country,historical_train,lc,3,5e-05
attempt_last_billing_address_country,historical_train,im,3,5e-05
attempt_last_billing_address_country,historical_train,dm,3,5e-05
attempt_last_billing_address_country,historical_train,je,3,5e-05
attempt_last_billing_address_country,historical_train,bm,3,5e-05
attempt_last_billing_address_country,historical_train,ni,3,5e-05
attempt_last_billing_address_country,historical_train,vg,3,5e-05
attempt_last_billing_address_country,historical_train,sm,3,5e-05
attempt_last_billing_address_country,historical_train,cf,3,5e-05
attempt_last_billing_address_country,historical_train,km,2,3.3333333333333335e-05
attempt_last_billing_address_country,historical_train,tk,2,3.3333333333333335e-05
attempt_last_billing_address_country,historical_train,tf,2,3.3333333333333335e-05
attempt_last_billing_address_country,historical_train,sx,2,3.3333333333333335e-05
attempt_last_billing_address_country,historical_train,st,2,3.3333333333333335e-05
attempt_last_billing_address_country,historical_train,vc,2,3.3333333333333335e-05
attempt_last_billing_address_country,historical_train,cv,2,3.3333333333333335e-05
attempt_last_billing_address_country,historical_train,gg,2,3.3333333333333335e-05
attempt_last_billing_address_country,historical_train,fo,2,3.3333333333333335e-05
attempt_last_billing_address_country,historical_train,rw,2,3.3333333333333335e-05
attempt_last_billing_address_country,historical_train,bq,2,3.3333333333333335e-05
attempt_last_billing_address_country,historical_train,ms,2,3.3333333333333335e-05
attempt_last_billing_address_country,historical_train,bt,2,3.3333333333333335e-05
attempt_last_billing_address_country,historical_train,ck,1,1.6666666666666667e-05
attempt_last_billing_address_country,historical_train,gw,1,1.6666666666666667e-05
attempt_last_billing_address_country,historical_train,eh,1,1.6666666666666667e-05
attempt_last_billing_address_country,historical_train,sr,1,1.6666666666666667e-05
attempt_last_billing_address_country,historical_train,pf,1,1.6666666666666667e-05
attempt_last_billing_address_country,historical_train,af,1,1.6666666666666667e-05
attempt_last_billing_address_country,historical_train,wf,1,1.6666666666666667e-05
attempt_last_billing_address_country,historical_train,nc,1,1.6666666666666667e-05
attempt_last_billing_address_country,historical_train,gq,1,1.6666666666666667e-05
attempt_last_billing_address_country,historical_train,sb,1,1.6666666666666667e-05
attempt_last_billing_address_country,historical_train,er,1,1.6666666666666667e-05
attempt_last_billing_address_country,historical_train,bb,1,1.6666666666666667e-05
attempt_last_billing_address_country,historical_train,ls,1,1.6666666666666667e-05
attempt_last_billing_address_country,historical_train,gn,1,1.6666666666666667e-05
attempt_last_billing_address_country,historical_train,nu,1,1.6666666666666667e-05
attempt_last_billing_address_country,historical_train,ss,1,1.6666666666666667e-05
attempt_last_billing_address_country,historical_train,pg,1,1.6666666666666667e-05
attempt_last_billing_address_country,historical_train,yt,1,1.6666666666666667e-05
attempt_last_billing_address_country,test,us,1292,0.18457142857142858
attempt_last_billing_address_country,test,in,630,0.09
attempt_last_billing_address_country,test,de,365,0.052142857142857144
attempt_last_billing_address_country,test,gb,330,0.047142857142857146
attempt_last_billing_address_country,test,kr,268,0.038285714285714284
attempt_last_billing_address_country,test,fr,267,0.038142857142857145
attempt_last_billing_address_country,test,br,189,0.027
attempt_last_billing_address_country,test,ca,189,0.027
attempt_last_billing_address_country,test,ua,183,0.02614285714285714
attempt_last_billing_address_country,test,tr,174,0.024857142857142855
attempt_last_billing_address_country,test,it,170,0.024285714285714285
attempt_last_billing_address_country,test,es,156,0.022285714285714287
attempt_last_billing_address_country,test,au,135,0.019285714285714285
attempt_last_billing_address_country,test,pl,134,0.019142857142857142
attempt_last_billing_address_country,test,kz,125,0.017857142857142856
attempt_last_billing_address_country,test,mx,124,0.017714285714285714
attempt_last_billing_address_country,test,ae,120,0.017142857142857144
attempt_last_billing_address_country,test,nl,93,0.013285714285714286
attempt_last_billing_address_country,test,ch,82,0.011714285714285714
attempt_last_billing_address_country,test,il,78,0.011142857142857144
attempt_last_billing_address_country,test,ar,76,0.010857142857142857
attempt_last_billing_address_country,test,co,72,0.010285714285714285
attempt_last_billing_address_country,test,ro,67,0.009571428571428571
attempt_last_billing_address_country,test,ph,49,0.007
attempt_last_billing_address_country,test,eg,48,0.006857142857142857
attempt_last_billing_address_country,test,cz,47,0.006714285714285714
attempt_last_billing_address_country,test,se,46,0.006571428571428572
attempt_last_billing_address_country,test,id,46,0.006571428571428572
attempt_last_billing_address_country,test,pk,45,0.0064285714285714285
attempt_last_billing_address_country,test,hk,43,0.006142857142857143
attempt_last_billing_address_country,test,vn,40,0.005714285714285714
attempt_last_billing_address_country,test,jp,39,0.005571428571428572
attempt_last_billing_address_country,test,sa,39,0.005571428571428572
attempt_last_billing_address_country,test,am,38,0.0054285714285714284
attempt_last_billing_address_country,test,pe,37,0.005285714285714286
attempt_last_billing_address_country,test,za,35,0.005
attempt_last_billing_address_country,test,be,35,0.005
attempt_last_billing_address_country,test,at,34,0.004857142857142857
attempt_last_billing_address_country,test,ge,34,0.004857142857142857
attempt_last_billing_address_country,test,sk,34,0.004857142857142857
attempt_last_billing_address_country,test,uz,33,0.004714285714285714
attempt_last_billing_address_country,test,bg,33,0.004714285714285714
attempt_last_billing_address_country,test,by,31,0.004428571428571428
attempt_last_billing_address_country,test,pt,31,0.004428571428571428
attempt_last_billing_address_country,test,ma,29,0.004142857142857143
attempt_last_billing_address_country,test,kg,28,0.004
attempt_last_billing_address_country,test,th,27,0.003857142857142857
attempt_last_billing_address_country,test,sg,27,0.003857142857142857
attempt_last_billing_address_country,test,tw,26,0.0037142857142857142
attempt_last_billing_address_country,test,cl,25,0.0035714285714285713
attempt_last_billing_address_country,test,my,24,0.0034285714285714284
attempt_last_billing_address_country,test,ng,24,0.0034285714285714284
attempt_last_billing_address_country,test,no,23,0.003285714285714286
attempt_last_billing_address_country,test,rs,23,0.003285714285714286
attempt_last_billing_address_country,test,si,21,0.003
attempt_last_billing_address_country,test,hu,19,0.0027142857142857142
attempt_last_billing_address_country,test,gr,19,0.0027142857142857142
attempt_last_billing_address_country,test,dk,18,0.0025714285714285713
attempt_last_billing_address_country,test,cy,18,0.0025714285714285713
attempt_last_billing_address_country,test,ec,18,0.0025714285714285713
attempt_last_billing_address_country,test,lv,17,0.0024285714285714284
attempt_last_billing_address_country,test,ie,16,0.002285714285714286
attempt_last_billing_address_country,test,bd,15,0.002142857142857143
attempt_last_billing_address_country,test,nz,15,0.002142857142857143
attempt_last_billing_address_country,test,fi,14,0.002
attempt_last_billing_address_country,test,lb,14,0.002
attempt_last_billing_address_country,test,tj,14,0.002
attempt_last_billing_address_country,test,iq,14,0.002
attempt_last_billing_address_country,test,ee,14,0.002
attempt_last_billing_address_country,test,ru,14,0.002
attempt_last_billing_address_country,test,kw,14,0.002
attempt_last_billing_address_country,test,cn,13,0.0018571428571428571
attempt_last_billing_address_country,test,mk,12,0.0017142857142857142
attempt_last_billing_address_country,test,md,12,0.0017142857142857142
attempt_last_billing_address_country,test,qa,12,0.0017142857142857142
attempt_last_billing_address_country,test,lt,12,0.0017142857142857142
attempt_last_billing_address_country,test,jo,11,0.0015714285714285715
attempt_last_billing_address_country,test,pa,10,0.0014285714285714286
attempt_last_billing_address_country,test,dz,10,0.0014285714285714286
attempt_last_billing_address_country,test,gt,10,0.0014285714285714286
attempt_last_billing_address_country,test,cr,9,0.0012857142857142856
attempt_last_billing_address_country,test,uy,9,0.0012857142857142856
attempt_last_billing_address_country,test,unknown,8,0.001142857142857143
attempt_last_billing_address_country,test,al,8,0.001142857142857143
attempt_last_billing_address_country,test,hr,8,0.001142857142857143
attempt_last_billing_address_country,test,hn,8,0.001142857142857143
attempt_last_billing_address_country,test,ve,8,0.001142857142857143
attempt_last_billing_address_country,test,bh,7,0.001
attempt_last_billing_address_country,test,do,7,0.001
attempt_last_billing_address_country,test,lk,7,0.001
attempt_last_billing_address_country,test,py,7,0.001
attempt_last_billing_address_country,test,az,6,0.0008571428571428571
attempt_last_billing_address_country,test,ba,6,0.0008571428571428571
attempt_last_billing_address_country,test,ke,6,0.0008571428571428571
attempt_last_billing_address_country,test,tn,6,0.0008571428571428571
attempt_last_billing_address_country,test,pr,6,0.0008571428571428571
attempt_last_billing_address_country,test,np,5,0.0007142857142857143
attempt_last_billing_address_country,test,om,5,0.0007142857142857143
attempt_last_billing_address_country,test,re,5,0.0007142857142857143
attempt_last_billing_address_country,test,ly,4,0.0005714285714285715
attempt_last_billing_address_country,test,sv,4,0.0005714285714285715
attempt_last_billing_address_country,test,xk,4,0.0005714285714285715
attempt_last_billing_address_country,test,sn,4,0.0005714285714285715
attempt_last_billing_address_country,test,gh,4,0.0005714285714285715
attempt_last_billing_address_country,test,me,4,0.0005714285714285715
attempt_last_billing_address_country,test,ps,4,0.0005714285714285715
attempt_last_billing_address_country,test,jm,3,0.00042857142857142855
attempt_last_billing_address_country,test,mt,3,0.00042857142857142855
attempt_last_billing_address_country,test,ad,3,0.00042857142857142855
attempt_last_billing_address_country,test,so,3,0.00042857142857142855
attempt_last_billing_address_country,test,kh,3,0.00042857142857142855
attempt_last_billing_address_country,test,ug,2,0.00028571428571428574
attempt_last_billing_address_country,test,fj,2,0.00028571428571428574
attempt_last_billing_address_country,test,zw,2,0.00028571428571428574
attempt_last_billing_address_country,test,na,2,0.00028571428571428574
attempt_last_billing_address_country,test,mn,2,0.00028571428571428574
attempt_last_billing_address_country,test,aw,2,0.00028571428571428574
attempt_last_billing_address_country,test,mc,2,0.00028571428571428574
attempt_last_billing_address_country,test,gf,2,0.00028571428571428574
attempt_last_billing_address_country,test,pf,2,0.00028571428571428574
attempt_last_billing_address_country,test,tt,2,0.00028571428571428574
attempt_last_billing_address_country,test,tz,2,0.00028571428571428574
attempt_last_billing_address_country,test,mm,2,0.00028571428571428574
attempt_last_billing_address_country,test,mv,2,0.00028571428571428574
attempt_last_billing_address_country,test,cw,2,0.00028571428571428574
attempt_last_billing_address_country,test,lu,1,0.00014285714285714287
attempt_last_billing_address_country,test,cm,1,0.00014285714285714287
attempt_last_billing_address_country,test,et,1,0.00014285714285714287
attempt_last_billing_address_country,test,ai,1,0.00014285714285714287
attempt_last_billing_address_country,test,bi,1,0.00014285714285714287
attempt_last_billing_address_country,test,sm,1,0.00014285714285714287
attempt_last_billing_address_country,test,ht,1,0.00014285714285714287
attempt_last_billing_address_country,test,bf,1,0.00014285714285714287
attempt_last_billing_address_country,test,bb,1,0.00014285714285714287
attempt_last_billing_address_country,test,dm,1,0.00014285714285714287
attempt_last_billing_address_country,test,mq,1,0.00014285714285714287
attempt_last_billing_address_country,test,zm,1,0.00014285714285714287
attempt_last_billing_address_country,test,bj,1,0.00014285714285714287
attempt_last_billing_address_country,test,mw,1,0.00014285714285714287
attempt_last_billing_address_country,test,mz,1,0.00014285714285714287
attempt_last_billing_address_country,test,rw,1,0.00014285714285714287
attempt_last_billing_address_country,test,ao,1,0.00014285714285714287
attempt_last_billing_address_country,test,ci,1,0.00014285714285714287
attempt_last_billing_address_country,test,li,1,0.00014285714285714287
attempt_last_billing_address_country,test,mr,1,0.00014285714285714287
attempt_last_billing_address_country,test,ye,1,0.00014285714285714287
attempt_last_billing_address_country,test,sb,1,0.00014285714285714287
attempt_last_billing_address_country,test,gy,1,0.00014285714285714287
attempt_last_billing_address_country,test,bs,1,0.00014285714285714287
attempt_last_billing_address_country,test,bn,1,0.00014285714285714287
attempt_last_billing_address_country,test,ni,1,0.00014285714285714287
attempt_last_billing_address_country,test,mo,1,0.00014285714285714287
attempt_last_billing_address_country,test,bl,1,0.00014285714285714287
attempt_last_billing_address_country,test,gi,1,0.00014285714285714287
attempt_last_billing_address_country,test,ga,1,0.00014285714285714287
attempt_last_billing_address_country,tuning,us,2712,0.1808
attempt_last_billing_address_country,tuning,in,881,0.05873333333333333
attempt_last_billing_address_country,tuning,de,715,0.04766666666666667
attempt_last_billing_address_country,tuning,gb,653,0.043533333333333334
attempt_last_billing_address_country,tuning,kr,559,0.03726666666666666
attempt_last_billing_address_country,tuning,br,553,0.036866666666666666
attempt_last_billing_address_country,tuning,jp,498,0.0332
attempt_last_billing_address_country,tuning,fr,479,0.031933333333333334
attempt_last_billing_address_country,tuning,tr,447,0.0298
attempt_last_billing_address_country,tuning,ua,397,0.026466666666666666
attempt_last_billing_address_country,tuning,it,388,0.025866666666666666
attempt_last_billing_address_country,tuning,es,384,0.0256
attempt_last_billing_address_country,tuning,ca,381,0.0254
attempt_last_billing_address_country,tuning,kz,365,0.024333333333333332
attempt_last_billing_address_country,tuning,pl,271,0.01806666666666667
attempt_last_billing_address_country,tuning,au,233,0.015533333333333333
attempt_last_billing_address_country,tuning,ae,227,0.015133333333333334
attempt_last_billing_address_country,tuning,nl,222,0.0148
attempt_last_billing_address_country,tuning,mx,215,0.014333333333333333
attempt_last_billing_address_country,tuning,vn,196,0.013066666666666667
attempt_last_billing_address_country,tuning,co,192,0.0128
attempt_last_billing_address_country,tuning,id,127,0.008466666666666667
attempt_last_billing_address_country,tuning,ro,116,0.007733333333333333
attempt_last_billing_address_country,tuning,ch,109,0.007266666666666667
attempt_last_billing_address_country,tuning,sa,109,0.007266666666666667
attempt_last_billing_address_country,tuning,ar,105,0.007
attempt_last_billing_address_country,tuning,il,102,0.0068
attempt_last_billing_address_country,tuning,hk,100,0.006666666666666667
attempt_last_billing_address_country,tuning,at,96,0.0064
attempt_last_billing_address_country,tuning,cz,96,0.0064
attempt_last_billing_address_country,tuning,kg,94,0.006266666666666667
attempt_last_billing_address_country,tuning,ph,89,0.005933333333333333
attempt_last_billing_address_country,tuning,unknown,89,0.005933333333333333
attempt_last_billing_address_country,tuning,uz,86,0.005733333333333333
attempt_last_billing_address_country,tuning,sg,85,0.005666666666666667
attempt_last_billing_address_country,tuning,pk,83,0.005533333333333334
attempt_last_billing_address_country,tuning,ge,81,0.0054
attempt_last_billing_address_country,tuning,cl,81,0.0054
attempt_last_billing_address_country,tuning,pt,81,0.0054
attempt_last_billing_address_country,tuning,eg,77,0.0051333333333333335
attempt_last_billing_address_country,tuning,rs,75,0.005
attempt_last_billing_address_country,tuning,bg,71,0.004733333333333333
attempt_last_billing_address_country,tuning,pe,68,0.004533333333333334
attempt_last_billing_address_country,tuning,se,67,0.0044666666666666665
attempt_last_billing_address_country,tuning,ru,62,0.0041333333333333335
attempt_last_billing_address_country,tuning,be,61,0.004066666666666666
attempt_last_billing_address_country,tuning,by,60,0.004
attempt_last_billing_address_country,tuning,th,59,0.003933333333333333
attempt_last_billing_address_country,tuning,my,58,0.0038666666666666667
attempt_last_billing_address_country,tuning,ma,57,0.0038
attempt_last_billing_address_country,tuning,sk,57,0.0038
attempt_last_billing_address_country,tuning,cn,52,0.0034666666666666665
attempt_last_billing_address_country,tuning,ng,51,0.0034
attempt_last_billing_address_country,tuning,si,50,0.0033333333333333335
attempt_last_billing_address_country,tuning,tw,49,0.003266666666666667
attempt_last_billing_address_country,tuning,dk,47,0.0031333333333333335
attempt_last_billing_address_country,tuning,ec,46,0.0030666666666666668
attempt_last_billing_address_country,tuning,hu,42,0.0028
attempt_last_billing_address_country,tuning,no,41,0.0027333333333333333
attempt_last_billing_address_country,tuning,fi,41,0.0027333333333333333
attempt_last_billing_address_country,tuning,gr,39,0.0026
attempt_last_billing_address_country,tuning,ee,39,0.0026
attempt_last_billing_address_country,tuning,am,37,0.0024666666666666665
attempt_last_billing_address_country,tuning,iq,36,0.0024
attempt_last_billing_address_country,tuning,za,35,0.0023333333333333335
attempt_last_billing_address_country,tuning,do,35,0.0023333333333333335
attempt_last_billing_address_country,tuning,lv,35,0.0023333333333333335
attempt_last_billing_address_country,tuning,cy,34,0.002266666666666667
attempt_last_billing_address_country,tuning,lt,34,0.002266666666666667
attempt_last_billing_address_country,tuning,md,32,0.0021333333333333334
attempt_last_billing_address_country,tuning,tj,32,0.0021333333333333334
attempt_last_billing_address_country,tuning,bd,31,0.0020666666666666667
attempt_last_billing_address_country,tuning,kw,30,0.002
attempt_last_billing_address_country,tuning,lb,30,0.002
attempt_last_billing_address_country,tuning,az,30,0.002
attempt_last_billing_address_country,tuning,ie,29,0.0019333333333333333
attempt_last_billing_address_country,tuning,jo,27,0.0018
attempt_last_billing_address_country,tuning,nz,24,0.0016
attempt_last_billing_address_country,tuning,qa,22,0.0014666666666666667
attempt_last_billing_address_country,tuning,hr,20,0.0013333333333333333
attempt_last_billing_address_country,tuning,ve,20,0.0013333333333333333
attempt_last_billing_address_country,tuning,dz,20,0.0013333333333333333
attempt_last_billing_address_country,tuning,gt,20,0.0013333333333333333
attempt_last_billing_address_country,tuning,lk,19,0.0012666666666666666
attempt_last_billing_address_country,tuning,uy,18,0.0012
attempt_last_billing_address_country,tuning,bh,18,0.0012
attempt_last_billing_address_country,tuning,ke,17,0.0011333333333333334
attempt_last_billing_address_country,tuning,py,16,0.0010666666666666667
attempt_last_billing_address_country,tuning,pr,15,0.001
attempt_last_billing_address_country,tuning,mn,14,0.0009333333333333333
attempt_last_billing_address_country,tuning,mt,13,0.0008666666666666666
attempt_last_billing_address_country,tuning,kh,11,0.0007333333333333333
attempt_last_billing_address_country,tuning,me,11,0.0007333333333333333
attempt_last_billing_address_country,tuning,hn,11,0.0007333333333333333
attempt_last_billing_address_country,tuning,tn,11,0.0007333333333333333
attempt_last_billing_address_country,tuning,al,10,0.0006666666666666666
attempt_last_billing_address_country,tuning,om,9,0.0006
attempt_last_billing_address_country,tuning,lu,9,0.0006
attempt_last_billing_address_country,tuning,pa,9,0.0006
attempt_last_billing_address_country,tuning,sv,9,0.0006
attempt_last_billing_address_country,tuning,re,9,0.0006
attempt_last_billing_address_country,tuning,ci,9,0.0006
attempt_last_billing_address_country,tuning,tz,9,0.0006
attempt_last_billing_address_country,tuning,ba,9,0.0006
attempt_last_billing_address_country,tuning,mk,8,0.0005333333333333334
attempt_last_billing_address_country,tuning,ad,8,0.0005333333333333334
attempt_last_billing_address_country,tuning,cd,7,0.00046666666666666666
attempt_last_billing_address_country,tuning,jm,7,0.00046666666666666666
attempt_last_billing_address_country,tuning,tt,6,0.0004
attempt_last_billing_address_country,tuning,gh,6,0.0004
attempt_last_billing_address_country,tuning,cr,6,0.0004
attempt_last_billing_address_country,tuning,ps,6,0.0004
attempt_last_billing_address_country,tuning,bo,6,0.0004
attempt_last_billing_address_country,tuning,is,5,0.0003333333333333333
attempt_last_billing_address_country,tuning,sn,5,0.0003333333333333333
attempt_last_billing_address_country,tuning,xk,5,0.0003333333333333333
attempt_last_billing_address_country,tuning,ly,4,0.0002666666666666667
attempt_last_billing_address_country,tuning,gp,4,0.0002666666666666667
attempt_last_billing_address_country,tuning,np,4,0.0002666666666666667
attempt_last_billing_address_country,tuning,mv,4,0.0002666666666666667
attempt_last_billing_address_country,tuning,mm,4,0.0002666666666666667
attempt_last_billing_address_country,tuning,cm,4,0.0002666666666666667
attempt_last_billing_address_country,tuning,ni,4,0.0002666666666666667
attempt_last_billing_address_country,tuning,mc,3,0.0002
attempt_last_billing_address_country,tuning,ao,3,0.0002
attempt_last_billing_address_country,tuning,bs,3,0.0002
attempt_last_billing_address_country,tuning,gm,3,0.0002
attempt_last_billing_address_country,tuning,tm,3,0.0002
attempt_last_billing_address_country,tuning,tg,3,0.0002
attempt_last_billing_address_country,tuning,mg,3,0.0002
attempt_last_billing_address_country,tuning,ss,2,0.00013333333333333334
attempt_last_billing_address_country,tuning,bj,2,0.00013333333333333334
attempt_last_billing_address_country,tuning,im,2,0.00013333333333333334
attempt_last_billing_address_country,tuning,mq,2,0.00013333333333333334
attempt_last_billing_address_country,tuning,je,2,0.00013333333333333334
attempt_last_billing_address_country,tuning,pg,1,6.666666666666667e-05
attempt_last_billing_address_country,tuning,rw,1,6.666666666666667e-05
attempt_last_billing_address_country,tuning,fj,1,6.666666666666667e-05
attempt_last_billing_address_country,tuning,sj,1,6.666666666666667e-05
attempt_last_billing_address_country,tuning,gd,1,6.666666666666667e-05
attempt_last_billing_address_country,tuning,ye,1,6.666666666666667e-05
attempt_last_billing_address_country,tuning,sr,1,6.666666666666667e-05
attempt_last_billing_address_country,tuning,mz,1,6.666666666666667e-05
attempt_last_billing_address_country,tuning,bn,1,6.666666666666667e-05
attempt_last_billing_address_country,tuning,mo,1,6.666666666666667e-05
attempt_last_billing_address_country,tuning,ga,1,6.666666666666667e-05
attempt_last_billing_address_country,tuning,et,1,6.666666666666667e-05
attempt_last_billing_address_country,tuning,ck,1,6.666666666666667e-05
attempt_last_billing_address_country,tuning,ug,1,6.666666666666667e-05
attempt_last_billing_address_country,tuning,gn,1,6.666666666666667e-05
attempt_last_billing_address_country,tuning,gf,1,6.666666666666667e-05
attempt_last_billing_address_country,tuning,ky,1,6.666666666666667e-05
attempt_last_billing_address_country,tuning,ls,1,6.666666666666667e-05
attempt_last_billing_address_country,tuning,er,1,6.666666666666667e-05
attempt_last_billing_address_country,tuning,pf,1,6.666666666666667e-05
attempt_last_billing_address_country,tuning,ne,1,6.666666666666667e-05
attempt_last_billing_address_country,tuning,li,1,6.666666666666667e-05
attempt_last_billing_address_country,tuning,zm,1,6.666666666666667e-05
attempt_last_billing_address_country,tuning,na,1,6.666666666666667e-05
attempt_last_billing_address_country,tuning,sl,1,6.666666666666667e-05
attempt_last_billing_address_country,tuning,bf,1,6.666666666666667e-05
attempt_last_billing_address_country,tuning,mu,1,6.666666666666667e-05
attempt_last_billing_address_country,tuning,ai,1,6.666666666666667e-05
attempt_last_billing_address_country,tuning,ml,1,6.666666666666667e-05
attempt_last_billing_address_country,tuning,lc,1,6.666666666666667e-05
attempt_last_billing_address_country,tuning,gi,1,6.666666666666667e-05
attempt_last_card_3d_secure_support,final_evaluation,optional,14292,0.9528
attempt_last_card_3d_secure_support,final_evaluation,not_supported,297,0.0198
attempt_last_card_3d_secure_support,final_evaluation,required,248,0.016533333333333334
attempt_last_card_3d_secure_support,final_evaluation,recommended,142,0.009466666666666667
attempt_last_card_3d_secure_support,final_evaluation,unknown,21,0.0014
attempt_last_card_3d_secure_support,historical_train,optional,38791,0.6465166666666666
attempt_last_card_3d_secure_support,historical_train,unknown,12813,0.21355
attempt_last_card_3d_secure_support,historical_train,recommended,4971,0.08285
attempt_last_card_3d_secure_support,historical_train,not_supported,2784,0.0464
attempt_last_card_3d_secure_support,historical_train,required,641,0.010683333333333333
attempt_last_card_3d_secure_support,test,optional,6680,0.9542857142857143
attempt_last_card_3d_secure_support,test,required,162,0.023142857142857142
attempt_last_card_3d_secure_support,test,recommended,100,0.014285714285714285
attempt_last_card_3d_secure_support,test,not_supported,57,0.008142857142857143
attempt_last_card_3d_secure_support,test,unknown,1,0.00014285714285714287
attempt_last_card_3d_secure_support,tuning,optional,14059,0.9372666666666667
attempt_last_card_3d_secure_support,tuning,not_supported,495,0.033
attempt_last_card_3d_secure_support,tuning,required,230,0.015333333333333332
attempt_last_card_3d_secure_support,tuning,recommended,197,0.013133333333333334
attempt_last_card_3d_secure_support,tuning,unknown,19,0.0012666666666666666
attempt_last_card_funding,final_evaluation,debit,7844,0.5229333333333334
attempt_last_card_funding,final_evaluation,credit,6307,0.42046666666666666
attempt_last_card_funding,final_evaluation,prepaid,731,0.04873333333333333
attempt_last_card_funding,final_evaluation,unknown,118,0.007866666666666666
attempt_last_card_funding,historical_train,debit,23225,0.38708333333333333
attempt_last_card_funding,historical_train,credit,21360,0.356
attempt_last_card_funding,historical_train,unknown,12933,0.21555
attempt_last_card_funding,historical_train,prepaid,2482,0.04136666666666667
attempt_last_card_funding,test,debit,3673,0.5247142857142857
attempt_last_card_funding,test,credit,2975,0.425
attempt_last_card_funding,test,prepaid,312,0.044571428571428574
attempt_last_card_funding,test,unknown,40,0.005714285714285714
attempt_last_card_funding,tuning,debit,7495,0.49966666666666665
attempt_last_card_funding,tuning,credit,6628,0.4418666666666667
attempt_last_card_funding,tuning,prepaid,757,0.05046666666666667
attempt_last_card_funding,tuning,unknown,120,0.008
