user_id,true,raw_pred,adjusted_pred,transition,max_model_probability,model_probability_not_churned,model_probability_vol_churn,model_probability_invol_churn,attempt_count,purchase_count,attempt_failure_rate,attempt_failure_count,attempt_success_count,attempt_active_days,purchase_active_days,activity_days_total,attempt_last_day,purchase_last_day,country_code,subscription_plan,quiz_role,quiz_frustration,attempt_last_card_country,attempt_last_bank_name,attempt_last_card_funding,attempt_last_card_3d_secure_support,attempt_last_cvc_check,attempt_last_failure_code
user_3286eb6a-a1bf-4ce3-9bc0-7b740cdcff18,invol_churn,not_churned,not_churned,invol_churn -> not_churned,0.936837089284999,0.936837089284999,0.0319267218001043,0.0312361889148966,2.0,2.0,0.0,0.0,2.0,2.0,2.0,4.0,10.16201388888889,10.16201388888889,AE,Higgsfield Ultimate,,limited,ae,CORPORATE COMMERCIAL BANK A.D.,debit,optional,not_provided,
user_8cd5ec00-08a9-4dd9-ac4c-9455b9ec21e9,not_churned,vol_churn,vol_churn,not_churned -> vol_churn,0.918619137421074,0.0595330231814984,0.918619137421074,0.0218478393974274,2.0,2.0,0.0,0.0,2.0,1.0,1.0,2.0,0.00034722222222222224,0.00034722222222222224,US,Higgsfield Ultimate,,confusing,ee,"BANCO ITAU, S.A.",debit,optional,pass,
user_c003f5d6-419a-4be0-96be-cfd43e9782ee,invol_churn,not_churned,not_churned,invol_churn -> not_churned,0.9060951041882404,0.9060951041882404,0.0752300836315534,0.0186748121802061,2.0,2.0,0.0,0.0,2.0,2.0,2.0,4.0,10.09011574074074,10.09011574074074,DE,Higgsfield Ultimate,,inconsistent,de,EURO KARTENSYSTEME GMBH,credit,optional,not_provided,
user_30d500bc-b1b2-4bbe-b547-245387aa055d,not_churned,vol_churn,vol_churn,not_churned -> vol_churn,0.9036487865165642,0.0674182325717272,0.9036487865165642,0.0289329809117085,2.0,2.0,0.0,0.0,2.0,1.0,1.0,2.0,0.0003587962962962963,0.0003587962962962963,US,Higgsfield Ultimate,,,ee,"BANCO ITAU, S.A.",debit,optional,pass,
user_fad4d44a-2aac-42c5-9179-230d447c6cc9,not_churned,vol_churn,vol_churn,not_churned -> vol_churn,0.8978487045009801,0.0791294971862464,0.8978487045009801,0.0230217983127734,2.0,2.0,0.0,0.0,2.0,1.0,1.0,2.0,0.00030092592592592595,0.00030092592592592595,US,Higgsfield Ultimate,,hard-prompt,ee,"BANCO ITAU, S.A.",debit,optional,pass,
user_5a9d7cce-9692-41e5-a439-a1f54e66dfab,not_churned,vol_churn,vol_churn,not_churned -> vol_churn,0.8975152123537928,0.0778813308175465,0.8975152123537928,0.0246034568286604,2.0,2.0,0.0,0.0,2.0,1.0,1.0,2.0,0.0004398148148148148,0.0004398148148148148,US,Higgsfield Ultimate,,hard-prompt,ee,"BANCO ITAU, S.A.",debit,optional,pass,
user_4c765f93-e78b-4060-8856-bb1f006c55b8,vol_churn,invol_churn,invol_churn,vol_churn -> invol_churn,0.896323492276507,0.010100516603177,0.093575991120316,0.896323492276507,1.0,1.0,0.0,0.0,1.0,1.0,1.0,2.0,0.0,0.0,JP,Higgsfield Creator,,high-cost,jp,"JCB INTERNATIONAL CREDIT CARD CO., LTD.",debit,not_supported,unavailable,
user_a79690e8-95ee-4afb-9f3a-2aa14792c788,vol_churn,invol_churn,invol_churn,vol_churn -> invol_churn,0.8962517830244987,0.0134764025353552,0.0902718144401458,0.8962517830244987,1.0,1.0,0.0,0.0,1.0,1.0,1.0,2.0,0.0,0.0,JP,Higgsfield Creator,,limited,jp,"JCB INTERNATIONAL CREDIT CARD CO., LTD.",debit,not_supported,unavailable,
user_b287731c-5cc0-4819-aaf0-c7aba528e339,not_churned,vol_churn,vol_churn,not_churned -> vol_churn,0.8910107922543051,0.0855207765753779,0.8910107922543051,0.023468431170317,2.0,2.0,0.0,0.0,2.0,1.0,1.0,2.0,0.0006597222222222222,0.0006597222222222222,US,Higgsfield Ultimate,,confusing,ee,"BANCO ITAU, S.A.",debit,optional,pass,
user_618811e6-cecc-418b-ae33-2d4dc60ae18a,vol_churn,invol_churn,invol_churn,vol_churn -> invol_churn,0.8861564500650887,0.0150102568737963,0.0988332930611149,0.8861564500650887,1.0,1.0,0.0,0.0,1.0,1.0,1.0,2.0,0.0,0.0,JP,Higgsfield Creator,,confusing,jp,"JCB INTERNATIONAL CREDIT CARD CO., LTD.",debit,not_supported,unavailable,
user_82589458-5924-4944-855b-864a94c60a6d,not_churned,vol_churn,vol_churn,not_churned -> vol_churn,0.8848514877418505,0.0851081886802013,0.8848514877418505,0.0300403235779481,2.0,2.0,0.0,0.0,2.0,1.0,1.0,2.0,0.0003356481481481481,0.0003356481481481481,US,Higgsfield Ultimate,,limited,ee,"BANCO ITAU, S.A.",debit,optional,pass,
user_140a6b70-7ff8-4314-aa54-92d5a25a5610,vol_churn,invol_churn,invol_churn,vol_churn -> invol_churn,0.8845812059946446,0.0158116841456254,0.09960710985973,0.8845812059946446,1.0,1.0,0.0,0.0,1.0,1.0,1.0,2.0,0.0,0.0,JP,Higgsfield Creator,,confusing,jp,"JCB INTERNATIONAL CREDIT CARD CO., LTD.",debit,not_supported,unavailable,
user_e229b0b0-1ae6-424a-ba31-af072eab5008,not_churned,vol_churn,vol_churn,not_churned -> vol_churn,0.8805210010277742,0.0891846537148755,0.8805210010277742,0.0302943452573502,2.0,2.0,0.0,0.0,2.0,1.0,1.0,2.0,0.00030092592592592595,0.00030092592592592595,US,Higgsfield Ultimate,,limited,ee,"BANCO ITAU, S.A.",debit,optional,pass,
user_56328401-2e8f-4e79-a1e3-d2a6ee6da9d7,invol_churn,vol_churn,vol_churn,invol_churn -> vol_churn,0.8784150700873519,0.0228349030979631,0.8784150700873519,0.0987500268146848,1.0,1.0,0.0,0.0,1.0,1.0,1.0,2.0,0.0,0.0,JP,Higgsfield Creator,,,jp,JAL MILEAGE BANK,credit,not_supported,pass,
user_fe5ab1f4-8ba6-4643-93a7-34bb740f6950,vol_churn,not_churned,not_churned,vol_churn -> not_churned,0.8779556072061735,0.8779556072061735,0.1028280118705088,0.0192163809233177,1.0,1.0,0.0,0.0,1.0,1.0,1.0,2.0,0.0,0.0,US,Higgsfield Ultimate,,inconsistent,us,AMERICAN EXPRESS US CONSUMER,credit,optional,pass,
user_9ab9f7dd-c4ba-455d-a18c-dc94c9d9e4d6,vol_churn,not_churned,not_churned,vol_churn -> not_churned,0.8755058683720104,0.8755058683720104,0.1028936408771395,0.0216004907508499,1.0,1.0,0.0,0.0,1.0,1.0,1.0,2.0,0.0,0.0,US,Higgsfield Creator,,other,us,AMERICAN EXPRESS COMPANY,credit,optional,not_provided,
user_d2ecf9ee-90ba-4cd0-9b44-b1a4f501b168,vol_churn,not_churned,not_churned,vol_churn -> not_churned,0.8748331265336106,0.8748331265336106,0.100216297900333,0.0249505755660564,1.0,1.0,0.0,0.0,1.0,1.0,1.0,2.0,0.0,0.0,AU,Higgsfield Creator,,inconsistent,au,AMERICAN EXPRESS,credit,optional,pass,
user_29ed423d-ae9b-4401-bd26-0db3b8fe69f5,not_churned,vol_churn,vol_churn,not_churned -> vol_churn,0.8745766251688186,0.0985840620334784,0.8745766251688186,0.026839312797703,2.0,2.0,0.0,0.0,2.0,1.0,1.0,2.0,0.00024305555555555555,0.00024305555555555555,US,Higgsfield Ultimate,,limited,ee,"BANCO ITAU, S.A.",debit,optional,pass,
user_3d92606c-f10b-46e7-a1e7-34ff4dc7d469,not_churned,vol_churn,vol_churn,not_churned -> vol_churn,0.8740790322027738,0.0727597253935652,0.8740790322027738,0.0531612424036609,2.0,2.0,0.0,0.0,2.0,1.0,1.0,2.0,0.0004050925925925926,0.0004050925925925926,US,Higgsfield Ultimate,,confusing,ee,,debit,optional,pass,
user_3ed40d5a-e2f9-41b3-8c27-98b75d745971,not_churned,invol_churn,invol_churn,not_churned -> invol_churn,0.8715535865491193,0.0127612054668564,0.1156852079840242,0.8715535865491193,1.0,1.0,0.0,0.0,1.0,1.0,1.0,2.0,0.0,0.0,JP,Higgsfield Creator,,,jp,"JCB INTERNATIONAL CREDIT CARD CO., LTD.",debit,not_supported,unavailable,
user_c9399f47-e929-4574-9a49-c7e6e8668e3a,not_churned,vol_churn,vol_churn,not_churned -> vol_churn,0.8709555329862553,0.1028142606600749,0.8709555329862553,0.0262302063536697,2.0,2.0,0.0,0.0,2.0,1.0,1.0,2.0,0.00030092592592592595,0.00030092592592592595,US,Higgsfield Ultimate,,high-cost,ee,"BANCO ITAU, S.A.",debit,optional,pass,
user_69921647-cce0-492f-bf0e-a1d4b5dc107c,vol_churn,invol_churn,invol_churn,vol_churn -> invol_churn,0.8706945429434451,0.0129317172266413,0.1163737398299134,0.8706945429434451,1.0,1.0,0.0,0.0,1.0,1.0,1.0,2.0,0.0,0.0,JP,Higgsfield Creator,,,jp,"JCB INTERNATIONAL CREDIT CARD CO., LTD.",debit,not_supported,unavailable,
user_72443183-bf81-4189-95a8-0afd994e7c9a,vol_churn,invol_churn,invol_churn,vol_churn -> invol_churn,0.8681233832477405,0.0161438662258452,0.115732750526414,0.8681233832477405,1.0,1.0,0.0,0.0,1.0,1.0,1.0,2.0,0.0,0.0,JP,Higgsfield Creator,,high-cost,jp,"JCB INTERNATIONAL CREDIT CARD CO., LTD.",debit,not_supported,unavailable,
user_9f0d0097-d389-4767-986f-5247bbc56e7c,not_churned,vol_churn,vol_churn,not_churned -> vol_churn,0.8676541242704356,0.1051442967098434,0.8676541242704356,0.0272015790197209,2.0,2.0,0.0,0.0,2.0,1.0,1.0,2.0,0.00037037037037037035,0.00037037037037037035,US,Higgsfield Ultimate,,confusing,ee,"BANCO ITAU, S.A.",debit,optional,pass,
user_0d53255d-58e3-4baf-973a-61cf0e25661b,not_churned,invol_churn,invol_churn,not_churned -> invol_churn,0.8670327262492725,0.0131192806720536,0.1198479930786738,0.8670327262492725,1.0,1.0,0.0,0.0,1.0,1.0,1.0,2.0,0.0,0.0,JP,Higgsfield Creator,,,jp,"JCB INTERNATIONAL CREDIT CARD CO., LTD.",debit,not_supported,unavailable,
user_66fd3b1b-1893-482b-8eaf-e06435718b91,vol_churn,not_churned,not_churned,vol_churn -> not_churned,0.865017558152614,0.865017558152614,0.1101506059959447,0.0248318358514412,1.0,1.0,0.0,0.0,1.0,1.0,1.0,2.0,0.0,0.0,US,Higgsfield Creator,,other,us,AMERICAN EXPRESS COMPANY,credit,optional,pass,
user_99b5da40-cc79-4f4d-b91f-55613ffed42a,vol_churn,invol_churn,invol_churn,vol_churn -> invol_churn,0.8645920895841109,0.0150536694615771,0.1203542409543118,0.8645920895841109,1.0,1.0,0.0,0.0,1.0,1.0,1.0,2.0,0.0,0.0,JP,Higgsfield Creator,,hard-prompt,jp,"JCB INTERNATIONAL CREDIT CARD CO., LTD.",debit,not_supported,unavailable,
user_292f0141-a1c3-41fc-be95-d057ad371eca,not_churned,vol_churn,vol_churn,not_churned -> vol_churn,0.8642979063078134,0.1064764278855179,0.8642979063078134,0.0292256658066687,2.0,2.0,0.0,0.0,2.0,1.0,1.0,2.0,0.00030092592592592595,0.00030092592592592595,US,Higgsfield Ultimate,,limited,ee,"BANCO ITAU, S.A.",debit,optional,pass,
user_56688e8c-df07-4d7e-98e0-9c04f971cfc2,vol_churn,not_churned,not_churned,vol_churn -> not_churned,0.863175614183995,0.863175614183995,0.1165590713785646,0.0202653144374404,1.0,1.0,0.0,0.0,1.0,1.0,1.0,2.0,0.0,0.0,US,Higgsfield Ultimate,,hard-prompt,us,AMERICAN EXPRESS COMPANY,credit,optional,not_provided,
user_fc48b2b4-5e17-41b6-9f27-ee199399d1d7,vol_churn,invol_churn,invol_churn,vol_churn -> invol_churn,0.8614632643861042,0.0137028143762088,0.1248339212376867,0.8614632643861042,1.0,1.0,0.0,0.0,1.0,1.0,1.0,2.0,0.0,0.0,JP,Higgsfield Creator,,,jp,"JCB INTERNATIONAL CREDIT CARD CO., LTD.",debit,not_supported,unavailable,
user_07368f93-c910-4893-b7a7-523fda316977,not_churned,vol_churn,vol_churn,not_churned -> vol_churn,0.8611899667768391,0.1088263668530344,0.8611899667768391,0.0299836663701263,2.0,2.0,0.0,0.0,2.0,1.0,1.0,2.0,0.0002662037037037037,0.0002662037037037037,US,Higgsfield Ultimate,,limited,ee,"BANCO ITAU, S.A.",debit,optional,pass,
user_2ac4ca17-77b0-4900-bff6-99093da27dea,not_churned,vol_churn,vol_churn,not_churned -> vol_churn,0.8566959464548362,0.1141188692761425,0.8566959464548362,0.0291851842690212,2.0,2.0,0.0,0.0,2.0,1.0,1.0,2.0,0.00032407407407407406,0.00032407407407407406,US,Higgsfield Ultimate,,limited,ee,"BANCO ITAU, S.A.",debit,optional,pass,
user_31d03b83-2e54-4c6d-b8df-da27f7ce7aab,invol_churn,not_churned,not_churned,invol_churn -> not_churned,0.8544776695376082,0.8544776695376082,0.0634031688265021,0.0821191616358895,3.0,2.0,0.3333333333333333,1.0,2.0,2.0,2.0,4.0,13.328738425925925,13.328738425925925,NL,Higgsfield Ultimate,,high-cost,nl,,credit,optional,pass,card_declined
user_964ba4ac-4d9e-4f91-8e76-e3e6b70fe6b2,vol_churn,not_churned,not_churned,vol_churn -> not_churned,0.8523275889829047,0.8523275889829047,0.0946814905771202,0.0529909204399751,3.0,3.0,0.0,0.0,3.0,3.0,3.0,6.0,11.344513888888889,11.344513888888889,NL,Higgsfield Basic,,high-cost,nl,,credit,optional,not_provided,
user_1fd5dd18-6c24-43d7-a65a-65290fb330d3,not_churned,vol_churn,vol_churn,not_churned -> vol_churn,0.8516736718042381,0.1162729564325787,0.8516736718042381,0.032053371763183,2.0,2.0,0.0,0.0,2.0,1.0,1.0,2.0,0.0004166666666666667,0.0004166666666666667,US,Higgsfield Ultimate,,confusing,ee,"BANCO ITAU, S.A.",debit,optional,pass,
user_df81cb56-f9d7-4289-a442-79639a3dc2b2,vol_churn,not_churned,not_churned,vol_churn -> not_churned,0.8514687478562928,0.8514687478562928,0.1078829024335342,0.0406483497101731,4.0,4.0,0.0,0.0,4.0,3.0,3.0,6.0,13.865393518518518,13.865393518518518,KR,Higgsfield Ultimate,,confusing,kr,WOORI BANK,debit,optional,not_provided,
user_0cf2e76f-0e60-49e7-872c-d5d1bbc5006e,vol_churn,not_churned,not_churned,vol_churn -> not_churned,0.8468739723405536,0.8468739723405536,0.1035095333612385,0.0496164942982078,2.0,2.0,0.0,0.0,2.0,1.0,1.0,2.0,0.001736111111111111,0.001736111111111111,US,Higgsfield Creator,,high-cost,us,NAVY F.C.U.,debit,optional,not_provided,
user_09fd4017-63f1-4e82-b568-0f64304d4388,vol_churn,invol_churn,invol_churn,vol_churn -> invol_churn,0.8468110786177021,0.0338921085260964,0.1192968128562013,0.8468110786177021,1.0,1.0,0.0,0.0,1.0,1.0,1.0,2.0,0.0,0.0,JP,Higgsfield Basic,,other,jp,"JCB INTERNATIONAL CREDIT CARD CO., LTD.",debit,not_supported,pass,
user_6b2cf66d-394d-4ffe-91cb-d22c0ccc0034,vol_churn,not_churned,not_churned,vol_churn -> not_churned,0.8456736259804819,0.8456736259804819,0.0986492502120673,0.0556771238074507,1.0,1.0,0.0,0.0,1.0,1.0,1.0,2.0,0.0,0.0,AE,Higgsfield Ultimate,,inconsistent,ae,"UNITED BANK, LTD.",credit,optional,not_provided,
user_c921d16c-4165-4d0a-98a6-02932569d0a1,vol_churn,not_churned,not_churned,vol_churn -> not_churned,0.8455255405887737,0.8455255405887737,0.1214734970526221,0.033000962358604,1.0,1.0,0.0,0.0,1.0,1.0,1.0,2.0,0.0,0.0,US,Higgsfield Ultimate,,inconsistent,us,"CAPITAL ONE BANK (USA), N.A.",credit,optional,pass,
user_4894af6d-8607-47d2-afdb-4c81e64868f6,vol_churn,not_churned,not_churned,vol_churn -> not_churned,0.8446712055359247,0.8446712055359247,0.1063961597465718,0.0489326347175035,13.0,13.0,0.0,0.0,13.0,8.0,8.0,16.0,11.11787037037037,11.11787037037037,US,Higgsfield Ultimate,,other,us,"WELLS FARGO BANK, N.A.",debit,optional,not_provided,
user_88fc1894-7360-4c9b-8d67-1a6bd7a744b4,vol_churn,not_churned,not_churned,vol_churn -> not_churned,0.8441573994472562,0.8441573994472562,0.1113508278993083,0.0444917726534353,3.0,3.0,0.0,0.0,3.0,2.0,2.0,4.0,10.824814814814815,10.824814814814815,AU,Higgsfield Basic,,Inconsistent results,au,,debit,optional,not_provided,
user_51c2dc68-2629-48f9-8a25-6122097bd292,vol_churn,not_churned,not_churned,vol_churn -> not_churned,0.8420172257735867,0.8420172257735867,0.1250806683003302,0.0329021059260829,1.0,1.0,0.0,0.0,1.0,1.0,1.0,2.0,0.0,0.0,US,Higgsfield Creator,,inconsistent,us,GRCC,credit,optional,not_provided,
user_ab49679d-1d2b-4ccf-b708-6265b14a06b9,vol_churn,not_churned,not_churned,vol_churn -> not_churned,0.8401502081594354,0.8401502081594354,0.1253434042801921,0.0345063875603724,1.0,1.0,0.0,0.0,1.0,1.0,1.0,2.0,0.0,0.0,DE,Higgsfield Creator,,high-cost,de,DEUTSCHE KREDITBANK AKTIENGESELLSCHAFT,credit,optional,pass,
user_129975fd-d7fd-491c-80f7-2b94629c1d9c,vol_churn,not_churned,not_churned,vol_churn -> not_churned,0.8400203258021739,0.8400203258021739,0.1001155676231969,0.0598641065746291,2.0,2.0,0.0,0.0,2.0,2.0,2.0,4.0,9.204525462962962,9.204525462962962,US,Higgsfield Basic,,hard-prompt,us,"WELLS FARGO BANK, N.A.",debit,optional,not_provided,
user_490b7034-f1e2-4352-9a13-7f5cac70ca15,vol_churn,invol_churn,invol_churn,vol_churn -> invol_churn,0.8395772587661496,0.0180143081212805,0.1424084331125699,0.8395772587661496,1.0,1.0,0.0,0.0,1.0,1.0,1.0,2.0,0.0,0.0,JP,Higgsfield Creator,,,jp,"JCB INTERNATIONAL CREDIT CARD CO., LTD.",debit,not_supported,unavailable,
user_549f519e-ec91-42a6-a7a9-7bbd48f573aa,not_churned,invol_churn,invol_churn,not_churned -> invol_churn,0.8391380934620892,0.1089311679647168,0.0519307385731937,0.8391380934620892,1.0,1.0,0.0,0.0,1.0,1.0,1.0,2.0,0.0,0.0,US,Higgsfield Ultimate,,other,sg,STANDARD CHARTERED BANK,debit,optional,pass,
user_36ae87d3-6f6c-48be-8d1f-4108ec6f6e30,vol_churn,not_churned,not_churned,vol_churn -> not_churned,0.8380225251117641,0.8380225251117641,0.1090767150594559,0.0529007598287799,1.0,1.0,0.0,0.0,1.0,1.0,1.0,2.0,0.0,0.0,EE,Higgsfield Ultimate,,high-cost,ee,"SWEDBANK, A.S.",credit,optional,pass,
user_49aeb623-0bef-4ca2-8adc-470d7ab52350,vol_churn,not_churned,not_churned,vol_churn -> not_churned,0.8346105562362877,0.8346105562362877,0.1293399384893501,0.0360495052743622,2.0,2.0,0.0,0.0,2.0,2.0,2.0,4.0,10.755891203703703,10.755891203703703,DE,Higgsfield Basic,,high-cost,de,BANK AUDI- AUDI SARADAR GROUP,debit,optional,not_provided,
user_e8b251ea-a25a-4bac-a91e-a912ac156b23,vol_churn,not_churned,not_churned,vol_churn -> not_churned,0.8332282573760261,0.8332282573760261,0.1247123339124218,0.0420594087115519,1.0,1.0,0.0,0.0,1.0,1.0,1.0,2.0,0.0,0.0,US,Higgsfield Ultimate,,inconsistent,us,"JPMORGAN CHASE BANK, N.A.",debit,optional,pass,
user_f319d383-c278-4463-befa-01a76a158460,vol_churn,not_churned,not_churned,vol_churn -> not_churned,0.8312734480278399,0.8312734480278399,0.1259568062478114,0.0427697457243487,1.0,1.0,0.0,0.0,1.0,1.0,1.0,2.0,0.0,0.0,US,Higgsfield Ultimate,,hard-prompt,us,,credit,optional,pass,
user_07c0b160-07b7-45de-b1c5-d0ffc5b1f4d9,vol_churn,not_churned,not_churned,vol_churn -> not_churned,0.830671684376395,0.830671684376395,0.1225673772316551,0.0467609383919498,6.0,6.0,0.0,0.0,6.0,6.0,6.0,12.0,12.919409722222222,12.919409722222222,KR,Higgsfield Ultimate,,,kr,CREDIT MOSCOW BANK,credit,optional,not_provided,
user_d4ae828e-376f-467a-987d-e3998915d3d6,vol_churn,not_churned,not_churned,vol_churn -> not_churned,0.8293732125805932,0.8293732125805932,0.1116116026095854,0.0590151848098213,3.0,3.0,0.0,0.0,3.0,2.0,2.0,4.0,10.95892361111111,10.95892361111111,AU,Higgsfield Basic,,,au,WESTPAC BANKING CORPORATION,debit,optional,not_provided,
user_0f727bbf-a24a-4612-97e1-176af0f2e0c8,vol_churn,not_churned,not_churned,vol_churn -> not_churned,0.828769058753666,0.828769058753666,0.1374401807285744,0.0337907605177595,1.0,1.0,0.0,0.0,1.0,1.0,1.0,2.0,0.0,0.0,CH,Higgsfield Ultimate,,confusing,ch,"VISECA CARD SERVICES, S.A.",credit,optional,pass,
user_893d401a-3883-495f-b8f3-77aadefdf8b2,vol_churn,not_churned,not_churned,vol_churn -> not_churned,0.8277709333298577,0.8277709333298577,0.0918359696509456,0.0803930970191967,1.0,1.0,0.0,0.0,1.0,1.0,1.0,2.0,0.0,0.0,PL,Higgsfield Creator,,other,pl,"ING BANK SLASKI, S.A.",debit,optional,pass,
user_ffd9e2ee-7af3-4ad5-89fb-6f7727dc601a,vol_churn,not_churned,not_churned,vol_churn -> not_churned,0.8246854465115812,0.8246854465115812,0.1349891536342713,0.0403253998541474,1.0,1.0,0.0,0.0,1.0,1.0,1.0,2.0,0.0,0.0,US,Higgsfield Ultimate,,limited,us,,credit,optional,not_provided,
user_b5fd4ac6-4259-4f74-a0fb-7f37a1a4f147,vol_churn,not_churned,not_churned,vol_churn -> not_churned,0.823970352164294,0.823970352164294,0.1316866612370148,0.0443429865986912,3.0,3.0,0.0,0.0,3.0,3.0,3.0,6.0,6.7271527777777775,6.7271527777777775,US,Higgsfield Ultimate,,high-cost,us,"JPMORGAN CHASE BANK, N.A.",debit,optional,not_provided,
user_b10a3ca0-7c3d-4f5a-95fe-78e6c289602c,vol_churn,invol_churn,invol_churn,vol_churn -> invol_churn,0.8233895181868323,0.0169761836325003,0.1596342981806672,0.8233895181868323,1.0,1.0,0.0,0.0,1.0,1.0,1.0,2.0,0.0,0.0,JP,Higgsfield Creator,,,jp,"JCB INTERNATIONAL CREDIT CARD CO., LTD.",debit,not_supported,unavailable,
user_2722cc4c-ace2-4588-9897-c49d1bb6851d,vol_churn,invol_churn,invol_churn,vol_churn -> invol_churn,0.8233895181868323,0.0169761836325003,0.1596342981806672,0.8233895181868323,1.0,1.0,0.0,0.0,1.0,1.0,1.0,2.0,0.0,0.0,JP,Higgsfield Creator,,,jp,"JCB INTERNATIONAL CREDIT CARD CO., LTD.",debit,not_supported,unavailable,
user_4724b5b6-71b9-49c6-a1c4-fd75e4bb45c2,vol_churn,invol_churn,invol_churn,vol_churn -> invol_churn,0.8233895181868323,0.0169761836325003,0.1596342981806672,0.8233895181868323,1.0,1.0,0.0,0.0,1.0,1.0,1.0,2.0,0.0,0.0,JP,Higgsfield Creator,,,jp,"JCB INTERNATIONAL CREDIT CARD CO., LTD.",debit,not_supported,unavailable,
user_5698334f-66f7-4a7c-b5f7-8912dddc9a6e,not_churned,invol_churn,invol_churn,not_churned -> invol_churn,0.8233895181868323,0.0169761836325003,0.1596342981806672,0.8233895181868323,1.0,1.0,0.0,0.0,1.0,1.0,1.0,2.0,0.0,0.0,JP,Higgsfield Creator,,,jp,"JCB INTERNATIONAL CREDIT CARD CO., LTD.",debit,not_supported,unavailable,
user_de1bb7c4-661d-42a5-87a6-8d4c310fbded,vol_churn,not_churned,not_churned,vol_churn -> not_churned,0.822497274931575,0.822497274931575,0.1437705126121314,0.0337322124562936,1.0,1.0,0.0,0.0,1.0,1.0,1.0,2.0,0.0,0.0,CA,Higgsfield Creator,,inconsistent,ca,LA FEDERATION DES CAISSES DESJARDINS DU QUEBEC,credit,optional,pass,
user_2a2385ed-4745-4d14-8da8-2efd74587aaf,vol_churn,not_churned,not_churned,vol_churn -> not_churned,0.8221809403089222,0.8221809403089222,0.14870668652904,0.0291123731620377,1.0,1.0,0.0,0.0,1.0,1.0,1.0,2.0,0.0,0.0,US,Higgsfield Ultimate,,limited,us,AMERICAN EXPRESS COMPANY,credit,optional,pass,
user_1c87c027-ff10-47ae-b90c-f41cb34b75cd,invol_churn,not_churned,not_churned,invol_churn -> not_churned,0.8208918775149764,0.8208918775149764,0.1264545826264738,0.0526535398585497,2.0,2.0,0.0,0.0,2.0,2.0,2.0,4.0,10.669479166666667,10.669479166666667,US,Higgsfield Pro,,inconsistent,us,"JPMORGAN CHASE BANK, N.A.",debit,optional,not_provided,
user_fa604549-1d7f-4aed-9dd3-07c5dafaa081,vol_churn,invol_churn,invol_churn,vol_churn -> invol_churn,0.820545521891304,0.0245098387852574,0.1549446393234384,0.820545521891304,1.0,1.0,0.0,0.0,1.0,1.0,1.0,2.0,0.0,0.0,JP,Higgsfield Ultimate,,,jp,"JCB INTERNATIONAL CREDIT CARD CO., LTD.",debit,not_supported,unavailable,
user_f2c8bf36-5ea1-4773-a539-76fbfa289343,invol_churn,not_churned,not_churned,invol_churn -> not_churned,0.819939391225356,0.819939391225356,0.1596632035560777,0.0203974052185661,1.0,1.0,0.0,0.0,1.0,1.0,1.0,2.0,0.0,0.0,US,Higgsfield Ultimate,,inconsistent,us,AMERICAN EXPRESS COMPANY,credit,optional,not_provided,
user_1f501f16-0a6c-4950-abfb-51dc283989e5,vol_churn,not_churned,not_churned,vol_churn -> not_churned,0.8192302269752113,0.8192302269752113,0.137320740573872,0.0434490324509166,1.0,1.0,0.0,0.0,1.0,1.0,1.0,2.0,0.0,0.0,GB,Higgsfield Ultimate,,hard-prompt,gb,BARCLAYS BANK PLC,credit,optional,pass,
user_1391193a-10a9-4458-a5e0-7f5e1e15fb1a,vol_churn,not_churned,not_churned,vol_churn -> not_churned,0.8187526761787809,0.8187526761787809,0.1370397053453042,0.0442076184759148,1.0,1.0,0.0,0.0,1.0,1.0,1.0,2.0,0.0,0.0,US,Higgsfield Ultimate,,confusing,us,"CHASE BANK USA, N.A.",credit,optional,pass,
user_3f2233d7-6516-4dc0-8771-3ba6975e38f6,not_churned,vol_churn,vol_churn,not_churned -> vol_churn,0.8178094585677422,0.122481374255615,0.8178094585677422,0.0597091671766427,2.0,2.0,0.0,0.0,2.0,1.0,1.0,2.0,0.0003125,0.0003125,US,Higgsfield Ultimate,,hard-prompt,ee,,debit,optional,pass,
user_bb44e625-e345-4a9d-b31f-cdbea0d421a3,vol_churn,not_churned,not_churned,vol_churn -> not_churned,0.8170585472046881,0.8170585472046881,0.0888048570887315,0.0941365957065803,3.0,2.0,0.3333333333333333,1.0,2.0,2.0,2.0,4.0,7.096956018518519,7.096956018518519,US,Higgsfield Basic,,other,us,"JPMORGAN CHASE BANK, N.A.",debit,optional,not_provided,card_declined
user_7a1a6844-d2b7-41f8-8fdd-c8999d94d22e,vol_churn,not_churned,not_churned,vol_churn -> not_churned,0.815212574962881,0.815212574962881,0.1314426139881042,0.0533448110490147,1.0,1.0,0.0,0.0,1.0,1.0,1.0,2.0,0.0,0.0,US,Higgsfield Basic,marketer,,us,AMERICAN EXPRESS COMPANY,credit,optional,pass,
user_5ca515de-67ac-490c-92e7-a093112b938b,not_churned,vol_churn,vol_churn,not_churned -> vol_churn,0.8138954392665678,0.1247866849305923,0.8138954392665678,0.0613178758028397,2.0,2.0,0.0,0.0,2.0,1.0,1.0,2.0,0.0007407407407407407,0.0007407407407407407,US,Higgsfield Ultimate,,hard-prompt,ee,,debit,optional,pass,
user_ad6309fe-31c9-4495-b19d-1b74a8c24ee2,vol_churn,not_churned,not_churned,vol_churn -> not_churned,0.813802754134269,0.813802754134269,0.1531939030790362,0.0330033427866948,1.0,1.0,0.0,0.0,1.0,1.0,1.0,2.0,0.0,0.0,US,Higgsfield Ultimate,,inconsistent,us,AMERICAN EXPRESS US CONSUMER,credit,optional,pass,
user_d1e46476-5a2a-446b-916a-f19d678933e1,vol_churn,not_churned,not_churned,vol_churn -> not_churned,0.813667950391359,0.813667950391359,0.1043130575029499,0.082018992105691,2.0,2.0,0.0,0.0,2.0,2.0,2.0,4.0,13.539259259259259,13.539259259259259,US,Higgsfield Ultimate,,,us,"WELLS FARGO BANK, N.A.",debit,optional,not_provided,
user_32600b3f-7ed8-4f6f-9711-2971c344a530,vol_churn,not_churned,not_churned,vol_churn -> not_churned,0.8122902144975567,0.8122902144975567,0.1509142544162824,0.0367955310861607,1.0,1.0,0.0,0.0,1.0,1.0,1.0,2.0,0.0,0.0,CA,Higgsfield Creator,,high-cost,ca,TORONTO-DOMINION BANK,credit,optional,not_provided,
user_faa02866-96b2-4c38-b725-d461d90ee843,vol_churn,not_churned,not_churned,vol_churn -> not_churned,0.8119981482093261,0.8119981482093261,0.1565392724283463,0.0314625793623274,1.0,1.0,0.0,0.0,1.0,1.0,1.0,2.0,0.0,0.0,AU,Higgsfield Ultimate,,inconsistent,au,"NATIONAL AUSTRALIA BANK, LTD.",credit,optional,pass,
user_30ac31ae-a358-43c1-8d22-41b5a5d2d894,not_churned,vol_churn,vol_churn,not_churned -> vol_churn,0.8105310840310256,0.1345221973128829,0.8105310840310256,0.0549467186560914,2.0,2.0,0.0,0.0,2.0,1.0,1.0,2.0,0.001388888888888889,0.001388888888888889,US,Higgsfield Ultimate,,limited,ee,,debit,optional,pass,
user_b22d4af0-ee2c-410f-b20b-45f313243c27,invol_churn,not_churned,not_churned,invol_churn -> not_churned,0.8101890949495604,0.8101890949495604,0.1579807569835653,0.0318301480668742,1.0,1.0,0.0,0.0,1.0,1.0,1.0,2.0,0.0,0.0,US,Higgsfield Ultimate,,inconsistent,us,AMERICAN EXPRESS COMPANY,credit,optional,not_provided,
user_18733d69-4d96-4809-b391-03859ce6e132,vol_churn,not_churned,not_churned,vol_churn -> not_churned,0.8101636800816999,0.8101636800816999,0.139771872364542,0.050064447553758,27.0,27.0,0.0,0.0,27.0,10.0,10.0,20.0,11.189918981481481,11.189918981481481,US,Higgsfield Ultimate,,inconsistent,us,"CAPITAL ONE BANK (USA), N.A.",credit,optional,not_provided,
user_b715610a-8db1-4174-a026-ddfceb126c40,invol_churn,not_churned,not_churned,invol_churn -> not_churned,0.8095187429233079,0.8095187429233079,0.1061047795081225,0.0843764775685693,2.0,2.0,0.0,0.0,2.0,2.0,2.0,4.0,12.904004629629629,12.904004629629629,FR,Higgsfield Creator,,inconsistent,fr,SOCIETE GENERALE,debit,optional,pass,
user_2df54271-b810-4427-8588-2f60972c8657,vol_churn,not_churned,not_churned,vol_churn -> not_churned,0.8090656946230381,0.8090656946230381,0.1336405205601649,0.0572937848167969,4.0,4.0,0.0,0.0,4.0,4.0,4.0,8.0,12.062766203703704,12.062766203703704,GB,Higgsfield Basic,,high-cost,gb,ROYAL BANK OF SCOTlanD,debit,optional,not_provided,
user_323ac932-b243-4a8f-8367-83981e00aa4f,vol_churn,not_churned,not_churned,vol_churn -> not_churned,0.8089382332300981,0.8089382332300981,0.1158121844247629,0.075249582345139,2.0,2.0,0.0,0.0,2.0,2.0,2.0,4.0,7.2271527777777775,7.2271527777777775,GB,Higgsfield Pro,,confusing,gb,"WISE PAYMENTS, LTD.",debit,optional,not_provided,
user_7b22f994-711d-4596-ac66-13f7675b18d7,not_churned,vol_churn,vol_churn,not_churned -> vol_churn,0.8085693209570717,0.134513288666551,0.8085693209570717,0.0569173903763773,2.0,2.0,0.0,0.0,2.0,1.0,1.0,2.0,0.0002314814814814815,0.0002314814814814815,US,Higgsfield Ultimate,,confusing,ee,,debit,optional,pass,
user_41b18575-1db7-46ab-93d0-057f374e2637,vol_churn,not_churned,not_churned,vol_churn -> not_churned,0.8084915561657685,0.8084915561657685,0.1656867449058695,0.0258216989283621,1.0,1.0,0.0,0.0,1.0,1.0,1.0,2.0,0.0,0.0,DE,Higgsfield Ultimate,,inconsistent,de,DEUTSCHE BANK AG,credit,optional,pass,
user_32dc9c9e-834d-47b5-896d-06c7720b0d0b,vol_churn,not_churned,not_churned,vol_churn -> not_churned,0.8082856457351525,0.8082856457351525,0.1508552184831962,0.0408591357816513,1.0,1.0,0.0,0.0,1.0,1.0,1.0,2.0,0.0,0.0,US,Higgsfield Ultimate,creator,,us,AMERICAN EXPRESS US CONSUMER,credit,optional,not_provided,
user_e7fb6774-b6a7-40ba-93ce-58107a65b25e,vol_churn,not_churned,not_churned,vol_churn -> not_churned,0.8078206564227198,0.8078206564227198,0.164529912051976,0.027649431525304,1.0,1.0,0.0,0.0,1.0,1.0,1.0,2.0,0.0,0.0,DE,Higgsfield Ultimate,,inconsistent,de,DEUTSCHE KREDITBANK AKTIENGESELLSCHAFT,credit,optional,pass,
user_1ddde26c-97d7-4db7-88fa-cf4ee7d0cdee,invol_churn,not_churned,not_churned,invol_churn -> not_churned,0.806907119147361,0.806907119147361,0.1200329515385068,0.0730599293141321,1.0,1.0,0.0,0.0,1.0,1.0,1.0,2.0,0.0,0.0,AE,Higgsfield Ultimate,,hard-prompt,ae,CORPORATE COMMERCIAL BANK A.D.,debit,optional,pass,
user_39ab8f8f-57d1-4c1d-b9e1-c9a377870105,vol_churn,not_churned,not_churned,vol_churn -> not_churned,0.8067468516377119,0.8067468516377119,0.140635905153805,0.052617243208483,1.0,1.0,0.0,0.0,1.0,1.0,1.0,2.0,0.0,0.0,GB,Higgsfield Ultimate,,high-cost,gb,BARCLAYS BANK PLC,debit,optional,pass,
user_cb22a62b-ce5e-4f18-86a1-f4c98bb98433,vol_churn,not_churned,not_churned,vol_churn -> not_churned,0.8054765165128033,0.8054765165128033,0.1514943862119291,0.0430290972752674,1.0,1.0,0.0,0.0,1.0,1.0,1.0,2.0,0.0,0.0,ES,Higgsfield Ultimate,,inconsistent,es,BANCO ESPANOL DE CREDITO S.A. (BANESTO),debit,optional,not_provided,
user_3dbe3cce-c148-4e77-984d-ee9207dfb2f9,vol_churn,not_churned,not_churned,vol_churn -> not_churned,0.804595582098881,0.804595582098881,0.1672454870861877,0.0281589308149313,1.0,1.0,0.0,0.0,1.0,1.0,1.0,2.0,0.0,0.0,CA,Higgsfield Ultimate,,high-cost,ca,LA FEDERATION DES CAISSES DESJARDINS DU QUEBEC,credit,optional,not_provided,
user_93b91974-b16a-4ae5-92e4-d6546ec59659,vol_churn,not_churned,not_churned,vol_churn -> not_churned,0.8042951667114354,0.8042951667114354,0.1600781965831891,0.0356266367053753,1.0,1.0,0.0,0.0,1.0,1.0,1.0,2.0,0.0,0.0,CH,Higgsfield Ultimate,,high-cost,ch,UBS AG,credit,optional,pass,
user_a2b43739-c9f9-4235-be9d-efd7d81d9405,not_churned,invol_churn,invol_churn,not_churned -> invol_churn,0.8035829514085796,0.1062029844448134,0.0902140641466069,0.8035829514085796,1.0,1.0,0.0,0.0,1.0,1.0,1.0,2.0,0.0,0.0,US,Higgsfield Ultimate,,limited,hk,CREDOMATIC DE MEXICO S.A. DE C.V.,credit,optional,pass,
user_2f1f578f-4cfe-4b04-b3c6-2ad0769aef84,vol_churn,not_churned,not_churned,vol_churn -> not_churned,0.8031863159457876,0.8031863159457876,0.1008840873598681,0.0959295966943441,1.0,1.0,0.0,0.0,1.0,1.0,1.0,2.0,0.0,0.0,GB,Higgsfield Basic,creator,,gb,,debit,optional,not_provided,
user_37251a87-ca71-407a-937a-4d5120efaa1e,vol_churn,not_churned,not_churned,vol_churn -> not_churned,0.8031713864608748,0.8031713864608748,0.1464405632701607,0.0503880502689644,1.0,1.0,0.0,0.0,1.0,1.0,1.0,2.0,0.0,0.0,FR,Higgsfield Ultimate,,limited,fr,"STANDARD CHARTERED BANK ZIMBABWE, LTD.",credit,optional,pass,
user_d80fa092-2fc5-4d56-8c10-d3121b96ee91,vol_churn,not_churned,not_churned,vol_churn -> not_churned,0.802017925064688,0.802017925064688,0.172478660511938,0.0255034144233739,1.0,1.0,0.0,0.0,1.0,1.0,1.0,2.0,0.0,0.0,US,Higgsfield Ultimate,,Inconsistent results,us,AMERICAN EXPRESS COMPANY,credit,optional,pass,
user_34d7a1d3-1731-42ee-89f3-d7066d857ff1,vol_churn,not_churned,not_churned,vol_churn -> not_churned,0.8017985667700845,0.8017985667700845,0.1731913194659571,0.0250101137639582,1.0,1.0,0.0,0.0,1.0,1.0,1.0,2.0,0.0,0.0,US,Higgsfield Basic,,inconsistent,us,AMERICAN EXPRESS COMPANY,credit,optional,not_provided,
user_481887b8-cb5f-42c5-9aec-5fe5556ee70c,invol_churn,not_churned,not_churned,invol_churn -> not_churned,0.8017914680789539,0.8017914680789539,0.1630840114780232,0.0351245204430228,1.0,1.0,0.0,0.0,1.0,1.0,1.0,2.0,0.0,0.0,DE,Higgsfield Creator,,inconsistent,de,BANQUE LIBANO-FRANCAISE S.A.L. /COMMERCE AND FINANCE S.A.L.,credit,optional,pass,
user_935956ec-c707-4cec-80e5-6424208c6072,not_churned,invol_churn,invol_churn,not_churned -> invol_churn,0.8004959994332607,0.1349286884399244,0.0645753121268151,0.8004959994332607,1.0,1.0,0.0,0.0,1.0,1.0,1.0,2.0,0.0,0.0,VN,Higgsfield Ultimate,,high-cost,vn,"CREDIT SAISON CO., LTD.",debit,optional,pass,
user_25c6a979-e96f-43fe-92e0-0121da3aa4e0,vol_churn,not_churned,not_churned,vol_churn -> not_churned,0.8000165075360689,0.8000165075360689,0.1656368236136264,0.0343466688503046,1.0,1.0,0.0,0.0,1.0,1.0,1.0,2.0,0.0,0.0,US,Higgsfield Ultimate,,inconsistent,us,"CHASE BANK USA, N.A.",credit,optional,not_provided,
user_3f4efbdf-54cf-4b69-b6c0-e2ff0f377586,vol_churn,not_churned,not_churned,vol_churn -> not_churned,0.799323144859484,0.799323144859484,0.1607946944439656,0.0398821606965503,1.0,1.0,0.0,0.0,1.0,1.0,1.0,2.0,0.0,0.0,CA,Higgsfield Ultimate,,other,ca,NATIONAL BANK OF CANADA,credit,optional,not_provided,
user_d168189d-d9d6-4cca-bcea-e11e2173cd1a,invol_churn,not_churned,not_churned,invol_churn -> not_churned,0.7990983757926641,0.7990983757926641,0.1528493852325574,0.0480522389747782,1.0,1.0,0.0,0.0,1.0,1.0,1.0,2.0,0.0,0.0,US,Higgsfield Ultimate,,other,us,"CHASE BANK USA, N.A.",credit,optional,pass,
user_f39f6265-a59f-4824-b506-dc0a0c3c7058,vol_churn,not_churned,not_churned,vol_churn -> not_churned,0.7990913143864136,0.7990913143864136,0.1231110227729824,0.077797662840604,1.0,1.0,0.0,0.0,1.0,1.0,1.0,2.0,0.0,0.0,FR,Higgsfield Ultimate,,inconsistent,fr,FIFTH THIRD BANK,debit,optional,pass,
user_ca757e6e-3461-4477-b927-a4590b120c14,vol_churn,not_churned,not_churned,vol_churn -> not_churned,0.7987469370706745,0.7987469370706745,0.1532929041903475,0.047960158738978,1.0,1.0,0.0,0.0,1.0,1.0,1.0,2.0,0.0,0.0,US,Higgsfield Ultimate,brand-owner,,us,"CHASE BANK USA, N.A.",credit,optional,not_provided,
user_fec02867-313f-48a9-a1f6-8e66fa86c6dd,vol_churn,not_churned,not_churned,vol_churn -> not_churned,0.7986906667691317,0.7986906667691317,0.1101249173851967,0.0911844158456714,1.0,1.0,0.0,0.0,1.0,1.0,1.0,2.0,0.0,0.0,GB,Higgsfield Ultimate,founder,,gb,,credit,optional,pass,
user_27594967-14dc-4376-b152-aa3934d5dea7,not_churned,vol_churn,vol_churn,not_churned -> vol_churn,0.7986186666274474,0.1467309389566495,0.7986186666274474,0.0546503944159031,2.0,2.0,0.0,0.0,2.0,1.0,1.0,2.0,0.00032407407407407406,0.00032407407407407406,US,Higgsfield Ultimate,,high-cost,ee,,debit,optional,pass,
user_0a4042e8-1e73-4715-9a9f-b8c9756d4c2a,invol_churn,not_churned,not_churned,invol_churn -> not_churned,0.7980631931876704,0.7980631931876704,0.1362132943257831,0.0657235124865463,8.0,8.0,0.0,0.0,8.0,5.0,5.0,10.0,11.88619212962963,11.88619212962963,US,Higgsfield Ultimate,,inconsistent,us,FROST NATIONAL BANK,debit,optional,not_provided,
user_7fd5978e-6031-48a8-b5f8-04abbec9204e,invol_churn,not_churned,not_churned,invol_churn -> not_churned,0.7977209182705346,0.7977209182705346,0.14455469755737,0.0577243841720953,1.0,1.0,0.0,0.0,1.0,1.0,1.0,2.0,0.0,0.0,ES,Higgsfield Ultimate,,hard-prompt,es,"BANCO BILBAO VIZCAYA ARGENTARIA, S.A.",credit,optional,not_provided,
user_da91f5cb-3918-47ef-a874-ecc14d81f3cd,not_churned,vol_churn,vol_churn,not_churned -> vol_churn,0.7971244330871738,0.1521947434289506,0.7971244330871738,0.0506808234838755,2.0,2.0,0.0,0.0,2.0,1.0,1.0,2.0,0.0002546296296296296,0.0002546296296296296,US,Higgsfield Ultimate,,inconsistent,ee,,debit,optional,pass,
user_3a3725e1-3bde-477c-ab5a-e0359a9e48e9,invol_churn,not_churned,not_churned,invol_churn -> not_churned,0.7970584499479259,0.7970584499479259,0.1238593035997775,0.0790822464522967,1.0,1.0,0.0,0.0,1.0,1.0,1.0,2.0,0.0,0.0,IT,Higgsfield Creator,,limited,it,CAJA DE AHORROS DE MADRID (CAJA MADRID),debit,optional,pass,
user_fe6c24f9-09aa-4820-8bf0-32a328fa186f,vol_churn,not_churned,not_churned,vol_churn -> not_churned,0.7966137113725998,0.7966137113725998,0.149883416538352,0.0535028720890481,1.0,1.0,0.0,0.0,1.0,1.0,1.0,2.0,0.0,0.0,AU,Higgsfield Basic,,,au,"BANCO UNO, S.A.",debit,optional,not_provided,
user_a9f07914-f2b3-4831-a4d3-97733251678b,invol_churn,not_churned,not_churned,invol_churn -> not_churned,0.7963630524677014,0.7963630524677014,0.1490994889284784,0.0545374586038201,1.0,1.0,0.0,0.0,1.0,1.0,1.0,2.0,0.0,0.0,AU,Higgsfield Creator,,high-cost,au,,debit,optional,not_provided,
user_cde05c3b-ee82-40aa-8ab0-ccab662cac25,vol_churn,not_churned,not_churned,vol_churn -> not_churned,0.7963422767073667,0.7963422767073667,0.1282117166203968,0.0754460066722365,2.0,2.0,0.0,0.0,2.0,2.0,2.0,4.0,5.115787037037037,5.115787037037037,GB,Higgsfield Creator,,inconsistent,ie,,debit,optional,not_provided,
user_850822cf-fe48-48f1-8851-9e27eed1b0f7,vol_churn,not_churned,not_churned,vol_churn -> not_churned,0.7961525141761945,0.7961525141761945,0.1052981045905776,0.0985493812332279,2.0,2.0,0.0,0.0,2.0,2.0,2.0,4.0,12.874780092592593,12.874780092592593,CL,Higgsfield Ultimate,creator,,cl,SCOTIABANK SUD AMERICANO,debit,optional,not_provided,
user_08358beb-2200-4e4f-8b10-b6353d1af62f,not_churned,invol_churn,invol_churn,not_churned -> invol_churn,0.7960800916134175,0.137864101404068,0.0660558069825144,0.7960800916134175,1.0,1.0,0.0,0.0,1.0,1.0,1.0,2.0,0.0,0.0,US,Higgsfield Creator,,limited,hk,FIRST ARKANSAS BANK AND TRUST,credit,optional,pass,
user_2336864c-d164-493b-ab4d-0ebda4ef8f6e,invol_churn,not_churned,not_churned,invol_churn -> not_churned,0.7958610297673283,0.7958610297673283,0.1380984275779585,0.0660405426547131,1.0,1.0,0.0,0.0,1.0,1.0,1.0,2.0,0.0,0.0,FR,Higgsfield Basic,,hard-prompt,fr,BNP PARIBAS,credit,optional,pass,
user_5dc780fe-8b04-4ab4-92f1-9c9ba1da6efb,vol_churn,not_churned,not_churned,vol_churn -> not_churned,0.7950478184410221,0.7950478184410221,0.14330350892622,0.0616486726327577,1.0,1.0,0.0,0.0,1.0,1.0,1.0,2.0,0.0,0.0,US,Higgsfield Basic,filmmaker,,us,"CHASE BANK USA, N.A.",credit,optional,pass,
user_b1d7278f-d2ee-4764-9ab4-5e2ad4251e62,invol_churn,not_churned,not_churned,invol_churn -> not_churned,0.7950283503963979,0.7950283503963979,0.0948498573519967,0.1101217922516053,1.0,1.0,0.0,0.0,1.0,1.0,1.0,2.0,0.0,0.0,AE,Higgsfield Creator,,inconsistent,ae,UNITED OVERSEAS BANK PHILIPPINES,credit,optional,pass,
user_8f2ff81e-55e5-4e91-a6d9-8b676bd2897d,vol_churn,not_churned,not_churned,vol_churn -> not_churned,0.7949105994073438,0.7949105994073438,0.1001089279714801,0.104980472621176,2.0,2.0,0.0,0.0,2.0,2.0,2.0,4.0,7.710034722222222,7.710034722222222,GB,Higgsfield Ultimate,,inconsistent,gb,WASHINGTON MUTUAL,debit,optional,not_provided,
user_9d6d0b7d-43f3-48f2-9e15-cbf696bb10c3,vol_churn,not_churned,not_churned,vol_churn -> not_churned,0.7938505565761873,0.7938505565761873,0.1103206541099066,0.095828789313906,2.0,2.0,0.0,0.0,2.0,2.0,2.0,4.0,12.193645833333333,12.193645833333333,FR,Higgsfield Basic,,inconsistent,fr,,debit,optional,not_provided,
user_43342798-21b8-49aa-b496-7503813b9ec4,vol_churn,not_churned,not_churned,vol_churn -> not_churned,0.7932424537979053,0.7932424537979053,0.1447694796154557,0.061988066586639,1.0,1.0,0.0,0.0,1.0,1.0,1.0,2.0,0.0,0.0,US,Higgsfield Basic,,hard-prompt,us,"BANK OF AMERICA, N.A.",debit,optional,not_provided,
user_17f7e243-6dbb-4298-94b6-51fb6344f530,invol_churn,not_churned,not_churned,invol_churn -> not_churned,0.7931509766991901,0.7931509766991901,0.1360863331668027,0.0707626901340071,1.0,1.0,0.0,0.0,1.0,1.0,1.0,2.0,0.0,0.0,US,Higgsfield Creator,,high-cost,us,BANCO BILBAO VIZCAYA ARGENTARIA (PANAMA) S.A. - BBVA (PANAMA,credit,optional,not_provided,
user_8bf365a5-46fc-490d-b3e8-0cf15804c409,vol_churn,not_churned,not_churned,vol_churn -> not_churned,0.7925975886637557,0.7925975886637557,0.164094837718364,0.0433075736178801,1.0,1.0,0.0,0.0,1.0,1.0,1.0,2.0,0.0,0.0,IT,Higgsfield Ultimate,,,it,INTESA SANPAOLO S.P.A.,credit,optional,not_provided,
user_5dd508a8-7f79-4239-8b67-da095683dfc9,invol_churn,not_churned,not_churned,invol_churn -> not_churned,0.7922191835099864,0.7922191835099864,0.1746821939879937,0.0330986225020198,1.0,1.0,0.0,0.0,1.0,1.0,1.0,2.0,0.0,0.0,AU,Higgsfield Creator,,inconsistent,au,IMPERIAL BANK,debit,optional,not_provided,
user_954096ba-7e6e-4be8-95e2-90abb823185a,vol_churn,not_churned,not_churned,vol_churn -> not_churned,0.7920285619174986,0.7920285619174986,0.1345451384530517,0.0734262996294495,1.0,1.0,0.0,0.0,1.0,1.0,1.0,2.0,0.0,0.0,ES,Higgsfield Ultimate,,high-cost,es,"BANCO BILBAO VIZCAYA ARGENTARIA, S.A.",credit,optional,pass,
user_b7ef65fd-39b8-494c-a803-6a22284bae77,vol_churn,not_churned,not_churned,vol_churn -> not_churned,0.7918821109242002,0.7918821109242002,0.1658197366345896,0.04229815244121,1.0,1.0,0.0,0.0,1.0,1.0,1.0,2.0,0.0,0.0,KR,Higgsfield Basic,marketer,,kr,KOOKMIN BANK,credit,optional,not_provided,
user_8ce17626-a971-481a-8663-2ee9f607acd7,vol_churn,not_churned,not_churned,vol_churn -> not_churned,0.7917290987117878,0.7917290987117878,0.1707250775860379,0.0375458237021742,1.0,1.0,0.0,0.0,1.0,1.0,1.0,2.0,0.0,0.0,SE,Higgsfield Basic,,hard-prompt,se,AMERICAN EXPRESS US,credit,optional,not_provided,
user_c9fa8acf-a639-4c45-badd-0808418b8c2e,vol_churn,not_churned,not_churned,vol_churn -> not_churned,0.7904451235986444,0.7904451235986444,0.1468379737758516,0.0627169026255039,4.0,4.0,0.0,0.0,4.0,3.0,3.0,6.0,5.78369212962963,5.78369212962963,DE,Higgsfield Basic,,,de,,debit,optional,not_provided,
user_218d50b4-63f5-4072-8bef-25fcc43fa06f,invol_churn,not_churned,not_churned,invol_churn -> not_churned,0.7900716867974584,0.7900716867974584,0.1125682178104468,0.0973600953920947,1.0,1.0,0.0,0.0,1.0,1.0,1.0,2.0,0.0,0.0,AE,Higgsfield Ultimate,,,ae,CORPORATE COMMERCIAL BANK A.D.,debit,optional,pass,
user_466a3536-353a-4a99-92d6-17f0a855098c,vol_churn,not_churned,not_churned,vol_churn -> not_churned,0.789733041442715,0.789733041442715,0.1086056432410449,0.1016613153162399,3.0,3.0,0.0,0.0,3.0,3.0,3.0,6.0,10.916712962962963,10.916712962962963,CZ,Higgsfield Basic,,high-cost,cz,VISA,debit,optional,not_provided,
user_b938491b-392c-40ac-a555-4d8b59a2be5e,invol_churn,not_churned,not_churned,invol_churn -> not_churned,0.789371570662619,0.789371570662619,0.1420171205868176,0.0686113087505634,1.0,1.0,0.0,0.0,1.0,1.0,1.0,2.0,0.0,0.0,US,Higgsfield Creator,,hard-prompt,us,,debit,optional,not_provided,
user_75248d4a-ab40-407d-b573-4a28f1f8a565,invol_churn,vol_churn,vol_churn,invol_churn -> vol_churn,0.7893505294916535,0.1409033248858636,0.7893505294916535,0.0697461456224828,1.0,1.0,0.0,0.0,1.0,1.0,1.0,2.0,0.0,0.0,US,Higgsfield Basic,,,ph,BANK OF THE PHILIPPINE ISLANDS,debit,optional,pass,
user_a2fa5a8f-0948-4caf-9b46-81067d4e1a71,vol_churn,not_churned,not_churned,vol_churn -> not_churned,0.7892206017556862,0.7892206017556862,0.1781567291603575,0.0326226690839562,1.0,1.0,0.0,0.0,1.0,1.0,1.0,2.0,0.0,0.0,KR,Higgsfield Basic,,inconsistent,kr,"SAMSUNG CARD CO., LTD.",credit,optional,pass,
user_26916e1e-98c1-4527-8753-947acfe8e5f8,vol_churn,invol_churn,invol_churn,vol_churn -> invol_churn,0.7889714366252386,0.1439685862939627,0.0670599770807986,0.7889714366252386,3.0,1.0,0.6666666666666666,2.0,1.0,1.0,1.0,2.0,0.0010648148148148149,0.0,ID,Higgsfield Ultimate,,hard-prompt,id,,debit,optional,pass,card_declined
user_08c9ae4c-dde6-4847-8648-7bd23caa91f1,vol_churn,not_churned,not_churned,vol_churn -> not_churned,0.7879992295386407,0.7879992295386407,0.1523602847237248,0.0596404857376344,1.0,1.0,0.0,0.0,1.0,1.0,1.0,2.0,0.0,0.0,CH,Higgsfield Pro,founder,,ch,UBS AG (UNION BANK OF SWITZERlanD),credit,optional,pass,
user_3b45e303-176e-4776-90a8-ea8c5d1d3595,vol_churn,not_churned,not_churned,vol_churn -> not_churned,0.7877199908180008,0.7877199908180008,0.1699738480783331,0.0423061611036661,1.0,1.0,0.0,0.0,1.0,1.0,1.0,2.0,0.0,0.0,US,Higgsfield Creator,,high-cost,us,"CHASE BANK USA, N.A.",credit,optional,not_provided,
user_d9fe388b-ee29-41ab-ae8b-af1782f4acbc,not_churned,invol_churn,invol_churn,not_churned -> invol_churn,0.7875421523748428,0.1539070901903308,0.0585507574348263,0.7875421523748428,1.0,1.0,0.0,0.0,1.0,1.0,1.0,2.0,0.0,0.0,US,Higgsfield Basic,,Other,sg,STANDARD CHARTERED BANK,debit,optional,pass,
user_d301a61c-f4ff-4358-ad2d-d533dd926d5b,vol_churn,not_churned,not_churned,vol_churn -> not_churned,0.7874309762059635,0.7874309762059635,0.1333626893455004,0.079206334448536,1.0,1.0,0.0,0.0,1.0,1.0,1.0,2.0,0.0,0.0,AR,Higgsfield Basic,,limited,ar,BANCO DE GALICIA Y BUENOS AIRES,credit,optional,pass,
user_ba62ed2c-20a3-496c-8396-4052f5d23b25,vol_churn,not_churned,not_churned,vol_churn -> not_churned,0.7871449713390599,0.7871449713390599,0.1767207689729455,0.0361342596879945,1.0,1.0,0.0,0.0,1.0,1.0,1.0,2.0,0.0,0.0,NL,Higgsfield Creator,,high-cost,nl,NORWEST BANK IOWA N.A.,credit,optional,not_provided,
user_4bbb420e-dc14-4907-a7f9-ff2b0a01d1a6,vol_churn,not_churned,not_churned,vol_churn -> not_churned,0.7870832639081475,0.7870832639081475,0.1481510295350358,0.0647657065568166,5.0,5.0,0.0,0.0,5.0,3.0,3.0,6.0,12.146145833333334,12.146145833333334,GB,Higgsfield Ultimate,,inconsistent,gb,"BANCO BILBAO VIZCAYA ARGENTARIA, S.A.",credit,optional,not_provided,
user_4f76b8fc-8f39-4654-9501-c9c0ff0f92cd,vol_churn,not_churned,not_churned,vol_churn -> not_churned,0.7865276249024851,0.7865276249024851,0.0867168677766861,0.1267555073208287,1.0,1.0,0.0,0.0,1.0,1.0,1.0,2.0,0.0,0.0,BR,Higgsfield Basic,,inconsistent,br,"BANCO DO BRASIL, S.A.",credit,optional,not_provided,
user_b1e4482c-423b-4af2-b17f-7592b6be9bb7,invol_churn,not_churned,not_churned,invol_churn -> not_churned,0.7861843425091349,0.7861843425091349,0.1494276767104332,0.064387980780432,2.0,2.0,0.0,0.0,2.0,2.0,2.0,4.0,6.124074074074074,6.124074074074074,US,Higgsfield Basic,,hard-prompt,us,"U.S. BANK, N.A.",debit,optional,not_provided,
user_f933f2d2-5bd9-4687-b15b-40b1cafd6936,vol_churn,not_churned,not_churned,vol_churn -> not_churned,0.7859844386307134,0.7859844386307134,0.1598379416451628,0.0541776197241238,1.0,1.0,0.0,0.0,1.0,1.0,1.0,2.0,0.0,0.0,FR,Higgsfield Ultimate,,high-cost,fr,AMERICAN EXPRESS,credit,optional,pass,
user_9cacd8ce-ff86-4cc0-879d-3ed41578ec28,vol_churn,not_churned,not_churned,vol_churn -> not_churned,0.7854239530776979,0.7854239530776979,0.163249909189543,0.051326137732759,1.0,1.0,0.0,0.0,1.0,1.0,1.0,2.0,0.0,0.0,ES,Higgsfield Ultimate,,inconsistent,es,BANCO ESPANOL DE CREDITO S.A. (BANESTO),debit,optional,pass,
user_df68ecb6-0fd5-4c0d-a381-485b7516643d,vol_churn,not_churned,not_churned,vol_churn -> not_churned,0.7851850778077865,0.7851850778077865,0.1601868412107904,0.0546280809814229,3.0,3.0,0.0,0.0,3.0,3.0,3.0,6.0,12.278333333333334,12.278333333333334,GB,Higgsfield Pro,,hard-prompt,gb,BARCLAYS BANK PLC,debit,optional,not_provided,
user_49d06061-df15-4108-b6e1-0db3395d56ac,vol_churn,not_churned,not_churned,vol_churn -> not_churned,0.7843464008286337,0.7843464008286337,0.1745441159094025,0.0411094832619637,1.0,1.0,0.0,0.0,1.0,1.0,1.0,2.0,0.0,0.0,FR,Higgsfield Ultimate,,inconsistent,fr,BNP PARIBAS,credit,optional,pass,
user_4a0cafce-54a1-4425-9ea2-8cf33b60ee41,invol_churn,not_churned,not_churned,invol_churn -> not_churned,0.7836465415954559,0.7836465415954559,0.074130690572989,0.1422227678315551,1.0,1.0,0.0,0.0,1.0,1.0,1.0,2.0,0.0,0.0,BR,Higgsfield Ultimate,,Other,br,WIRECARD BANK AG,credit,optional,pass,
user_f58b2e73-2574-463a-870c-6b5e597b3b3c,vol_churn,not_churned,not_churned,vol_churn -> not_churned,0.782947684884705,0.782947684884705,0.1837931894772357,0.0332591256380592,1.0,1.0,0.0,0.0,1.0,1.0,1.0,2.0,0.0,0.0,US,Higgsfield Ultimate,,,us,AMERICAN EXPRESS COMPANY,credit,optional,not_provided,
user_c6d4eb35-c8f1-4d26-9b68-b3b97a99e79e,vol_churn,not_churned,not_churned,vol_churn -> not_churned,0.7829164422044494,0.7829164422044494,0.1864894466620133,0.0305941111335372,1.0,1.0,0.0,0.0,1.0,1.0,1.0,2.0,0.0,0.0,DE,Higgsfield Ultimate,,inconsistent,de,DEUTSCHER SPARKASSEN UND GIROVERBAND,credit,optional,pass,
user_97163fee-0925-480d-9456-772e370c6723,invol_churn,vol_churn,vol_churn,invol_churn -> vol_churn,0.782807734064189,0.1469279034514871,0.782807734064189,0.0702643624843239,1.0,1.0,0.0,0.0,1.0,1.0,1.0,2.0,0.0,0.0,US,Higgsfield Basic,,,ph,BANK OF THE PHILIPPINE ISLANDS,debit,optional,pass,
user_419ada91-c349-42f0-a547-8d5a0876fb4b,vol_churn,not_churned,not_churned,vol_churn -> not_churned,0.7817321385059832,0.7817321385059832,0.1763911251316574,0.0418767363623594,1.0,1.0,0.0,0.0,1.0,1.0,1.0,2.0,0.0,0.0,US,Higgsfield Creator,,inconsistent,us,GRCC,credit,optional,fail,
user_a0bcf6b5-49b2-4222-8607-8b79343a3c08,invol_churn,vol_churn,vol_churn,invol_churn -> vol_churn,0.7811707033347496,0.1457698158838933,0.7811707033347496,0.0730594807813571,1.0,1.0,0.0,0.0,1.0,1.0,1.0,2.0,0.0,0.0,US,Higgsfield Basic,,,ph,BANK OF THE PHILIPPINE ISLANDS,debit,optional,pass,
user_52b6eb7c-69e9-4fcc-8038-8e6baf459098,vol_churn,not_churned,not_churned,vol_churn -> not_churned,0.7811233380611307,0.7811233380611307,0.1777731507980046,0.0411035111408646,3.0,3.0,0.0,0.0,3.0,3.0,3.0,6.0,5.548020833333333,5.548020833333333,DE,Higgsfield Basic,,other,de,"STANDARD CHARTERED BANK ZIMBABWE, LTD.",credit,optional,not_provided,
user_7e8c9203-4c50-434a-b25e-5fa4d3d77399,vol_churn,not_churned,not_churned,vol_churn -> not_churned,0.7808883149769043,0.7808883149769043,0.1917775570612536,0.0273341279618422,1.0,1.0,0.0,0.0,1.0,1.0,1.0,2.0,0.0,0.0,CA,Higgsfield Ultimate,,inconsistent,ca,TORONTO-DOMINION BANK,credit,optional,pass,
user_e48105cb-e2da-4e44-a6ad-b0d6c3ecfa07,vol_churn,not_churned,not_churned,vol_churn -> not_churned,0.7808216334891571,0.7808216334891571,0.1519787202740435,0.0671996462367991,1.0,1.0,0.0,0.0,1.0,1.0,1.0,2.0,0.0,0.0,BE,Higgsfield Ultimate,,limited,be,AMERICAN EXPRESS,credit,optional,pass,
user_5bdaf85b-2e26-4efd-a980-7c29d7bfe1aa,not_churned,vol_churn,vol_churn,not_churned -> vol_churn,0.7797288731792688,0.1583228581408808,0.7797288731792688,0.0619482686798505,2.0,2.0,0.0,0.0,2.0,1.0,1.0,2.0,0.0003587962962962963,0.0003587962962962963,US,Higgsfield Ultimate,,hard-prompt,ee,,debit,optional,pass,
user_53b4ef9e-d150-4af1-85fa-f55449215e16,not_churned,vol_churn,vol_churn,not_churned -> vol_churn,0.7792091472102332,0.1552023088490544,0.7792091472102332,0.0655885439407124,2.0,2.0,0.0,0.0,2.0,1.0,1.0,2.0,0.0003356481481481481,0.0003356481481481481,US,Higgsfield Ultimate,,hard-prompt,ee,,debit,optional,pass,
user_d2d1c8c5-4397-4d8f-bc4b-1cc1d78338da,invol_churn,not_churned,not_churned,invol_churn -> not_churned,0.7782058795056436,0.7782058795056436,0.1621966683576956,0.0595974521366608,1.0,1.0,0.0,0.0,1.0,1.0,1.0,2.0,0.0,0.0,GB,Higgsfield Basic,,,gb,HSBC BANK PLC,credit,optional,pass,
user_87b6c764-1b7e-488c-a05c-b2b013ed6847,vol_churn,not_churned,not_churned,vol_churn -> not_churned,0.7780845944578088,0.7780845944578088,0.092933955619829,0.1289814499223623,2.0,2.0,0.0,0.0,2.0,2.0,2.0,4.0,11.967673611111111,11.967673611111111,SI,Higgsfield Basic,,high-cost,si,REVOLUT BANK UAB,debit,optional,not_provided,
user_dbf3736a-5181-4bba-85b2-cb9acba7bc78,not_churned,invol_churn,invol_churn,not_churned -> invol_churn,0.777957813870811,0.1690022042892095,0.0530399818399794,0.777957813870811,1.0,1.0,0.0,0.0,1.0,1.0,1.0,2.0,0.0,0.0,VN,Higgsfield Pro,,other,vn,"CREDIT SAISON CO., LTD.",debit,optional,pass,
user_b572db8d-4fcd-431f-a855-e9fecc3c8723,vol_churn,not_churned,not_churned,vol_churn -> not_churned,0.7774979178180265,0.7774979178180265,0.1142891191512455,0.108212963030728,1.0,1.0,0.0,0.0,1.0,1.0,1.0,2.0,0.0,0.0,CY,Higgsfield Basic,,,cy,,debit,optional,not_provided,
user_368c42b7-86a6-4db1-ba31-8c8f2795bebe,not_churned,invol_churn,invol_churn,not_churned -> invol_churn,0.7772562274963184,0.1520115398570536,0.0707322326466279,0.7772562274963184,1.0,1.0,0.0,0.0,1.0,1.0,1.0,2.0,0.0,0.0,US,Higgsfield Basic,,other,sg,STANDARD CHARTERED BANK,debit,optional,pass,
user_fdb90206-7b27-481a-b77c-13551c489a22,not_churned,invol_churn,invol_churn,not_churned -> invol_churn,0.7771771131593461,0.1427637729580588,0.0800591138825951,0.7771771131593461,1.0,1.0,0.0,0.0,1.0,1.0,1.0,2.0,0.0,0.0,US,Higgsfield Ultimate,,,kz,COMMERCIAL BANK MASTER-BANK,prepaid,optional,pass,
user_2fba60a7-a9b4-468c-a644-797df5bf4432,vol_churn,not_churned,not_churned,vol_churn -> not_churned,0.7764428808146734,0.7764428808146734,0.105997982649808,0.1175591365355184,1.0,1.0,0.0,0.0,1.0,1.0,1.0,2.0,0.0,0.0,MX,Higgsfield Ultimate,filmmaker,,mx,AMERICAN EXPRESS US,credit,optional,pass,
user_20ea594d-8e3f-40cd-99ac-93973d43cf7f,vol_churn,not_churned,not_churned,vol_churn -> not_churned,0.7764064675568988,0.7764064675568988,0.0961390785430425,0.1274544539000587,4.0,4.0,0.0,0.0,4.0,4.0,4.0,8.0,10.837835648148149,10.837835648148149,IT,Higgsfield Ultimate,,hard-prompt,it,MOONEY S.P.A.,prepaid,optional,not_provided,
user_2cbb5c98-8733-4295-8e65-8d5b3ac82c13,invol_churn,not_churned,not_churned,invol_churn -> not_churned,0.7763054108701023,0.7763054108701023,0.1206385831611391,0.1030560059687584,1.0,1.0,0.0,0.0,1.0,1.0,1.0,2.0,0.0,0.0,US,Higgsfield Basic,,other,us,BANK OF MONTREAL,debit,optional,pass,
user_cbcafd6f-c364-41a7-8e40-b851f24bec2b,invol_churn,not_churned,not_churned,invol_churn -> not_churned,0.7757616111725953,0.7757616111725953,0.0888884985273091,0.1353498903000955,2.0,2.0,0.0,0.0,2.0,2.0,2.0,4.0,13.099155092592593,13.099155092592593,UA,Higgsfield Ultimate,,confusing,ua,"MBNA AMERICA BANK, N.A.",credit,optional,not_provided,
user_7f61a407-0722-4086-98ec-bcdb31cbf9f6,vol_churn,not_churned,not_churned,vol_churn -> not_churned,0.7756127124422132,0.7756127124422132,0.1694673221737481,0.0549199653840386,1.0,1.0,0.0,0.0,1.0,1.0,1.0,2.0,0.0,0.0,FR,Higgsfield Ultimate,,limited,fr,BNP PARIBAS,credit,optional,pass,
user_d0121c8e-0ab6-4779-91c4-6ed4fb79790d,vol_churn,not_churned,not_churned,vol_churn -> not_churned,0.7753235860799081,0.7753235860799081,0.1545601381423835,0.0701162757777082,1.0,1.0,0.0,0.0,1.0,1.0,1.0,2.0,0.0,0.0,FR,Higgsfield Ultimate,,limited,fr,USAA FEDERAL SAVINGS BANK,debit,optional,pass,
user_50eaac8a-b206-4c3b-ba29-a61f7414048a,vol_churn,not_churned,not_churned,vol_churn -> not_churned,0.7752128860005765,0.7752128860005765,0.1390280666813454,0.0857590473180781,1.0,1.0,0.0,0.0,1.0,1.0,1.0,2.0,0.0,0.0,US,Higgsfield Creator,,inconsistent,us,,debit,optional,pass,
user_b89c274f-62c6-4150-833c-4e017396c472,vol_churn,not_churned,not_churned,vol_churn -> not_churned,0.7750618992843068,0.7750618992843068,0.1300383093876441,0.094899791328049,14.0,14.0,0.0,0.0,14.0,8.0,8.0,16.0,7.302604166666667,7.302604166666667,CA,Higgsfield Ultimate,,other,ie,,debit,optional,not_provided,
user_9ab227af-b67c-4bb1-8d65-0c7535a78161,vol_churn,not_churned,not_churned,vol_churn -> not_churned,0.774958477043266,0.774958477043266,0.1386436481912046,0.0863978747655292,1.0,1.0,0.0,0.0,1.0,1.0,1.0,2.0,0.0,0.0,ZA,Higgsfield Creator,,high-cost,ae,CORPORATE COMMERCIAL BANK A.D.,debit,optional,pass,
user_34729ee9-fac1-455e-99f4-c30f504e4f2e,vol_churn,not_churned,not_churned,vol_churn -> not_churned,0.7741374725626493,0.7741374725626493,0.1648095761951512,0.0610529512421994,3.0,3.0,0.0,0.0,3.0,3.0,3.0,6.0,4.115451388888889,4.115451388888889,US,Higgsfield Ultimate,,inconsistent,us,"CAPITAL ONE BANK (USA), N.A.",credit,optional,not_provided,
user_a26801f1-b450-43af-bfd5-db24a4da43a0,invol_churn,not_churned,not_churned,invol_churn -> not_churned,0.7740694394418143,0.7740694394418143,0.1708120427458448,0.0551185178123409,2.0,2.0,0.0,0.0,2.0,1.0,1.0,2.0,0.027118055555555555,0.027118055555555555,US,Higgsfield Basic,,other,us,"JPMORGAN CHASE BANK, N.A.",debit,optional,not_provided,
user_f15f17b5-71bf-4930-bc67-0d820a16aa77,invol_churn,not_churned,not_churned,invol_churn -> not_churned,0.7739839030878831,0.7739839030878831,0.0983574065475929,0.127658690364524,1.0,1.0,0.0,0.0,1.0,1.0,1.0,2.0,0.0,0.0,BR,Higgsfield Creator,,inconsistent,br,"UNICARD BANCO MULTIPLO, S.A.",credit,optional,pass,
user_d994c87d-f284-451e-add8-1d54f5a61720,vol_churn,not_churned,not_churned,vol_churn -> not_churned,0.7738797862209953,0.7738797862209953,0.1931816807103551,0.0329385330686493,1.0,1.0,0.0,0.0,1.0,1.0,1.0,2.0,0.0,0.0,US,Higgsfield Ultimate,,inconsistent,us,"CHASE BANK USA, N.A.",credit,optional,not_provided,
user_914094ba-338d-4d7f-8ccb-b72073fb8d71,vol_churn,not_churned,not_churned,vol_churn -> not_churned,0.7737227377447412,0.7737227377447412,0.1869401035837446,0.0393371586715141,1.0,1.0,0.0,0.0,1.0,1.0,1.0,2.0,0.0,0.0,AU,Higgsfield Creator,,limited,au,COMMONWEALTH BANK OF AUSTRALIA,credit,optional,not_provided,
user_fd198711-f510-4c07-a9ae-dbd81289926f,vol_churn,not_churned,not_churned,vol_churn -> not_churned,0.7737022822966727,0.7737022822966727,0.193724942231531,0.0325727754717962,1.0,1.0,0.0,0.0,1.0,1.0,1.0,2.0,0.0,0.0,DE,Higgsfield Ultimate,,hard-prompt,de,DZ BANK AG DEUTSCHE ZENTRAL- GENOSSENSCHAFTSBANK,credit,optional,pass,
user_d241a05e-f70b-44b4-b440-c71b4c302b9c,vol_churn,not_churned,not_churned,vol_churn -> not_churned,0.7731171880416232,0.7731171880416232,0.1204104796256613,0.1064723323327154,2.0,2.0,0.0,0.0,2.0,2.0,2.0,4.0,10.841435185185185,10.841435185185185,IT,Higgsfield Basic,,other,it,"WELLS FARGO BANK, N.A.",debit,optional,pass,
user_b297e627-0fd6-43e8-bd0f-31567e8ad632,invol_churn,not_churned,not_churned,invol_churn -> not_churned,0.7730153748556828,0.7730153748556828,0.1446232639772306,0.0823613611670866,1.0,1.0,0.0,0.0,1.0,1.0,1.0,2.0,0.0,0.0,US,Higgsfield Ultimate,,other,us,FIRST NATIONAL BANK IN MENA,credit,optional,pass,
user_4c4dd1e1-c0f4-4881-9855-9fb79ba163de,invol_churn,not_churned,not_churned,invol_churn -> not_churned,0.7729572101777817,0.7729572101777817,0.1324250536491419,0.0946177361730764,1.0,1.0,0.0,0.0,1.0,1.0,1.0,2.0,0.0,0.0,US,Higgsfield Ultimate,,hard-prompt,us,,debit,optional,pass,
user_2523f970-65e2-4931-ad38-6ce1dd978447,vol_churn,not_churned,not_churned,vol_churn -> not_churned,0.7727612792444678,0.7727612792444678,0.1814812577184159,0.0457574630371163,1.0,1.0,0.0,0.0,1.0,1.0,1.0,2.0,0.0,0.0,US,Higgsfield Basic,,,us,"CHASE BANK USA, N.A.",credit,optional,not_provided,
user_9bcfd6f5-e37e-4fbc-b602-155dc0fa203e,vol_churn,not_churned,not_churned,vol_churn -> not_churned,0.7724952878767952,0.7724952878767952,0.1785794973517069,0.0489252147714978,2.0,2.0,0.0,0.0,2.0,2.0,2.0,4.0,8.809050925925925,8.809050925925925,KR,Higgsfield Ultimate,,other,kr,"SHINHAN CARD CO., LTD.",credit,optional,not_provided,
user_bd4ec113-3447-4411-97c0-70cbda69c59f,vol_churn,invol_churn,invol_churn,vol_churn -> invol_churn,0.7724147502014114,0.0322862070670285,0.1952990427315601,0.7724147502014114,1.0,1.0,0.0,0.0,1.0,1.0,1.0,2.0,0.0,0.0,JP,Higgsfield Ultimate,,inconsistent,jp,"JCB INTERNATIONAL CREDIT CARD CO., LTD.",debit,not_supported,unavailable,
user_3f929542-f233-4027-a2bb-1b18bb86838c,invol_churn,not_churned,not_churned,invol_churn -> not_churned,0.7723906794404114,0.7723906794404114,0.1520975111622794,0.0755118093973091,1.0,1.0,0.0,0.0,1.0,1.0,1.0,2.0,0.0,0.0,US,Higgsfield Creator,,hard-prompt,us,"CAPITAL ONE BANK (USA), N.A.",credit,optional,pass,
user_b09668f6-71e6-4d73-a7d8-efab6584025b,invol_churn,not_churned,not_churned,invol_churn -> not_churned,0.772345012985316,0.772345012985316,0.1530799103198845,0.0745750766947993,1.0,1.0,0.0,0.0,1.0,1.0,1.0,2.0,0.0,0.0,IT,Higgsfield Ultimate,,limited,it,CARTASI S.P.A.,credit,optional,pass,
user_eb0c407c-eb4a-489a-aea5-99f40fff2e05,invol_churn,not_churned,not_churned,invol_churn -> not_churned,0.7722724874274678,0.7722724874274678,0.1379480801391281,0.0897794324334039,1.0,1.0,0.0,0.0,1.0,1.0,1.0,2.0,0.0,0.0,FR,Higgsfield Basic,creator,,fr,CREDIT INDUSTRIEL ET COMMERCIAL,debit,optional,not_provided,
user_2e6508eb-32c4-48bd-8369-58d15e947bff,vol_churn,not_churned,not_churned,vol_churn -> not_churned,0.7722554557840706,0.7722554557840706,0.1908036944537502,0.0369408497621791,1.0,1.0,0.0,0.0,1.0,1.0,1.0,2.0,0.0,0.0,US,Higgsfield Basic,,inconsistent,us,"CHASE BANK USA, N.A.",credit,optional,not_provided,
user_246e9eb5-27bb-45b8-889e-1ceb7c67a8e8,vol_churn,not_churned,not_churned,vol_churn -> not_churned,0.7716580246594003,0.7716580246594003,0.0955080770661802,0.1328338982744193,3.0,3.0,0.0,0.0,3.0,2.0,2.0,4.0,9.880543981481482,9.880543981481482,MX,Higgsfield Ultimate,,inconsistent,mx,TARJETAS UNISOLUCIONES S.A. DE C.V.,debit,optional,not_provided,
user_8fd08706-c33d-4185-b6b8-dc65da01dced,vol_churn,not_churned,not_churned,vol_churn -> not_churned,0.7708777523930952,0.7708777523930952,0.1846953870873081,0.0444268605195965,3.0,3.0,0.0,0.0,3.0,3.0,3.0,6.0,10.668587962962963,10.668587962962963,CA,Higgsfield Basic,,limited,ca,AMERICAN EXPRESS COMPANY,credit,optional,not_provided,
user_a01b5a6a-7d79-408e-82af-41bd4ea3bb3c,vol_churn,not_churned,not_churned,vol_churn -> not_churned,0.7707295515212027,0.7707295515212027,0.1713024842266463,0.0579679642521508,1.0,1.0,0.0,0.0,1.0,1.0,1.0,2.0,0.0,0.0,ES,Higgsfield Ultimate,,,es,BANCO ESPANOL DE CREDITO S.A. (BANESTO),debit,optional,pass,
user_4c462080-50a4-4920-86f0-49fab3fb4d09,vol_churn,not_churned,not_churned,vol_churn -> not_churned,0.7704828857020662,0.7704828857020662,0.1080589550715852,0.1214581592263485,3.0,3.0,0.0,0.0,3.0,3.0,3.0,6.0,9.720601851851852,9.720601851851852,GB,Higgsfield Ultimate,,,gb,VTB BANK OJSC,debit,optional,pass,
user_69fb38de-9613-4a45-ad48-398f197f6440,vol_churn,not_churned,not_churned,vol_churn -> not_churned,0.7703964818115495,0.7703964818115495,0.1502117719980158,0.0793917461904346,1.0,1.0,0.0,0.0,1.0,1.0,1.0,2.0,0.0,0.0,US,Higgsfield Basic,creator,,us,"GIO BUILDING SOCIETY, LTD.",credit,optional,not_provided,
user_19e6db3e-6257-455c-afd9-1414378706c5,not_churned,invol_churn,invol_churn,not_churned -> invol_churn,0.7699234325435864,0.1659355917853913,0.0641409756710221,0.7699234325435864,1.0,1.0,0.0,0.0,1.0,1.0,1.0,2.0,0.0,0.0,US,Higgsfield Ultimate,,limited,sg,"REDEBAN MULTICOLOR, S.A.",credit,optional,unavailable,
user_b293f332-32a4-4d51-b43b-142bab2352bc,vol_churn,not_churned,not_churned,vol_churn -> not_churned,0.7696729919955944,0.7696729919955944,0.1992847156973483,0.0310422923070572,1.0,1.0,0.0,0.0,1.0,1.0,1.0,2.0,0.0,0.0,CA,Higgsfield Ultimate,,inconsistent,ca,AMERICAN EXPRESS US,credit,optional,not_provided,
user_c88f63e0-72bb-4fb0-b4e6-2b6a3d9d101c,vol_churn,not_churned,not_churned,vol_churn -> not_churned,0.7690400427188736,0.7690400427188736,0.1747190807740873,0.056240876507039,2.0,2.0,0.0,0.0,2.0,2.0,2.0,4.0,10.75474537037037,10.75474537037037,NO,Higgsfield Basic,,limited,no,XY DNB NOR,debit,optional,not_provided,
user_d42cfb0b-fe83-457c-a218-49dde4a51281,vol_churn,not_churned,not_churned,vol_churn -> not_churned,0.7689247895874268,0.7689247895874268,0.1274623473846821,0.1036128630278911,1.0,1.0,0.0,0.0,1.0,1.0,1.0,2.0,0.0,0.0,GB,Higgsfield Ultimate,,inconsistent,gb,VTB BANK OJSC,debit,optional,pass,
user_e724eb89-6895-416a-8ef8-69e6868e2b8a,vol_churn,not_churned,not_churned,vol_churn -> not_churned,0.7688026746946595,0.7688026746946595,0.1499662456446803,0.0812310796606602,1.0,1.0,0.0,0.0,1.0,1.0,1.0,2.0,0.0,0.0,US,Higgsfield Creator,,limited,us,"JPMORGAN CHASE BANK, N.A.",debit,optional,not_provided,
user_88b737d6-ea01-4974-ad47-788fb5472165,vol_churn,not_churned,not_churned,vol_churn -> not_churned,0.7681715145713857,0.7681715145713857,0.1719748780547297,0.0598536073738846,1.0,1.0,0.0,0.0,1.0,1.0,1.0,2.0,0.0,0.0,CA,Higgsfield Basic,,hard-prompt,ca,CANADIAN IMPERIAL BANK OF COMMERCE,credit,optional,pass,
user_e3170369-bcb0-467b-b121-dab9300c5894,invol_churn,not_churned,not_churned,invol_churn -> not_churned,0.7681707306800436,0.7681707306800436,0.1855495328450018,0.0462797364749546,1.0,1.0,0.0,0.0,1.0,1.0,1.0,2.0,0.0,0.0,US,Higgsfield Creator,,limited,us,AMERICAN EXPRESS US CONSUMER,credit,optional,not_provided,
user_96ccf7b9-4652-4b52-bd4a-1b6215852c81,invol_churn,not_churned,not_churned,invol_churn -> not_churned,0.7680530310646984,0.7680530310646984,0.1386772399433947,0.0932697289919069,1.0,1.0,0.0,0.0,1.0,1.0,1.0,2.0,0.0,0.0,US,Higgsfield Creator,,high-cost,us,,credit,optional,not_provided,
user_90344e0f-2730-40c6-9ca9-e3e106ae0a2f,vol_churn,not_churned,not_churned,vol_churn -> not_churned,0.7669817351624003,0.7669817351624003,0.1530669572862615,0.0799513075513381,1.0,1.0,0.0,0.0,1.0,1.0,1.0,2.0,0.0,0.0,ES,Higgsfield Basic,,inconsistent,nl,POSTBANK,credit,optional,pass,
user_da566210-0a21-4384-a92f-4ae6d007a503,vol_churn,not_churned,not_churned,vol_churn -> not_churned,0.7668901633810539,0.7668901633810539,0.1981374787585376,0.0349723578604085,1.0,1.0,0.0,0.0,1.0,1.0,1.0,2.0,0.0,0.0,US,Higgsfield Creator,,inconsistent,us,AMERICAN EXPRESS COMPANY,credit,optional,pass,
user_765ef0aa-c612-48b8-ac9e-a2faf4818d60,not_churned,invol_churn,invol_churn,not_churned -> invol_churn,0.7664376726059072,0.1919574145165374,0.0416049128775553,0.7664376726059072,2.0,1.0,0.5,1.0,1.0,1.0,1.0,2.0,0.0015625,0.0,VE,Higgsfield Ultimate,,,pa,,prepaid,optional,pass,card_declined
user_de2e5d7d-660f-4b2a-a929-ee65ee6e59bc,not_churned,invol_churn,invol_churn,not_churned -> invol_churn,0.7663639084623984,0.1659503879832888,0.0676857035543128,0.7663639084623984,3.0,2.0,0.3333333333333333,1.0,2.0,2.0,2.0,4.0,9.16363425925926,9.16363425925926,US,Higgsfield Basic,,high-cost,hk,CREDOMATIC DE MEXICO S.A. DE C.V.,credit,optional,pass,card_declined
user_2ae5213e-c7d6-4858-b92c-ccade6fb43af,vol_churn,not_churned,not_churned,vol_churn -> not_churned,0.7662988746445464,0.7662988746445464,0.1564148720483964,0.0772862533070573,1.0,1.0,0.0,0.0,1.0,1.0,1.0,2.0,0.0,0.0,BE,Higgsfield Ultimate,,,be,"TELLER, A.S.",credit,optional,not_provided,
user_e6569a26-152b-40d7-b861-22f0f96bc1f8,vol_churn,invol_churn,invol_churn,vol_churn -> invol_churn,0.765899428439103,0.1336479068287754,0.1004526647321217,0.765899428439103,4.0,2.0,0.5,2.0,2.0,1.0,1.0,2.0,0.004293981481481481,0.004293981481481481,US,Higgsfield Ultimate,,,cd,FIRST SIGNATURE BANK AND TRUST COMPANY,prepaid,optional,not_provided,card_declined
user_bb5d3353-6792-4cac-920d-48b9b175decb,vol_churn,not_churned,not_churned,vol_churn -> not_churned,0.765794189772679,0.765794189772679,0.2072837642505543,0.0269220459767665,1.0,1.0,0.0,0.0,1.0,1.0,1.0,2.0,0.0,0.0,CA,Higgsfield Ultimate,,inconsistent,ca,CANADIAN IMPERIAL BANK OF COMMERCE,credit,optional,not_provided,
user_3190d004-5134-4642-b393-ed489f53b695,vol_churn,not_churned,not_churned,vol_churn -> not_churned,0.7649375623078446,0.7649375623078446,0.2015028259691678,0.0335596117229875,1.0,1.0,0.0,0.0,1.0,1.0,1.0,2.0,0.0,0.0,US,Higgsfield Ultimate,,inconsistent,us,"CHASE BANK USA, N.A.",credit,optional,not_provided,
user_16fda70a-3a84-44bc-8591-f0efbf89c2d1,not_churned,invol_churn,invol_churn,not_churned -> invol_churn,0.7647340902622568,0.1331385825350934,0.1021273272026498,0.7647340902622568,4.0,2.0,0.5,2.0,2.0,1.0,1.0,2.0,0.004618055555555556,0.004618055555555556,SG,Higgsfield Ultimate,,High cost of top models,sg,"BC CARD CO., LTD.",debit,optional,not_provided,card_declined
user_f540b07c-64cd-4995-93b9-9a5e55b5f0c6,invol_churn,not_churned,not_churned,invol_churn -> not_churned,0.7645649579741547,0.7645649579741547,0.1695611144943523,0.0658739275314929,1.0,1.0,0.0,0.0,1.0,1.0,1.0,2.0,0.0,0.0,AU,Higgsfield Basic,,inconsistent,au,,debit,optional,not_provided,
user_3b61fd66-de92-43b9-baad-ab2ba271accd,vol_churn,not_churned,not_churned,vol_churn -> not_churned,0.7641434003583111,0.7641434003583111,0.2030042418180302,0.0328523578236585,1.0,1.0,0.0,0.0,1.0,1.0,1.0,2.0,0.0,0.0,US,Higgsfield Ultimate,,inconsistent,us,"CHASE BANK USA, N.A.",credit,optional,not_provided,
user_284e9565-2ea4-46eb-bcfa-21492379a997,vol_churn,not_churned,not_churned,vol_churn -> not_churned,0.7640572975968063,0.7640572975968063,0.1715083294611363,0.0644343729420572,1.0,1.0,0.0,0.0,1.0,1.0,1.0,2.0,0.0,0.0,NL,Higgsfield Creator,,inconsistent,nl,,debit,optional,not_provided,
user_1a6be6ed-950a-4a7c-a014-442fb6832f2b,vol_churn,not_churned,not_churned,vol_churn -> not_churned,0.7638377717155336,0.7638377717155336,0.1193477320019512,0.116814496282515,8.0,8.0,0.0,0.0,8.0,7.0,7.0,14.0,10.98667824074074,10.98667824074074,IT,Higgsfield Basic,,,it,"MITSUBISHI UFJ NICOS CO., LTD.",debit,optional,not_provided,
user_a44c1530-2b43-4d93-a22c-c1a19aa144c5,vol_churn,invol_churn,invol_churn,vol_churn -> invol_churn,0.7638305440181323,0.1334428765699646,0.102726579411903,0.7638305440181323,4.0,2.0,0.5,2.0,2.0,1.0,1.0,2.0,0.020625,0.020625,US,Higgsfield Ultimate,,,cd,FIRST SIGNATURE BANK AND TRUST COMPANY,prepaid,optional,not_provided,card_declined
user_f2d7317a-de5e-43fc-8872-2fec0e57f756,vol_churn,invol_churn,invol_churn,vol_churn -> invol_churn,0.7638305440181323,0.1334428765699646,0.102726579411903,0.7638305440181323,4.0,2.0,0.5,2.0,2.0,1.0,1.0,2.0,0.021099537037037038,0.021099537037037038,US,Higgsfield Ultimate,,,cd,FIRST SIGNATURE BANK AND TRUST COMPANY,prepaid,optional,not_provided,card_declined
user_70796cd8-c3cd-4a67-882e-3225c8488c66,vol_churn,not_churned,not_churned,vol_churn -> not_churned,0.7635995997826213,0.7635995997826213,0.1558899295228372,0.0805104706945415,1.0,1.0,0.0,0.0,1.0,1.0,1.0,2.0,0.0,0.0,US,Higgsfield Basic,marketer,,us,,credit,optional,not_provided,
user_72a49bab-92c6-4a7e-828b-fced60969d2d,not_churned,invol_churn,invol_churn,not_churned -> invol_churn,0.763302636536893,0.1608971071547125,0.0758002563083943,0.763302636536893,1.0,1.0,0.0,0.0,1.0,1.0,1.0,2.0,0.0,0.0,US,Higgsfield Ultimate,,hard-prompt,hk,"HONGKONG AND SHANGHAI BANKING CORP., LTD.",credit,optional,pass,
user_75729655-5b1a-45cc-85e6-38a1a786f34c,not_churned,invol_churn,invol_churn,not_churned -> invol_churn,0.7632970579299202,0.164235400197529,0.0724675418725508,0.7632970579299202,1.0,1.0,0.0,0.0,1.0,1.0,1.0,2.0,0.0,0.0,VN,Higgsfield Ultimate,,limited,vn,THE TORONTO-DOMINION BANK,debit,optional,pass,
user_92860abc-600a-427b-bd73-c10fec83ef52,invol_churn,not_churned,not_churned,invol_churn -> not_churned,0.762907821963764,0.762907821963764,0.1368539607398314,0.1002382172964044,1.0,1.0,0.0,0.0,1.0,1.0,1.0,2.0,0.0,0.0,PL,Higgsfield Basic,,hard-prompt,pl,STERlanG BANK,credit,optional,not_provided,
user_811c8d57-b441-48b6-bb37-ad0fd02e4a45,vol_churn,not_churned,not_churned,vol_churn -> not_churned,0.762899249950574,0.762899249950574,0.1395184691570513,0.0975822808923745,2.0,2.0,0.0,0.0,2.0,2.0,2.0,4.0,11.0009375,11.0009375,IT,Higgsfield Basic,,hard-prompt,it,POSTE ITALIANE,prepaid,required,not_provided,
user_c9ec56f8-c0a5-4516-8636-37b55519a2b8,invol_churn,not_churned,not_churned,invol_churn -> not_churned,0.7628940809126208,0.7628940809126208,0.1200772350348372,0.1170286840525418,1.0,1.0,0.0,0.0,1.0,1.0,1.0,2.0,0.0,0.0,US,Higgsfield Ultimate,brand-owner,,us,,credit,optional,pass,
user_bb473a2c-69f2-4e76-87c7-1ea4949fca81,vol_churn,not_churned,not_churned,vol_churn -> not_churned,0.7625650000251928,0.7625650000251928,0.1846042041542459,0.0528307958205611,1.0,1.0,0.0,0.0,1.0,1.0,1.0,2.0,0.0,0.0,CA,Higgsfield Basic,brand-owner,,ca,BANK OF NOVA SCOTIA,credit,optional,not_provided,
user_2639862e-2665-47cd-b1cc-4fc061b0975e,vol_churn,not_churned,not_churned,vol_churn -> not_churned,0.7624304426123227,0.7624304426123227,0.0559218225348436,0.1816477348528336,2.0,2.0,0.0,0.0,2.0,2.0,2.0,4.0,12.621724537037037,12.621724537037037,UA,Higgsfield Basic,,high-cost,ua,JOINT STOCK POST-PENSION BANK AVAL,credit,optional,not_provided,
user_dbb62f45-cef7-4af4-8397-30e60d9b04b3,not_churned,invol_churn,invol_churn,not_churned -> invol_churn,0.7618746992276446,0.1708288950673943,0.0672964057049611,0.7618746992276446,1.0,1.0,0.0,0.0,1.0,1.0,1.0,2.0,0.0,0.0,BY,Higgsfield Creator,,other,us,METROPOLITAN BANK AND TRUST COMPANY,credit,optional,pass,
user_a0884a7f-8313-4393-8568-4ff24c20200c,invol_churn,not_churned,not_churned,invol_churn -> not_churned,0.7608306084814036,0.7608306084814036,0.0735260985964203,0.165643292922176,1.0,1.0,0.0,0.0,1.0,1.0,1.0,2.0,0.0,0.0,TJ,Higgsfield Ultimate,,,tj,TOJIKSODIROTBONK JSC,credit,optional,pass,
user_696d004d-bef3-4fae-8069-75f89b8e7bd6,vol_churn,not_churned,not_churned,vol_churn -> not_churned,0.7607974188987522,0.7607974188987522,0.1971417303389643,0.0420608507622833,1.0,1.0,0.0,0.0,1.0,1.0,1.0,2.0,0.0,0.0,KR,Higgsfield Ultimate,,,kr,"KB KOOKMIN CARD CO., LTD.",credit,optional,pass,
user_75367ce0-a907-4df5-92ea-fb074cb8fe9e,invol_churn,not_churned,not_churned,invol_churn -> not_churned,0.7606126143424427,0.7606126143424427,0.1771574861482283,0.062229899509329,2.0,2.0,0.0,0.0,2.0,2.0,2.0,4.0,8.224895833333333,8.224895833333333,CA,Higgsfield Basic,,high-cost,ca,CANADIAN IMPERIAL BANK OF COMMERCE,credit,optional,not_provided,
user_8a99076c-3478-4880-be73-cc63402ee6cd,vol_churn,not_churned,not_churned,vol_churn -> not_churned,0.7606022579629775,0.7606022579629775,0.1389848139555222,0.1004129280815002,2.0,2.0,0.0,0.0,2.0,1.0,1.0,2.0,0.0011111111111111111,0.0011111111111111111,EE,Higgsfield Basic,,inconsistent,ee,WESTPAC BANKING CORPORATION,debit,optional,not_provided,
user_d3d8c0ef-6971-4955-ae52-042bce4f07e6,vol_churn,not_churned,not_churned,vol_churn -> not_churned,0.7605635638238498,0.7605635638238498,0.1965453322032402,0.0428911039729098,2.0,2.0,0.0,0.0,2.0,2.0,2.0,4.0,3.032638888888889,3.032638888888889,US,Higgsfield Ultimate,just-for-fun,,us,AMERICAN EXPRESS COMPANY,credit,optional,not_provided,
user_14cf1edb-5e66-4ce6-b3f8-eaca78eb890a,vol_churn,not_churned,not_churned,vol_churn -> not_churned,0.760422253491004,0.760422253491004,0.1900859240823126,0.0494918224266832,1.0,1.0,0.0,0.0,1.0,1.0,1.0,2.0,0.0,0.0,KR,Higgsfield Basic,,limited,kr,"SAMSUNG CARD CO., LTD.",credit,optional,pass,
user_eb20a809-d6ef-45f6-80c1-2e6f6d886a12,invol_churn,not_churned,not_churned,invol_churn -> not_churned,0.7603623592297578,0.7603623592297578,0.1472932173367568,0.0923444234334853,1.0,1.0,0.0,0.0,1.0,1.0,1.0,2.0,0.0,0.0,US,Higgsfield Ultimate,,hard-prompt,us,"YES BANK, LTD.",credit,optional,pass,
user_4494d876-f131-4dc3-afd1-82c3017db04f,vol_churn,not_churned,not_churned,vol_churn -> not_churned,0.7602865899910216,0.7602865899910216,0.1210800282947568,0.1186333817142216,1.0,1.0,0.0,0.0,1.0,1.0,1.0,2.0,0.0,0.0,SE,Higgsfield Basic,l,,se,,debit,optional,pass,
user_d5cda02b-dfa7-461d-98e9-aefadca7af16,vol_churn,not_churned,not_churned,vol_churn -> not_churned,0.7602106151307412,0.7602106151307412,0.1356001829221259,0.1041892019471328,1.0,1.0,0.0,0.0,1.0,1.0,1.0,2.0,0.0,0.0,RO,Higgsfield Basic,,,ro,"ROMANIAN COMMERCIAL BANK, S.A. - BANCA COMERCIALA ROMANA, S.A.",credit,optional,not_provided,
user_3411c57a-cedc-4a64-9535-b3a930ea6d6b,vol_churn,not_churned,not_churned,vol_churn -> not_churned,0.7601981155832737,0.7601981155832737,0.1769685661241919,0.0628333182925345,1.0,1.0,0.0,0.0,1.0,1.0,1.0,2.0,0.0,0.0,CA,Higgsfield Ultimate,,other,ca,,credit,optional,pass,
user_ab25a181-4c72-4c60-9149-023259973466,invol_churn,not_churned,not_churned,invol_churn -> not_churned,0.7598545912093673,0.7598545912093673,0.1499949209843357,0.0901504878062969,1.0,1.0,0.0,0.0,1.0,1.0,1.0,2.0,0.0,0.0,US,Higgsfield Creator,,Inconsistent results,us,"FIDELITY INFORMATION SERVICES, INC.",credit,optional,pass,
user_8e131e52-254d-461c-80ab-ae6eced12cb1,invol_churn,not_churned,not_churned,invol_churn -> not_churned,0.7594026234229041,0.7594026234229041,0.1507109345155795,0.0898864420615164,1.0,1.0,0.0,0.0,1.0,1.0,1.0,2.0,0.0,0.0,GB,Higgsfield Ultimate,,other,gb,,debit,optional,not_provided,
user_33855db0-ec3b-4fe8-918a-057ba7ea9028,vol_churn,not_churned,not_churned,vol_churn -> not_churned,0.7589682507684098,0.7589682507684098,0.2031426310137925,0.0378891182177977,1.0,1.0,0.0,0.0,1.0,1.0,1.0,2.0,0.0,0.0,CA,Higgsfield Basic,,hard-prompt,ca,AMERICAN EXPRESS US,credit,optional,not_provided,
user_9bc74b4d-9fd2-4713-8356-cac8a6598d0f,vol_churn,not_churned,not_churned,vol_churn -> not_churned,0.7586579483734445,0.7586579483734445,0.1862294758846801,0.0551125757418752,1.0,1.0,0.0,0.0,1.0,1.0,1.0,2.0,0.0,0.0,US,Higgsfield Ultimate,,other,us,,credit,optional,not_provided,
user_89729d9a-92b8-485c-8334-011eeb593d69,vol_churn,not_churned,not_churned,vol_churn -> not_churned,0.7585284158003058,0.7585284158003058,0.1784125189689662,0.0630590652307279,1.0,1.0,0.0,0.0,1.0,1.0,1.0,2.0,0.0,0.0,ES,Higgsfield Basic,,high-cost,es,"SERVIRED, SOCIEDAD ESPANOLA DE MEDIOS DE PAGO, S.A.",credit,optional,pass,
user_d923be28-14dc-4008-9097-39f9ccff2bb4,vol_churn,not_churned,not_churned,vol_churn -> not_churned,0.7584897587210134,0.7584897587210134,0.2059070516722534,0.0356031896067331,2.0,2.0,0.0,0.0,2.0,1.0,1.0,2.0,0.00474537037037037,0.00474537037037037,US,Higgsfield Ultimate,,Inconsistent results,us,AMERICAN EXPRESS COMPANY,credit,optional,not_provided,
user_8cfccd68-2be3-4058-83c4-9a3467b646d7,invol_churn,not_churned,not_churned,invol_churn -> not_churned,0.7582933043177784,0.7582933043177784,0.0952132772242142,0.1464934184580071,1.0,1.0,0.0,0.0,1.0,1.0,1.0,2.0,0.0,0.0,MX,Higgsfield Basic,,hard-prompt,mx,TARJETAS UNISOLUCIONES S.A. DE C.V.,credit,optional,not_provided,
user_8fb601d2-cb5a-4f48-bf0d-8c97d136a0ba,vol_churn,not_churned,not_churned,vol_churn -> not_churned,0.7581445551393624,0.7581445551393624,0.1262460411469589,0.1156094037136786,1.0,1.0,0.0,0.0,1.0,1.0,1.0,2.0,0.0,0.0,US,Higgsfield Basic,creator,,us,,debit,optional,not_provided,
user_84520e01-0197-4483-a1af-b114972255b6,invol_churn,not_churned,not_churned,invol_churn -> not_churned,0.7579636479490025,0.7579636479490025,0.1493301731191183,0.0927061789318791,1.0,1.0,0.0,0.0,1.0,1.0,1.0,2.0,0.0,0.0,US,Higgsfield Basic,creator,,us,"BANCO DEL AUSTRO, S.A.",debit,optional,not_provided,
user_ac552f34-06da-4d2c-8317-a563442624bc,invol_churn,not_churned,not_churned,invol_churn -> not_churned,0.7578834155356176,0.7578834155356176,0.1121159338965902,0.1300006505677922,1.0,1.0,0.0,0.0,1.0,1.0,1.0,2.0,0.0,0.0,IN,Higgsfield Ultimate,,inconsistent,in,"ICICI BANK, LTD.",credit,optional,not_provided,
user_73bcd590-cdd1-42c1-8ca6-1a46d316a485,vol_churn,not_churned,not_churned,vol_churn -> not_churned,0.7577801072856878,0.7577801072856878,0.1823786872974692,0.0598412054168429,1.0,1.0,0.0,0.0,1.0,1.0,1.0,2.0,0.0,0.0,GB,Higgsfield Ultimate,,,gb,BARCLAYS BANK PLC,credit,optional,pass,
user_6dc7cc43-b169-4f74-b733-c332beaac30c,vol_churn,not_churned,not_churned,vol_churn -> not_churned,0.7577490152691252,0.7577490152691252,0.1871123972421539,0.0551385874887207,1.0,1.0,0.0,0.0,1.0,1.0,1.0,2.0,0.0,0.0,US,Higgsfield Ultimate,,inconsistent,us,BANK OF HAWAII,debit,optional,not_provided,
user_60c2c21f-84ca-452e-9921-183abf0dbbb4,not_churned,invol_churn,invol_churn,not_churned -> invol_churn,0.7576570737244941,0.1375428638941085,0.1048000623813973,0.7576570737244941,1.0,1.0,0.0,0.0,1.0,1.0,1.0,2.0,0.0,0.0,US,Higgsfield Creator,,other,ee,"BANCO DE CREDITO BALEAR, S.A.",debit,optional,pass,
user_e92c0ca0-a627-4357-9332-22abd45859f6,invol_churn,not_churned,not_churned,invol_churn -> not_churned,0.7574640996770228,0.7574640996770228,0.1836312398621158,0.0589046604608613,1.0,1.0,0.0,0.0,1.0,1.0,1.0,2.0,0.0,0.0,CA,Higgsfield Basic,,inconsistent,ca,TORONTO-DOMINION BANK,credit,optional,pass,
user_3c82d66a-f6bf-4646-94b1-bcdae3f90e38,vol_churn,not_churned,not_churned,vol_churn -> not_churned,0.7573774207080877,0.7573774207080877,0.1634711468163525,0.0791514324755597,1.0,1.0,0.0,0.0,1.0,1.0,1.0,2.0,0.0,0.0,GB,Higgsfield Ultimate,,inconsistent,gb,,debit,optional,pass,
user_fe11ce05-4eab-42df-a35c-29eeee77d940,not_churned,invol_churn,invol_churn,not_churned -> invol_churn,0.7572244516095619,0.1631792901532978,0.0795962582371403,0.7572244516095619,1.0,1.0,0.0,0.0,1.0,1.0,1.0,2.0,0.0,0.0,US,Higgsfield Basic,developer,,sg,STANDARD CHARTERED BANK,debit,optional,pass,
user_41b6de62-fd70-4174-a0c7-55d00226505f,vol_churn,not_churned,not_churned,vol_churn -> not_churned,0.7570748735776491,0.7570748735776491,0.157541787467595,0.0853833389547558,1.0,1.0,0.0,0.0,1.0,1.0,1.0,2.0,0.0,0.0,GB,Higgsfield Creator,,limited,gb,,debit,optional,not_provided,
user_39820b80-da8c-426e-bc42-38047f458692,vol_churn,not_churned,not_churned,vol_churn -> not_churned,0.756958108507475,0.756958108507475,0.1468695542985139,0.0961723371940111,1.0,1.0,0.0,0.0,1.0,1.0,1.0,2.0,0.0,0.0,AU,Higgsfield Basic,uvuhb,,au,COMMONWEALTH BANK OF AUSTRALIA,debit,optional,pass,
user_1e87a7c6-ddcb-4f57-890e-a78251ee13ed,vol_churn,not_churned,not_churned,vol_churn -> not_churned,0.75668823518081,0.75668823518081,0.161647765924418,0.0816639988947719,1.0,1.0,0.0,0.0,1.0,1.0,1.0,2.0,0.0,0.0,US,Higgsfield Ultimate,,inconsistent,us,NATIONAL BANK OF ARIZONA,credit,optional,pass,
user_80845556-037a-4ee7-9dac-36d7ae9de7c6,vol_churn,invol_churn,invol_churn,vol_churn -> invol_churn,0.7566868969070607,0.1585564533678094,0.0847566497251297,0.7566868969070607,1.0,1.0,0.0,0.0,1.0,1.0,1.0,2.0,0.0,0.0,US,Higgsfield Ultimate,,,pr,BANCO POPULAR DE PUERTO RICO,credit,optional,pass,
user_f84d23c4-ac92-461e-8843-08bcc2e5087f,vol_churn,not_churned,not_churned,vol_churn -> not_churned,0.7566458903239041,0.7566458903239041,0.1414987142772232,0.1018553953988725,1.0,1.0,0.0,0.0,1.0,1.0,1.0,2.0,0.0,0.0,US,Higgsfield Basic,designer,,us,NAVY F.C.U.,credit,optional,pass,
user_6f294c3c-13ef-479c-ace5-a4ae3f72ce40,vol_churn,not_churned,not_churned,vol_churn -> not_churned,0.7557226773931952,0.7557226773931952,0.1940314099871852,0.0502459126196196,1.0,1.0,0.0,0.0,1.0,1.0,1.0,2.0,0.0,0.0,DE,Higgsfield Ultimate,,limited,de,BANK AUDI- AUDI SARADAR GROUP,debit,optional,pass,
user_68c6f591-d11c-4b4d-af27-acb2232162b7,vol_churn,not_churned,not_churned,vol_churn -> not_churned,0.7554215637180988,0.7554215637180988,0.2138670406589059,0.0307113956229952,1.0,1.0,0.0,0.0,1.0,1.0,1.0,2.0,0.0,0.0,DE,Higgsfield Ultimate,,inconsistent,de,DEUTSCHER SPARKASSEN UND GIROVERBAND,credit,optional,pass,
user_e778433f-f4c0-4a99-ab47-89813a887c5c,not_churned,invol_churn,invol_churn,not_churned -> invol_churn,0.7552108978543896,0.1494366566854254,0.0953524454601849,0.7552108978543896,3.0,2.0,0.3333333333333333,1.0,2.0,1.0,1.0,2.0,0.02101851851851852,0.02101851851851852,US,Higgsfield Ultimate,,,gb,SUNRATE PARTNERS UK LIMITED,credit,optional,pass,card_declined
user_8c40f1c4-54d9-4ec9-afd9-3258bb84e807,not_churned,vol_churn,vol_churn,not_churned -> vol_churn,0.7552039726643903,0.042152616894634,0.7552039726643903,0.2026434104409757,1.0,1.0,0.0,0.0,1.0,1.0,1.0,2.0,0.0,0.0,JP,Higgsfield Ultimate,,,jp,"JCB INTERNATIONAL CREDIT CARD CO., LTD.",credit,not_supported,not_provided,
user_3655a465-1acd-4df4-a036-a8aade1134d5,vol_churn,not_churned,not_churned,vol_churn -> not_churned,0.7551524798450352,0.7551524798450352,0.1944121645807277,0.050435355574237,1.0,1.0,0.0,0.0,1.0,1.0,1.0,2.0,0.0,0.0,ES,Higgsfield Ultimate,,inconsistent,es,"BANCO SABADELL, S.A.",credit,optional,pass,
user_e55b2e96-fee8-4497-bc46-7e1b9090a374,vol_churn,not_churned,not_churned,vol_churn -> not_churned,0.755113447064763,0.755113447064763,0.1834349740795171,0.0614515788557198,3.0,3.0,0.0,0.0,3.0,2.0,2.0,4.0,6.043541666666667,6.043541666666667,US,Higgsfield Ultimate,,inconsistent,us,"FIDELITY INFORMATION SERVICES, INC.",debit,optional,not_provided,
user_6a86efb0-f0aa-4aba-a1b6-08660a581383,vol_churn,not_churned,not_churned,vol_churn -> not_churned,0.7550693799633387,0.7550693799633387,0.1734524026702657,0.0714782173663955,2.0,2.0,0.0,0.0,2.0,2.0,2.0,4.0,1.3296643518518518,1.3296643518518518,NO,Higgsfield Basic,,,no,"TELLER, A.S.",debit,optional,not_provided,
user_7b6502d7-6613-4510-a303-f7ad94e4debd,vol_churn,not_churned,not_churned,vol_churn -> not_churned,0.7549070966676131,0.7549070966676131,0.1495184055593403,0.0955744977730464,3.0,3.0,0.0,0.0,3.0,3.0,3.0,6.0,10.270613425925927,10.270613425925927,DE,Higgsfield Ultimate,,other,gb,,credit,optional,not_provided,
user_f487ae8c-e353-4d03-b961-6e28de3c74f7,vol_churn,not_churned,not_churned,vol_churn -> not_churned,0.7547764219624888,0.7547764219624888,0.0997985179230011,0.14542506011451,8.0,2.0,0.75,6.0,2.0,3.0,2.0,5.0,8.600231481481481,8.600231481481481,FR,Higgsfield Basic,,other,fr,CREDIT AGRICOLE S.A.,debit,optional,not_provided,card_declined
user_b8a3fae5-dfbe-4042-b217-d574236df4b6,invol_churn,not_churned,not_churned,invol_churn -> not_churned,0.7546179580728901,0.7546179580728901,0.1867474689443593,0.0586345729827504,1.0,1.0,0.0,0.0,1.0,1.0,1.0,2.0,0.0,0.0,AT,Higgsfield Pro,,,at,BANQUE LIBANO-FRANCAISE S.A.L. /COMMERCE AND FINANCE S.A.L.,credit,optional,pass,
user_f6fc707f-2e66-49cb-8854-5875f5fbc89a,vol_churn,not_churned,not_churned,vol_churn -> not_churned,0.7545964694526914,0.7545964694526914,0.1833427424863101,0.0620607880609983,1.0,1.0,0.0,0.0,1.0,1.0,1.0,2.0,0.0,0.0,IL,Higgsfield Basic,,confusing,il,ABBEY NATIONAL PLC,credit,optional,not_provided,
user_c09988a2-b2c3-4cda-bf82-590c02899692,vol_churn,not_churned,not_churned,vol_churn -> not_churned,0.7545567338555486,0.7545567338555486,0.0975392729199873,0.1479039932244642,2.0,2.0,0.0,0.0,2.0,2.0,2.0,4.0,10.81787037037037,10.81787037037037,ES,Higgsfield Basic,,Hard to prompt,es,VTB BANK OJSC,debit,optional,not_provided,
user_f1048ef1-283b-4eca-987c-47f8a57b3b22,invol_churn,not_churned,not_churned,invol_churn -> not_churned,0.7545543885947423,0.7545543885947423,0.1140031351676466,0.1314424762376109,1.0,1.0,0.0,0.0,1.0,1.0,1.0,2.0,0.0,0.0,US,Higgsfield Ultimate,filmmaker,,us,,credit,optional,pass,
user_26ae582d-46fc-4195-b363-1ab029792411,not_churned,invol_churn,invol_churn,not_churned -> invol_churn,0.7543631737643534,0.1615024662417344,0.0841343599939121,0.7543631737643534,1.0,1.0,0.0,0.0,1.0,1.0,1.0,2.0,0.0,0.0,US,Higgsfield Ultimate,,other,hk,,credit,optional,pass,
user_dededa26-6bae-4b18-b7bc-9d6b7581fab2,vol_churn,not_churned,not_churned,vol_churn -> not_churned,0.7538987979951438,0.7538987979951438,0.1684536253417881,0.077647576663068,1.0,1.0,0.0,0.0,1.0,1.0,1.0,2.0,0.0,0.0,DE,Higgsfield Basic,,limited,de,,debit,optional,pass,
user_faca93e1-1581-4506-bafc-78b01df16d14,vol_churn,not_churned,not_churned,vol_churn -> not_churned,0.7538338120155643,0.7538338120155643,0.1426968582334525,0.1034693297509831,1.0,1.0,0.0,0.0,1.0,1.0,1.0,2.0,0.0,0.0,GB,Higgsfield Ultimate,,inconsistent,gb,VTB BANK OJSC,debit,optional,pass,
user_4d4d7348-5185-4abd-9833-eac3bf5fefa8,vol_churn,not_churned,not_churned,vol_churn -> not_churned,0.753804432040585,0.753804432040585,0.1667231287198203,0.0794724392395947,1.0,1.0,0.0,0.0,1.0,1.0,1.0,2.0,0.0,0.0,AU,Higgsfield Basic,,,au,,debit,optional,not_provided,
user_53225731-6a03-48ef-b023-a964c42554d7,vol_churn,not_churned,not_churned,vol_churn -> not_churned,0.7537470073829297,0.7537470073829297,0.1707485577212456,0.0755044348958247,1.0,1.0,0.0,0.0,1.0,1.0,1.0,2.0,0.0,0.0,FR,Higgsfield Basic,,other,fr,EUROPAY FRANCE SAS,debit,optional,not_provided,
user_65ad133e-0dda-4ece-8045-94599f7e484b,vol_churn,not_churned,not_churned,vol_churn -> not_churned,0.7535113974189481,0.7535113974189481,0.1752296465668475,0.0712589560142045,1.0,1.0,0.0,0.0,1.0,1.0,1.0,2.0,0.0,0.0,US,Higgsfield Creator,,inconsistent,us,STARWOOD PREFERRED GUEST HOTEL LOYALTY,credit,optional,not_provided,
user_0678fea3-1357-47d0-9197-517dba7a7ed9,vol_churn,not_churned,not_churned,vol_churn -> not_churned,0.7535060731006394,0.7535060731006394,0.1763041918257261,0.0701897350736344,1.0,1.0,0.0,0.0,1.0,1.0,1.0,2.0,0.0,0.0,US,Higgsfield Ultimate,educator,,us,"JPMORGAN CHASE BANK, N.A.",debit,optional,not_provided,
user_9ecb402f-979a-4d43-b2e1-c6833a24103e,vol_churn,not_churned,not_churned,vol_churn -> not_churned,0.7533791432052175,0.7533791432052175,0.1420730441143208,0.1045478126804617,2.0,2.0,0.0,0.0,2.0,2.0,2.0,4.0,11.192083333333333,11.192083333333333,US,Higgsfield Ultimate,,confusing,us,"U.S. BANK NATIONAL ASSOCIATION, ND",credit,optional,not_provided,
user_b5121de1-8a73-4880-a4a6-4ac88fd1215d,not_churned,vol_churn,vol_churn,not_churned -> vol_churn,0.7532260407538597,0.1843379690293857,0.7532260407538597,0.0624359902167545,2.0,2.0,0.0,0.0,2.0,1.0,1.0,2.0,0.0011921296296296296,0.0011921296296296296,NZ,Higgsfield Ultimate,,inconsistent,nz,"ANZ NATIONAL BANK, LTD.",debit,recommended,pass,
user_a0af8f33-e7fe-45c7-97bd-5f909a842279,not_churned,invol_churn,invol_churn,not_churned -> invol_churn,0.7527663100244258,0.1828948544967427,0.0643388354788313,0.7527663100244258,1.0,1.0,0.0,0.0,1.0,1.0,1.0,2.0,0.0,0.0,US,Higgsfield Ultimate,,,hk,"FIRST USA BANK, N.A.",credit,optional,pass,
user_539e1b93-fec4-4686-a48f-b7489b3efa01,invol_churn,not_churned,not_churned,invol_churn -> not_churned,0.752763637062407,0.752763637062407,0.1392171121974972,0.1080192507400957,2.0,2.0,0.0,0.0,2.0,2.0,2.0,4.0,7.588738425925926,7.588738425925926,PL,Higgsfield Basic,,hard-prompt,pl,WIELKOPOLSKI BANK SPOLDZIELCZY,debit,optional,not_provided,
user_dffb5822-5dfe-497a-a373-c87d08d4bcec,vol_churn,not_churned,not_churned,vol_churn -> not_churned,0.7526020141176409,0.7526020141176409,0.1923238420086486,0.0550741438737104,1.0,1.0,0.0,0.0,1.0,1.0,1.0,2.0,0.0,0.0,US,Higgsfield Ultimate,,hard-prompt,us,"BANK OF AMERICA, N.A.",debit,optional,not_provided,
user_b039233b-c254-4b81-9417-e80898286190,vol_churn,not_churned,not_churned,vol_churn -> not_churned,0.7525825512383347,0.7525825512383347,0.200315962444024,0.0471014863176411,1.0,1.0,0.0,0.0,1.0,1.0,1.0,2.0,0.0,0.0,GB,Higgsfield Ultimate,,inconsistent,gb,BARCLAYS BANK PLC,debit,optional,not_provided,
user_9193d6ab-6a4e-462b-93e2-40d6bb477dd1,not_churned,invol_churn,invol_churn,not_churned -> invol_churn,0.7525746208538314,0.1628004435659489,0.0846249355802195,0.7525746208538314,1.0,1.0,0.0,0.0,1.0,1.0,1.0,2.0,0.0,0.0,US,Higgsfield Ultimate,,AI is confusing to me,sg,STANDARD CHARTERED BANK,debit,optional,pass,
user_efca3f43-d99e-4816-90e1-dc7c525372d0,invol_churn,not_churned,not_churned,invol_churn -> not_churned,0.7523140579551126,0.7523140579551126,0.1679330309413303,0.079752911103557,1.0,1.0,0.0,0.0,1.0,1.0,1.0,2.0,0.0,0.0,US,Higgsfield Creator,,inconsistent,us,NAVY F.C.U.,debit,optional,pass,
user_ec12b28b-2bf8-43f0-8eff-8eac283be3cc,vol_churn,not_churned,not_churned,vol_churn -> not_churned,0.7521390768870052,0.7521390768870052,0.2053529539323578,0.0425079691806369,2.0,2.0,0.0,0.0,2.0,2.0,2.0,4.0,1.0088310185185185,1.0088310185185185,US,Higgsfield Basic,,high-cost,us,"CHASE BANK USA, N.A.",credit,optional,not_provided,
user_d3234303-4590-490a-818b-3811cdc9b41f,invol_churn,not_churned,not_churned,invol_churn -> not_churned,0.7516413743299659,0.7516413743299659,0.0821453343085175,0.1662132913615164,1.0,1.0,0.0,0.0,1.0,1.0,1.0,2.0,0.0,0.0,TJ,Higgsfield Ultimate,,other,tj,TOJIKSODIROTBONK JSC,credit,optional,pass,
user_fd7aff45-7dd6-4427-8751-0e3bbbc5d889,vol_churn,not_churned,not_churned,vol_churn -> not_churned,0.750688146350993,0.750688146350993,0.1035706149928808,0.1457412386561262,1.0,1.0,0.0,0.0,1.0,1.0,1.0,2.0,0.0,0.0,MT,Higgsfield Ultimate,,,mt,VTB BANK OJSC,debit,optional,pass,
user_9a017b12-39ec-4dcc-8ab3-6b90088f25c0,invol_churn,not_churned,not_churned,invol_churn -> not_churned,0.7506711309834079,0.7506711309834079,0.1673207790316373,0.0820080899849548,1.0,1.0,0.0,0.0,1.0,1.0,1.0,2.0,0.0,0.0,CL,Higgsfield Ultimate,,high-cost,cl,BANCO SANTANDER CHILE,credit,optional,pass,
user_6f9a78c1-002e-48ba-99a0-32ed5897a6ec,vol_churn,not_churned,not_churned,vol_churn -> not_churned,0.7506271107165917,0.7506271107165917,0.2022285969316824,0.0471442923517259,2.0,2.0,0.0,0.0,2.0,1.0,1.0,2.0,0.0011805555555555556,0.0011805555555555556,US,Higgsfield Ultimate,founder,,us,AMERICAN EXPRESS US,credit,optional,not_provided,
user_d01fd44f-42f1-4284-8da2-d2e461ff6362,vol_churn,not_churned,not_churned,vol_churn -> not_churned,0.7505630784681301,0.7505630784681301,0.2164871858180257,0.0329497357138441,1.0,1.0,0.0,0.0,1.0,1.0,1.0,2.0,0.0,0.0,US,Higgsfield Ultimate,,inconsistent,us,AMERICAN EXPRESS COMPANY,credit,optional,pass,
user_d1f50471-3b9e-4f23-91ac-3273f602737b,vol_churn,not_churned,not_churned,vol_churn -> not_churned,0.7504052977108635,0.7504052977108635,0.1869280191887757,0.0626666831003606,1.0,1.0,0.0,0.0,1.0,1.0,1.0,2.0,0.0,0.0,US,Higgsfield Basic,,inconsistent,us,BANK OF HAWAII,debit,optional,not_provided,
user_945fb79c-cda7-45cf-b408-0e30dbb38ba2,vol_churn,not_churned,not_churned,vol_churn -> not_churned,0.7503834174432817,0.7503834174432817,0.163052659668194,0.0865639228885242,1.0,1.0,0.0,0.0,1.0,1.0,1.0,2.0,0.0,0.0,US,Higgsfield Ultimate,designer,,us,"HSBC BANK NEVADA, N.A.",credit,optional,not_provided,
user_6a90a8aa-612e-4923-ab42-c50fb3ae8815,invol_churn,not_churned,not_churned,invol_churn -> not_churned,0.7503454991799055,0.7503454991799055,0.1423347257593678,0.1073197750607267,3.0,3.0,0.0,0.0,3.0,2.0,2.0,4.0,11.219236111111112,11.219236111111112,CZ,Higgsfield Pro,,,cz,,debit,optional,not_provided,
user_0f84cb3c-c253-4456-8ab3-e6458f7f629c,vol_churn,not_churned,not_churned,vol_churn -> not_churned,0.7501817798690918,0.7501817798690918,0.1545702765783302,0.0952479435525779,1.0,1.0,0.0,0.0,1.0,1.0,1.0,2.0,0.0,0.0,PL,Higgsfield Ultimate,,,pl,"ING BANK SLASKI, S.A.",debit,optional,pass,
user_c8f3dc65-3c90-4b12-a62e-ca6796da57cc,vol_churn,not_churned,not_churned,vol_churn -> not_churned,0.7494495706289228,0.7494495706289228,0.1945229296191544,0.0560274997519226,1.0,1.0,0.0,0.0,1.0,1.0,1.0,2.0,0.0,0.0,US,Higgsfield Basic,,hard-prompt,us,,unknown,not_supported,not_provided,
user_9e45c134-977a-4f0d-abe1-3b768c927c86,vol_churn,not_churned,not_churned,vol_churn -> not_churned,0.7493148652091494,0.7493148652091494,0.1999625739972682,0.0507225607935823,1.0,1.0,0.0,0.0,1.0,1.0,1.0,2.0,0.0,0.0,US,Higgsfield Ultimate,,limited,us,AMERICAN EXPRESS US CONSUMER,credit,optional,not_provided,
user_3a2047b5-8879-4b9b-b001-f1026d386fe9,vol_churn,not_churned,not_churned,vol_churn -> not_churned,0.749184971839822,0.749184971839822,0.1924403337860837,0.0583746943740942,1.0,1.0,0.0,0.0,1.0,1.0,1.0,2.0,0.0,0.0,CA,Higgsfield Creator,,other,ca,ROYAL BANK OF CANADA,credit,optional,pass,
user_c9e5ef16-600e-4ce7-9bae-1ad51b85bd3b,vol_churn,invol_churn,invol_churn,vol_churn -> invol_churn,0.749016952603164,0.1684270434640929,0.082556003932743,0.749016952603164,1.0,1.0,0.0,0.0,1.0,1.0,1.0,2.0,0.0,0.0,US,Higgsfield Ultimate,designer,,sg,STANDARD CHARTERED BANK,debit,optional,pass,
user_ddaef255-339b-47e2-984f-d12fa3aa77e4,vol_churn,not_churned,not_churned,vol_churn -> not_churned,0.7489191114053804,0.7489191114053804,0.1884265170897952,0.0626543715048244,2.0,2.0,0.0,0.0,2.0,1.0,1.0,2.0,0.0008680555555555555,0.0008680555555555555,IT,Higgsfield Ultimate,,inconsistent,it,USAA FEDERAL SAVINGS BANK,debit,optional,pass,
user_6acb33d6-fcd4-49c3-8158-1fb60ef8cee2,vol_churn,not_churned,not_churned,vol_churn -> not_churned,0.7486236977854587,0.7486236977854587,0.1260587471886808,0.1253175550258606,3.0,3.0,0.0,0.0,3.0,2.0,2.0,4.0,8.046770833333333,8.046770833333333,CZ,Higgsfield Basic,,,cz,,debit,optional,not_provided,
user_1b299dfb-06c6-408c-a1ea-ed86a85b542b,vol_churn,not_churned,not_churned,vol_churn -> not_churned,0.7484861912072654,0.7484861912072654,0.133294620701415,0.1182191880913195,1.0,1.0,0.0,0.0,1.0,1.0,1.0,2.0,0.0,0.0,PL,Higgsfield Pro,w,,pl,METABANK,debit,optional,not_provided,
user_f18e14d0-4966-41c7-9986-3a9d2827e952,vol_churn,not_churned,not_churned,vol_churn -> not_churned,0.7479601837702667,0.7479601837702667,0.1892520399830708,0.0627877762466624,1.0,1.0,0.0,0.0,1.0,1.0,1.0,2.0,0.0,0.0,US,Higgsfield Ultimate,filmmaker,,us,"CHASE BANK USA, N.A.",credit,optional,not_provided,
user_07bebb0a-2bfd-476a-b30c-322480c84c4f,vol_churn,not_churned,not_churned,vol_churn -> not_churned,0.7479274670990206,0.7479274670990206,0.0922824312032606,0.1597901016977186,2.0,2.0,0.0,0.0,2.0,2.0,2.0,4.0,9.502743055555555,9.502743055555555,TR,Higgsfield Creator,,limited,tr,"YAPI VE KREDI BANKASI, A.S.",credit,optional,not_provided,
user_32b8d3db-1d63-404c-9298-87760092fa29,vol_churn,not_churned,not_churned,vol_churn -> not_churned,0.74753803950463,0.74753803950463,0.0656391059698898,0.1868228545254799,2.0,2.0,0.0,0.0,2.0,2.0,2.0,4.0,12.122604166666667,12.122604166666667,UA,Higgsfield Basic,,inconsistent,ua,COMMERCIAL BANK PRIVATBANK,debit,optional,not_provided,
user_f0986bb2-cca3-4cf1-b8e5-16cc6d4b97e4,vol_churn,not_churned,not_churned,vol_churn -> not_churned,0.7470997503135373,0.7470997503135373,0.1714143710920407,0.081485878594422,1.0,1.0,0.0,0.0,1.0,1.0,1.0,2.0,0.0,0.0,US,Higgsfield Ultimate,,limited,us,ESL F.C.U.,debit,optional,not_provided,
user_1284008f-0cc4-4bdd-911c-8fa407465aaf,invol_churn,not_churned,not_churned,invol_churn -> not_churned,0.747072070886318,0.747072070886318,0.1665874677265703,0.0863404613871116,1.0,1.0,0.0,0.0,1.0,1.0,1.0,2.0,0.0,0.0,PL,Higgsfield Ultimate,,hard-prompt,pl,BRE BANK SPOLKA AKCYJNA,debit,optional,pass,
user_b2614660-2a4a-4729-838a-fe7a0cd630a1,vol_churn,not_churned,not_churned,vol_churn -> not_churned,0.7470050958021766,0.7470050958021766,0.1758660916818957,0.0771288125159277,3.0,3.0,0.0,0.0,3.0,3.0,3.0,6.0,4.592719907407408,4.592719907407408,AR,Higgsfield Ultimate,,limited,uy,RIAS S.R.L. (BANCOMAT),credit,optional,not_provided,
user_ee9acbc0-8c42-4f7a-ab29-8df4a07e3ce4,invol_churn,not_churned,not_churned,invol_churn -> not_churned,0.7468665459300458,0.7468665459300458,0.1554599946122334,0.0976734594577207,1.0,1.0,0.0,0.0,1.0,1.0,1.0,2.0,0.0,0.0,HN,Higgsfield Ultimate,,inconsistent,hn,FIRST DATA CORPORATION,credit,optional,pass,
user_5113fb14-b58a-4187-bd29-8c19054aa5fb,vol_churn,not_churned,not_churned,vol_churn -> not_churned,0.7468335707810874,0.7468335707810874,0.1166792706904232,0.1364871585284893,1.0,1.0,0.0,0.0,1.0,1.0,1.0,2.0,0.0,0.0,KW,Higgsfield Creator,,other,kw,BANK SEVERNAYA KAZNA PUBLIC STOCK COMPANY,credit,optional,not_provided,
user_344b1c27-15b9-4551-a8ed-3f38ee9f6f9a,vol_churn,not_churned,not_churned,vol_churn -> not_churned,0.7464297692697672,0.7464297692697672,0.1863755484948231,0.0671946822354096,1.0,1.0,0.0,0.0,1.0,1.0,1.0,2.0,0.0,0.0,GB,Higgsfield Ultimate,,high-cost,gb,,credit,optional,not_provided,
user_9c2dc736-cd0d-4341-bebe-2ae6fc81058f,vol_churn,not_churned,not_churned,vol_churn -> not_churned,0.746287873091344,0.746287873091344,0.2056939599782263,0.0480181669304294,1.0,1.0,0.0,0.0,1.0,1.0,1.0,2.0,0.0,0.0,US,Higgsfield Ultimate,,high-cost,us,"CHASE BANK USA, N.A.",credit,optional,pass,
user_d71e9ace-fe04-430f-acb2-75ad95504a5f,vol_churn,not_churned,not_churned,vol_churn -> not_churned,0.745668408464889,0.745668408464889,0.2016249715483625,0.0527066199867483,1.0,1.0,0.0,0.0,1.0,1.0,1.0,2.0,0.0,0.0,CA,Higgsfield Basic,,,ca,CANADIAN IMPERIAL BANK OF COMMERCE,credit,optional,not_provided,
user_a814bc2e-a1be-4736-b2fd-0ebb525c7b9e,vol_churn,not_churned,not_churned,vol_churn -> not_churned,0.7455120601441663,0.7455120601441663,0.2105913543487202,0.0438965855071134,1.0,1.0,0.0,0.0,1.0,1.0,1.0,2.0,0.0,0.0,US,Higgsfield Ultimate,,confusing,us,AMERICAN EXPRESS US CONSUMER,credit,optional,not_provided,
user_8c8abc10-fec5-4328-aac7-ab355fadeb21,invol_churn,vol_churn,vol_churn,invol_churn -> vol_churn,0.7452243346508207,0.0103313068730746,0.7452243346508207,0.2444443584761045,1.0,1.0,0.0,0.0,1.0,1.0,1.0,2.0,0.0,0.0,JP,Higgsfield Creator,,limited,jp,"JCB INTERNATIONAL CREDIT CARD CO., LTD.",credit,not_supported,pass,
user_e61ae3af-1028-45f7-a04b-3f2e26fe7b31,vol_churn,not_churned,not_churned,vol_churn -> not_churned,0.7451927897299992,0.7451927897299992,0.161195426729439,0.0936117835405617,1.0,1.0,0.0,0.0,1.0,1.0,1.0,2.0,0.0,0.0,GB,Higgsfield Ultimate,,hard-prompt,gb,,debit,optional,pass,
user_3cc267f9-f864-4ffb-a9d7-a760413f3e18,invol_churn,not_churned,not_churned,invol_churn -> not_churned,0.7450607799890424,0.7450607799890424,0.191505671212635,0.0634335487983225,1.0,1.0,0.0,0.0,1.0,1.0,1.0,2.0,0.0,0.0,FR,Higgsfield Basic,,inconsistent,fr,SOCIETE GENERALE,debit,optional,not_provided,
user_aa22cac7-e1c5-42d9-a0f3-245eab75b904,invol_churn,not_churned,not_churned,invol_churn -> not_churned,0.7450337452211037,0.7450337452211037,0.1276951079602389,0.1272711468186573,2.0,2.0,0.0,0.0,2.0,2.0,2.0,4.0,10.016099537037038,10.016099537037038,FR,Higgsfield Basic,,other,fr,"HUNGARIAN VOLKSBANK, LTD.",debit,optional,pass,
user_74aa93e9-626f-4ddb-a117-774a1516a126,invol_churn,not_churned,not_churned,invol_churn -> not_churned,0.7450217255248608,0.7450217255248608,0.2021690408077543,0.0528092336673848,1.0,1.0,0.0,0.0,1.0,1.0,1.0,2.0,0.0,0.0,US,Higgsfield Basic,,hard-prompt,us,,unknown,not_supported,not_provided,
user_57318ac1-3d84-43e8-b2d6-efc9b81e7ec8,not_churned,invol_churn,invol_churn,not_churned -> invol_churn,0.7449610878087272,0.1814160605319124,0.0736228516593602,0.7449610878087272,1.0,1.0,0.0,0.0,1.0,1.0,1.0,2.0,0.0,0.0,VN,Higgsfield Ultimate,,other,vn,THE TORONTO-DOMINION BANK,debit,optional,pass,
user_a1c35985-4219-4a74-bf08-2e13e40ae499,invol_churn,not_churned,not_churned,invol_churn -> not_churned,0.7449233833657686,0.7449233833657686,0.196903971596572,0.0581726450376591,1.0,1.0,0.0,0.0,1.0,1.0,1.0,2.0,0.0,0.0,CH,Higgsfield Basic,,hard-prompt,ch,UBS AG,credit,optional,pass,
user_9dae5148-4f19-4cd0-bb88-dff957ab664d,vol_churn,not_churned,not_churned,vol_churn -> not_churned,0.7448879757062403,0.7448879757062403,0.1843299560868779,0.0707820682068817,1.0,1.0,0.0,0.0,1.0,1.0,1.0,2.0,0.0,0.0,US,Higgsfield Basic,,,us,"WELLS FARGO BANK, N.A.",credit,optional,not_provided,
user_e8c15fff-e3cb-4a13-a4ce-7eaf202f2e1e,vol_churn,not_churned,not_churned,vol_churn -> not_churned,0.744755639069704,0.744755639069704,0.1910820353601133,0.0641623255701827,2.0,2.0,0.0,0.0,2.0,1.0,1.0,2.0,0.0010879629629629629,0.0010879629629629629,US,Higgsfield Basic,,inconsistent,us,,credit,optional,not_provided,
user_689904e1-7ac4-464f-966f-b8228877d62c,vol_churn,not_churned,not_churned,vol_churn -> not_churned,0.7447013199383606,0.7447013199383606,0.1946086853880067,0.0606899946736327,1.0,1.0,0.0,0.0,1.0,1.0,1.0,2.0,0.0,0.0,US,Higgsfield Ultimate,,inconsistent,us,"CHASE BANK USA, N.A.",credit,optional,pass,
user_4cfb95be-3714-441a-9ad5-e50f8e9ae9a6,vol_churn,not_churned,not_churned,vol_churn -> not_churned,0.7445506096622052,0.7445506096622052,0.1953225032976986,0.0601268870400962,2.0,2.0,0.0,0.0,2.0,1.0,1.0,2.0,0.002349537037037037,0.002349537037037037,US,Higgsfield Ultimate,,limited,us,"TRIPLINK INTERNATIONAL CO.,LIMITED",debit,optional,not_provided,
user_7b910ea8-b372-49d5-905a-7a60a2be2861,vol_churn,not_churned,not_churned,vol_churn -> not_churned,0.7445404525014094,0.7445404525014094,0.0774516440863589,0.1780079034122317,2.0,2.0,0.0,0.0,2.0,2.0,2.0,4.0,7.054189814814815,7.054189814814815,PE,Higgsfield Basic,designer,,pe,BANCO DE CREDITO DEL PERU,debit,optional,not_provided,
user_4e0143e2-5980-43ef-9849-d452302d336e,vol_churn,not_churned,not_churned,vol_churn -> not_churned,0.7445337931958746,0.7445337931958746,0.1814584641029067,0.0740077427012186,1.0,1.0,0.0,0.0,1.0,1.0,1.0,2.0,0.0,0.0,US,Higgsfield Ultimate,,,us,"JPMORGAN CHASE BANK, N.A.",debit,optional,not_provided,
user_1a121f2c-cdf6-4c7e-8464-fe14354998a4,invol_churn,not_churned,not_churned,invol_churn -> not_churned,0.7444429279511342,0.7444429279511342,0.171200739184401,0.0843563328644646,2.0,1.0,0.5,1.0,1.0,1.0,1.0,2.0,0.0038078703703703703,0.0,KR,Higgsfield Creator,creator,,kr,KOOKMIN BANK,credit,optional,pass,card_declined
user_cf369715-a2e6-4f30-8681-1489686c5ddf,vol_churn,not_churned,not_churned,vol_churn -> not_churned,0.7443205672412007,0.7443205672412007,0.2084870782233574,0.0471923545354418,1.0,1.0,0.0,0.0,1.0,1.0,1.0,2.0,0.0,0.0,DE,Higgsfield Ultimate,,,de,BANK OF MONTREAL,credit,optional,pass,
user_f7b4511e-4fba-419b-bf97-254a4a3cc726,not_churned,invol_churn,invol_churn,not_churned -> invol_churn,0.7439861580465409,0.2034565757207418,0.0525572662327173,0.7439861580465409,1.0,1.0,0.0,0.0,1.0,1.0,1.0,2.0,0.0,0.0,CI,Higgsfield Ultimate,,other,ci,BANK OF AMERICA,prepaid,optional,pass,
user_49acd2be-ba46-4a5d-8dd5-5d041d50cc7f,vol_churn,not_churned,not_churned,vol_churn -> not_churned,0.7435422082261144,0.7435422082261144,0.1664985122068478,0.0899592795670377,1.0,1.0,0.0,0.0,1.0,1.0,1.0,2.0,0.0,0.0,BA,Higgsfield Ultimate,,inconsistent,ba,,credit,optional,pass,
user_0768bcee-5766-4945-a6ce-852264a3c73a,vol_churn,not_churned,not_churned,vol_churn -> not_churned,0.7433351408062824,0.7433351408062824,0.1614652473191966,0.0951996118745209,1.0,1.0,0.0,0.0,1.0,1.0,1.0,2.0,0.0,0.0,US,Higgsfield Basic,,limited,us,"PNC BANK, N.A.",debit,optional,pass,
user_dec444c7-48f4-49cb-b72a-f85a18c5df65,not_churned,invol_churn,invol_churn,not_churned -> invol_churn,0.7428595059540551,0.1708937335277683,0.0862467605181765,0.7428595059540551,1.0,1.0,0.0,0.0,1.0,1.0,1.0,2.0,0.0,0.0,VN,Higgsfield Ultimate,,inconsistent,vn,,debit,optional,pass,
user_6c9aed39-e30f-41b4-86b7-6676d02f3bf3,invol_churn,not_churned,not_churned,invol_churn -> not_churned,0.7426166696602351,0.7426166696602351,0.1613715409253723,0.0960117894143924,1.0,1.0,0.0,0.0,1.0,1.0,1.0,2.0,0.0,0.0,US,Higgsfield Basic,,,us,"JPMORGAN CHASE BANK, N.A.",debit,optional,pass,
user_c6b0d166-e43b-4fd0-9c48-9541cf715698,vol_churn,not_churned,not_churned,vol_churn -> not_churned,0.7426133083103561,0.7426133083103561,0.2162694901654391,0.0411172015242047,2.0,2.0,0.0,0.0,2.0,1.0,1.0,2.0,0.0011458333333333333,0.0011458333333333333,US,Higgsfield Ultimate,,hard-prompt,us,"CHASE BANK USA, N.A.",credit,optional,not_provided,
user_1b5fd510-3373-401b-bdaa-517e6ea5fa48,vol_churn,not_churned,not_churned,vol_churn -> not_churned,0.7424956736936995,0.7424956736936995,0.1711577122382157,0.0863466140680847,1.0,1.0,0.0,0.0,1.0,1.0,1.0,2.0,0.0,0.0,AU,Higgsfield Basic,,inconsistent,au,WESTPAC BANKING CORPORATION,debit,optional,pass,
user_240b1190-9d45-4b2a-837f-ec9b854eee23,vol_churn,not_churned,not_churned,vol_churn -> not_churned,0.7421673520707323,0.7421673520707323,0.151420884664603,0.1064117632646647,5.0,2.0,0.6,3.0,2.0,2.0,2.0,4.0,12.290717592592593,12.290717592592593,US,Higgsfield Ultimate,,inconsistent,us,"FIRST GULF BANK, N.A.",credit,optional,not_provided,card_declined
user_6de3b30d-ab5c-4784-9a97-9e2f226ae95f,vol_churn,not_churned,not_churned,vol_churn -> not_churned,0.7416780403844521,0.7416780403844521,0.1254217328759518,0.1329002267395961,1.0,1.0,0.0,0.0,1.0,1.0,1.0,2.0,0.0,0.0,FR,Higgsfield Basic,brand-owner,,fr,MASTERCARD FRANCE S.A.S.,debit,optional,pass,
user_b126a7ca-b3ec-4e7e-a55d-ffae3fa0fb35,vol_churn,not_churned,not_churned,vol_churn -> not_churned,0.7416754861648206,0.7416754861648206,0.1217178886695311,0.1366066251656481,2.0,2.0,0.0,0.0,2.0,2.0,2.0,4.0,4.974375,4.974375,SI,Higgsfield Basic,,,si,,debit,optional,not_provided,
user_f196635e-e660-404b-9580-a46b6fb3cf64,vol_churn,not_churned,not_churned,vol_churn -> not_churned,0.7404701775933008,0.7404701775933008,0.1765411907844738,0.0829886316222253,1.0,1.0,0.0,0.0,1.0,1.0,1.0,2.0,0.0,0.0,FR,Higgsfield Basic,,high-cost,fr,CREDIT INDUSTRIEL ET COMMERCIAL,debit,optional,not_provided,
user_51246ab5-62f6-4f94-93fb-f796459157de,vol_churn,not_churned,not_churned,vol_churn -> not_churned,0.7401271816592982,0.7401271816592982,0.14278922921133,0.1170835891293717,2.0,2.0,0.0,0.0,2.0,2.0,2.0,4.0,5.969837962962963,5.969837962962963,FR,Higgsfield Basic,,hard-prompt,fr,EUROPAY FRANCE SAS,debit,optional,not_provided,
user_a83e183e-5a04-4dc2-9e2b-836195a0016f,not_churned,invol_churn,invol_churn,not_churned -> invol_churn,0.7399480520146422,0.2061818302305811,0.0538701177547768,0.7399480520146422,1.0,1.0,0.0,0.0,1.0,1.0,1.0,2.0,0.0,0.0,KE,Higgsfield Ultimate,,,ke,YORKSHIRE BANK,prepaid,optional,pass,
user_fd58d0cc-0b6c-416b-8b4c-638ba77c99ea,vol_churn,not_churned,not_churned,vol_churn -> not_churned,0.7398787676034928,0.7398787676034928,0.2179269208622395,0.0421943115342676,1.0,1.0,0.0,0.0,1.0,1.0,1.0,2.0,0.0,0.0,CA,Higgsfield Ultimate,,,ca,TORONTO-DOMINION BANK,credit,optional,not_provided,
user_6442945e-2c42-4f58-ad43-23f7c0cf4418,invol_churn,not_churned,not_churned,invol_churn -> not_churned,0.7397339303045767,0.7397339303045767,0.132546244172452,0.1277198255229713,2.0,2.0,0.0,0.0,2.0,2.0,2.0,4.0,7.157847222222222,7.157847222222222,IT,Higgsfield Basic,,,it,,debit,optional,not_provided,
user_739555f3-daf6-4559-be8c-93ffd9980675,vol_churn,not_churned,not_churned,vol_churn -> not_churned,0.739706399969431,0.739706399969431,0.2021351374019582,0.0581584626286107,1.0,1.0,0.0,0.0,1.0,1.0,1.0,2.0,0.0,0.0,GB,Higgsfield Creator,,other,gb,BARCLAYS BANK PLC,credit,optional,not_provided,
user_44444bb4-d080-4a7f-ae01-24f79d21466c,invol_churn,not_churned,not_churned,invol_churn -> not_churned,0.7396872959034243,0.7396872959034243,0.1450709771080945,0.1152417269884812,1.0,1.0,0.0,0.0,1.0,1.0,1.0,2.0,0.0,0.0,US,Higgsfield Creator,,limited,us,,debit,optional,pass,
user_3e960d3d-8b32-4906-8c09-2c5d7d1054ff,vol_churn,not_churned,not_churned,vol_churn -> not_churned,0.73963045158832,0.73963045158832,0.1800598172821303,0.0803097311295495,1.0,1.0,0.0,0.0,1.0,1.0,1.0,2.0,0.0,0.0,HU,Higgsfield Ultimate,,other,hu,UNICREDIT BANK HUNGARY ZRT.,debit,optional,not_provided,
user_2692c57c-f273-4145-a902-881d8721b358,vol_churn,not_churned,not_churned,vol_churn -> not_churned,0.7392647197078128,0.7392647197078128,0.1454836907697643,0.1152515895224227,1.0,1.0,0.0,0.0,1.0,1.0,1.0,2.0,0.0,0.0,ZA,Higgsfield Ultimate,,high-cost,za,"UNICARD BANCO MULTIPLO, S.A.",credit,optional,pass,
user_5c2c3492-00cf-4cfa-92c8-4ddfc5e226a9,vol_churn,not_churned,not_churned,vol_churn -> not_churned,0.7388338281003252,0.7388338281003252,0.1985378142748979,0.0626283576247768,1.0,1.0,0.0,0.0,1.0,1.0,1.0,2.0,0.0,0.0,US,Higgsfield Ultimate,,limited,us,BANK OF HAWAII,debit,optional,pass,
user_f4df36d6-d3e8-4a9f-8f54-5ef4b40bb87b,vol_churn,not_churned,not_churned,vol_churn -> not_churned,0.7385745387153575,0.7385745387153575,0.1923554457299571,0.0690700155546853,1.0,1.0,0.0,0.0,1.0,1.0,1.0,2.0,0.0,0.0,US,Higgsfield Basic,,,us,GOLDMAN SACHS BANK USA,credit,optional,not_provided,
user_72410dc9-dbee-4323-bb5f-e53cfc6d1747,not_churned,invol_churn,invol_churn,not_churned -> invol_churn,0.7384632224161842,0.1977299076500586,0.0638068699337571,0.7384632224161842,1.0,1.0,0.0,0.0,1.0,1.0,1.0,2.0,0.0,0.0,US,Higgsfield Ultimate,,other,hk,"FIRST USA BANK, N.A.",credit,optional,pass,
user_2ed44e53-fed9-4d71-aa97-c16407bc9131,vol_churn,not_churned,not_churned,vol_churn -> not_churned,0.7384234530083079,0.7384234530083079,0.1592374792190354,0.1023390677726566,1.0,1.0,0.0,0.0,1.0,1.0,1.0,2.0,0.0,0.0,US,Higgsfield Ultimate,,high-cost,us,,credit,optional,pass,
user_88db673d-acc9-49fc-8855-a862ec3f6a6f,invol_churn,not_churned,not_churned,invol_churn -> not_churned,0.7384126752629572,0.7384126752629572,0.187924668677764,0.0736626560592786,1.0,1.0,0.0,0.0,1.0,1.0,1.0,2.0,0.0,0.0,US,Higgsfield Ultimate,,,us,BANK OF HAWAII,debit,optional,pass,
user_0b218e2c-690d-4d16-9001-87cdbb57d263,invol_churn,not_churned,not_churned,invol_churn -> not_churned,0.7383193521681058,0.7383193521681058,0.0976449542806039,0.1640356935512901,1.0,1.0,0.0,0.0,1.0,1.0,1.0,2.0,0.0,0.0,IN,Higgsfield Ultimate,,hard-prompt,in,"ICICI BANK, LTD.",credit,optional,pass,
user_0e8fe68e-63a0-4235-88ad-5470750fe42b,vol_churn,not_churned,not_churned,vol_churn -> not_churned,0.7382201602003815,0.7382201602003815,0.1619512748660906,0.0998285649335278,2.0,2.0,0.0,0.0,2.0,2.0,2.0,4.0,6.679270833333334,6.679270833333334,US,Higgsfield Basic,,,us,"CITIBANK, N.A.",credit,optional,not_provided,
user_4b439030-f13a-4ca3-a220-018b0def5fdb,invol_churn,not_churned,not_churned,invol_churn -> not_churned,0.7380968763897908,0.7380968763897908,0.1201913852231634,0.1417117383870458,1.0,1.0,0.0,0.0,1.0,1.0,1.0,2.0,0.0,0.0,PY,Higgsfield Basic,,hard-prompt,py,,debit,optional,pass,
user_93c2205b-be1e-4561-940f-d466aeb783fc,vol_churn,not_churned,not_churned,vol_churn -> not_churned,0.7379224986725405,0.7379224986725405,0.2056822165954391,0.0563952847320204,1.0,1.0,0.0,0.0,1.0,1.0,1.0,2.0,0.0,0.0,US,Higgsfield Ultimate,,confusing,us,"CAPITAL ONE BANK (USA), N.A.",credit,optional,pass,
user_2dbc2157-1eae-4788-a89d-312cb47e07bb,invol_churn,not_churned,not_churned,invol_churn -> not_churned,0.737738866945354,0.737738866945354,0.1949768701076717,0.0672842629469742,1.0,1.0,0.0,0.0,1.0,1.0,1.0,2.0,0.0,0.0,US,Higgsfield Ultimate,,limited,us,"CHASE BANK USA, N.A.",credit,optional,pass,
user_13fe9731-696f-4fcf-a673-60c2e2f706ac,vol_churn,not_churned,not_churned,vol_churn -> not_churned,0.7374883103942775,0.7374883103942775,0.1769987896383346,0.0855128999673877,1.0,1.0,0.0,0.0,1.0,1.0,1.0,2.0,0.0,0.0,US,Higgsfield Basic,,other,us,WELLS FARGO,debit,optional,pass,
user_850db271-1cef-4624-a1e0-5cbca4930c17,vol_churn,not_churned,not_churned,vol_churn -> not_churned,0.7373909699370261,0.7373909699370261,0.1956785354289529,0.0669304946340211,1.0,1.0,0.0,0.0,1.0,1.0,1.0,2.0,0.0,0.0,AU,Higgsfield Ultimate,,hard-prompt,au,,debit,optional,pass,
user_e27d4217-1e7c-4307-a641-9fcbd26cef53,vol_churn,not_churned,not_churned,vol_churn -> not_churned,0.7373090374353444,0.7373090374353444,0.1414475285418419,0.1212434340228137,2.0,2.0,0.0,0.0,2.0,2.0,2.0,4.0,9.143402777777778,9.143402777777778,NL,Higgsfield Basic,,inconsistent,nl,"TELLER, A.S.",debit,optional,not_provided,
user_5a2a74c9-16f8-4c32-99fd-8a760d534d67,vol_churn,not_churned,not_churned,vol_churn -> not_churned,0.7371700323565655,0.7371700323565655,0.1131316575055304,0.1496983101379041,2.0,2.0,0.0,0.0,2.0,2.0,2.0,4.0,3.1851967592592594,3.1851967592592594,FR,Higgsfield Basic,,other,fr,,debit,optional,pass,
user_52d01141-6e60-4433-8544-2674fee12771,invol_churn,not_churned,not_churned,invol_churn -> not_churned,0.7371603128400943,0.7371603128400943,0.1262893171427939,0.1365503700171117,1.0,1.0,0.0,0.0,1.0,1.0,1.0,2.0,0.0,0.0,GB,Higgsfield Ultimate,,other,gb,"WISE PAYMENTS, LTD.",debit,optional,pass,
user_4025fd0e-ca4f-45db-861a-d63132452a47,vol_churn,not_churned,not_churned,vol_churn -> not_churned,0.736944160123147,0.736944160123147,0.2101900357043887,0.0528658041724641,1.0,1.0,0.0,0.0,1.0,1.0,1.0,2.0,0.0,0.0,KR,Higgsfield Creator,,other,kr,"SAMSUNG CARD CO., LTD.",credit,optional,pass,
user_0245e9ed-1d40-4861-b6cf-7480d58e7c76,vol_churn,not_churned,not_churned,vol_churn -> not_churned,0.7368958770771991,0.7368958770771991,0.2054709848624781,0.0576331380603228,2.0,2.0,0.0,0.0,2.0,2.0,2.0,4.0,4.3671875,4.3671875,KR,Higgsfield Basic,,inconsistent,kr,"BC CARD CO., LTD.",credit,optional,not_provided,
user_b47cd1cb-c55c-466b-a826-3c11a2641153,vol_churn,not_churned,not_churned,vol_churn -> not_churned,0.7365081929027668,0.7365081929027668,0.1684331136081903,0.0950586934890428,1.0,1.0,0.0,0.0,1.0,1.0,1.0,2.0,0.0,0.0,IT,Higgsfield Basic,just-for-fun,,it,"VINCENTO PAYMENT SOLUTIONS, LTD.",debit,optional,not_provided,
user_312f338c-a62c-451f-98ac-bb2476f05fa6,vol_churn,not_churned,not_churned,vol_churn -> not_churned,0.736476775904259,0.736476775904259,0.1862792399878279,0.0772439841079131,1.0,1.0,0.0,0.0,1.0,1.0,1.0,2.0,0.0,0.0,ES,Higgsfield Ultimate,,inconsistent,de,,credit,optional,pass,
user_6e743aa5-160c-47e0-8aa2-034f2cf23ad8,invol_churn,not_churned,not_churned,invol_churn -> not_churned,0.7364085116651918,0.7364085116651918,0.0743118161261777,0.1892796722086304,1.0,1.0,0.0,0.0,1.0,1.0,1.0,2.0,0.0,0.0,IN,Higgsfield Basic,,inconsistent,in,"HDFC BANK, LTD.",credit,optional,pass,
user_d379163d-99df-49c2-bfbd-33ffcf3f1922,vol_churn,not_churned,not_churned,vol_churn -> not_churned,0.7363401030049885,0.7363401030049885,0.1703607606381118,0.0932991363568996,2.0,2.0,0.0,0.0,2.0,1.0,1.0,2.0,0.0078125,0.0078125,AE,Higgsfield Basic,,high-cost,ae,CORPORATE COMMERCIAL BANK A.D.,debit,optional,not_provided,
user_9ed04a38-6292-4e66-bd52-c02b039a045e,not_churned,invol_churn,invol_churn,not_churned -> invol_churn,0.7362771481039193,0.1925483945626183,0.0711744573334623,0.7362771481039193,1.0,1.0,0.0,0.0,1.0,1.0,1.0,2.0,0.0,0.0,US,Higgsfield Ultimate,,Other,hk,"FIRST USA BANK, N.A.",credit,optional,pass,
user_3de3b57e-dcd4-48d3-a374-6f511647a35c,vol_churn,not_churned,not_churned,vol_churn -> not_churned,0.7362219116513222,0.7362219116513222,0.2272327896517487,0.036545298696929,1.0,1.0,0.0,0.0,1.0,1.0,1.0,2.0,0.0,0.0,CA,Higgsfield Ultimate,,hard-prompt,ca,RBC ROYAL BANK OF CANADA,credit,optional,not_provided,
user_7fdec9fe-effe-45ad-8f72-fd3f4f5dca85,vol_churn,invol_churn,invol_churn,vol_churn -> invol_churn,0.7357704680344409,0.1288420816675328,0.1353874502980262,0.7357704680344409,13.0,2.0,0.8461538461538461,11.0,2.0,1.0,1.0,2.0,0.0068865740740740745,0.0068865740740740745,US,Higgsfield Ultimate,,,cd,FIRST SIGNATURE BANK AND TRUST COMPANY,prepaid,optional,not_provided,card_declined
user_3975f86e-002f-4c11-b7b2-c07eb5a18f84,vol_churn,not_churned,not_churned,vol_churn -> not_churned,0.7356721279527514,0.7356721279527514,0.1942338396486527,0.0700940323985958,1.0,1.0,0.0,0.0,1.0,1.0,1.0,2.0,0.0,0.0,ES,Higgsfield Basic,,hard-prompt,es,"BANCO SANTANDER, S.A.",credit,optional,pass,
user_e16e6575-2752-46bd-a2c2-544257267942,invol_churn,vol_churn,vol_churn,invol_churn -> vol_churn,0.7356070257293024,0.0140650460941577,0.7356070257293024,0.2503279281765398,1.0,1.0,0.0,0.0,1.0,1.0,1.0,2.0,0.0,0.0,JP,Higgsfield Creator,,inconsistent,jp,"JCB INTERNATIONAL CREDIT CARD CO., LTD.",credit,not_supported,pass,
user_4ccd4239-4468-4fd5-aa72-ba8eb936c537,vol_churn,not_churned,not_churned,vol_churn -> not_churned,0.7353815719965261,0.7353815719965261,0.1476149547315265,0.1170034732719473,1.0,1.0,0.0,0.0,1.0,1.0,1.0,2.0,0.0,0.0,EE,Higgsfield Ultimate,,high-cost,de,,credit,optional,pass,
user_54edfd28-0d1e-4830-9efc-e202e3e2828b,invol_churn,not_churned,not_churned,invol_churn -> not_churned,0.7353801338123789,0.7353801338123789,0.2206328951746321,0.0439869710129889,1.0,1.0,0.0,0.0,1.0,1.0,1.0,2.0,0.0,0.0,CA,Higgsfield Creator,,hard-prompt,ca,AMERICAN EXPRESS US,credit,optional,not_provided,
user_a18d555e-28c2-4f86-a4e6-c2e9512a2ad0,vol_churn,not_churned,not_churned,vol_churn -> not_churned,0.7352111750495911,0.7352111750495911,0.2183178721849533,0.0464709527654554,1.0,1.0,0.0,0.0,1.0,1.0,1.0,2.0,0.0,0.0,US,Higgsfield Pro,,inconsistent,us,"CHASE BANK USA, N.A.",credit,optional,pass,
user_e9fbe8d3-3cb7-4fed-9824-5e3ee586ca25,vol_churn,not_churned,not_churned,vol_churn -> not_churned,0.7350719740481944,0.7350719740481944,0.2166298259701483,0.0482981999816574,1.0,1.0,0.0,0.0,1.0,1.0,1.0,2.0,0.0,0.0,US,Higgsfield Ultimate,,other,us,AMERICAN EXPRESS COMPANY,credit,optional,not_provided,
user_ccebc417-5317-4beb-bb85-22f221decc65,vol_churn,not_churned,not_churned,vol_churn -> not_churned,0.7349563978094917,0.7349563978094917,0.1647189017243795,0.1003247004661287,1.0,1.0,0.0,0.0,1.0,1.0,1.0,2.0,0.0,0.0,US,Higgsfield Ultimate,,hard-prompt,us,"YES BANK, LTD.",credit,optional,pass,
user_532b7ac0-cbb3-474c-b065-fae602d64bff,vol_churn,not_churned,not_churned,vol_churn -> not_churned,0.734734351534485,0.734734351534485,0.1771524869035533,0.0881131615619617,1.0,1.0,0.0,0.0,1.0,1.0,1.0,2.0,0.0,0.0,AE,Higgsfield Creator,,inconsistent,ae,CITIBANK,credit,optional,not_provided,
user_5402b273-bc0e-41d4-9fc4-c061140ba5df,vol_churn,not_churned,not_churned,vol_churn -> not_churned,0.7346926477394758,0.7346926477394758,0.1673199144511726,0.0979874378093515,1.0,1.0,0.0,0.0,1.0,1.0,1.0,2.0,0.0,0.0,FR,Higgsfield Basic,,other,fr,BNP PARIBAS,debit,optional,pass,
user_e5b123d1-4dd8-448d-82df-bc72ea8f8a35,vol_churn,not_churned,not_churned,vol_churn -> not_churned,0.734603266894492,0.734603266894492,0.1869384193763656,0.0784583137291423,1.0,1.0,0.0,0.0,1.0,1.0,1.0,2.0,0.0,0.0,DE,Higgsfield Basic,,,de,,debit,optional,not_provided,
user_4e929bf9-8759-42b8-928e-0b6d897c04e7,vol_churn,not_churned,not_churned,vol_churn -> not_churned,0.7345200906994727,0.7345200906994727,0.2278743728961999,0.0376055364043274,1.0,1.0,0.0,0.0,1.0,1.0,1.0,2.0,0.0,0.0,US,Higgsfield Ultimate,,hard-prompt,us,AMERICAN EXPRESS COMPANY,credit,optional,not_provided,
user_20f1d1a8-2372-4e37-a119-572bca816abd,vol_churn,not_churned,not_churned,vol_churn -> not_churned,0.7343362976721098,0.7343362976721098,0.1467396592800616,0.1189240430478285,1.0,1.0,0.0,0.0,1.0,1.0,1.0,2.0,0.0,0.0,GB,Higgsfield Creator,,inconsistent,gb,VTB BANK OJSC,debit,optional,pass,
user_922f5a9b-aa1e-4861-9ac1-fbb857a6673a,not_churned,invol_churn,invol_churn,not_churned -> invol_churn,0.734292485040481,0.1611137940487162,0.1045937209108027,0.734292485040481,3.0,2.0,0.3333333333333333,1.0,2.0,1.0,1.0,2.0,0.004537037037037037,0.004537037037037037,US,Higgsfield Ultimate,,,gb,SUNRATE PARTNERS UK LIMITED,credit,optional,pass,card_declined
user_93e13801-f960-46b0-bf23-5ed3bd5dd751,invol_churn,not_churned,not_churned,invol_churn -> not_churned,0.733795782786334,0.733795782786334,0.1849564522451363,0.0812477649685297,1.0,1.0,0.0,0.0,1.0,1.0,1.0,2.0,0.0,0.0,US,Higgsfield Ultimate,,,us,WELLS FARGO,debit,optional,pass,
user_fe708ee0-e9e0-403d-aa42-ebb377374c1d,vol_churn,not_churned,not_churned,vol_churn -> not_churned,0.7337813157229701,0.7337813157229701,0.1226748399589324,0.1435438443180974,2.0,2.0,0.0,0.0,2.0,2.0,2.0,4.0,1.1234259259259258,1.1234259259259258,CL,Higgsfield Ultimate,,Limited generations,cl,VISALUX S.C.,debit,optional,not_provided,
user_3b0670bf-7530-4c7d-bb26-9a9b82f66811,not_churned,invol_churn,invol_churn,not_churned -> invol_churn,0.7335437227284716,0.1732438380805132,0.0932124391910152,0.7335437227284716,1.0,1.0,0.0,0.0,1.0,1.0,1.0,2.0,0.0,0.0,US,Higgsfield Ultimate,,limited,hk,"FIRST USA BANK, N.A.",credit,optional,pass,
user_56fcd7e0-9b98-4a66-adf3-de7b1046dbd8,invol_churn,not_churned,not_churned,invol_churn -> not_churned,0.7334882268731361,0.7334882268731361,0.0566423466813766,0.2098694264454873,2.0,2.0,0.0,0.0,2.0,2.0,2.0,4.0,13.356087962962963,13.356087962962963,IN,Higgsfield Ultimate,,other,in,"CARD SERVICES FOR CREDIT UNIONS, INC.",credit,optional,not_provided,
user_bb47eb0f-9591-4c3a-bfbe-72b69dcb8742,vol_churn,not_churned,not_churned,vol_churn -> not_churned,0.73339615513773,0.73339615513773,0.2039840963019406,0.0626197485603293,1.0,1.0,0.0,0.0,1.0,1.0,1.0,2.0,0.0,0.0,US,Higgsfield Ultimate,,inconsistent,us,"CHASE BANK USA, N.A.",credit,optional,pass,
user_47e02b9f-4854-40ae-aa4a-7143cce4e8c1,vol_churn,not_churned,not_churned,vol_churn -> not_churned,0.7333949528477136,0.7333949528477136,0.2225487713314621,0.0440562758208243,1.0,1.0,0.0,0.0,1.0,1.0,1.0,2.0,0.0,0.0,DE,Higgsfield Pro,,other,de,EURO KARTENSYSTEME GMBH,credit,optional,pass,
user_b5e2b0c5-2804-496b-afcb-51100d253e47,invol_churn,not_churned,not_churned,invol_churn -> not_churned,0.7332931038304796,0.7332931038304796,0.1811990326709499,0.0855078634985705,2.0,2.0,0.0,0.0,2.0,1.0,1.0,2.0,0.14652777777777778,0.14652777777777778,US,Higgsfield Basic,,confusing,us,"WELLS FARGO BANK, N.A.",credit,optional,not_provided,
user_396049be-dcc6-4fd7-a5bf-31b8161073cc,vol_churn,not_churned,not_churned,vol_churn -> not_churned,0.7330930079946066,0.7330930079946066,0.1243243129604434,0.1425826790449499,8.0,1.0,0.875,7.0,1.0,1.0,1.0,2.0,0.031956018518518516,0.0,AE,Higgsfield Basic,,confusing,ae,ABU DHABI COMMERCIAL BANK,credit,optional,not_provided,card_declined
user_9d5c4617-0688-49b2-9c45-86d8a8c634ed,invol_churn,not_churned,not_churned,invol_churn -> not_churned,0.7329834808977835,0.7329834808977835,0.2087163093557408,0.0583002097464756,1.0,1.0,0.0,0.0,1.0,1.0,1.0,2.0,0.0,0.0,FR,Higgsfield Creator,,limited,fr,MASTERCARD FRANCE S.A.S.,credit,optional,pass,
user_72d13735-38a3-4efa-9b30-c7165301f8d6,not_churned,invol_churn,invol_churn,not_churned -> invol_churn,0.7329535178468849,0.1631090103734077,0.1039374717797072,0.7329535178468849,1.0,1.0,0.0,0.0,1.0,1.0,1.0,2.0,0.0,0.0,US,Higgsfield Ultimate,,limited,hk,"FIRST USA BANK, N.A.",credit,optional,pass,
user_3925a580-769c-431f-a2af-ddc46f21c795,not_churned,invol_churn,invol_churn,not_churned -> invol_churn,0.7329327608634958,0.1955970289791123,0.0714702101573917,0.7329327608634958,1.0,1.0,0.0,0.0,1.0,1.0,1.0,2.0,0.0,0.0,US,Higgsfield Creator,,hard-prompt,hk,"EUROPAY FRANCE, S.A.",prepaid,optional,pass,
user_03382550-4aec-4094-be49-839dc1741739,vol_churn,not_churned,not_churned,vol_churn -> not_churned,0.7328273747615642,0.7328273747615642,0.0577578259953546,0.2094147992430811,3.0,3.0,0.0,0.0,3.0,3.0,3.0,6.0,13.178229166666666,13.178229166666666,KG,Higgsfield Basic,,high-cost,kg,WESTPAC BANKING CORPORATION,credit,optional,not_provided,
user_017a4edc-bebb-470a-b7dc-0d3ac30efd36,vol_churn,invol_churn,invol_churn,vol_churn -> invol_churn,0.7326922864950985,0.1832557579461804,0.0840519555587209,0.7326922864950985,1.0,1.0,0.0,0.0,1.0,1.0,1.0,2.0,0.0,0.0,US,Higgsfield Basic,creator,,pr,BANCO POPULAR DE PUERTO RICO,credit,optional,pass,
user_246b361f-1c07-47a7-b507-a2bc3179eb63,invol_churn,vol_churn,vol_churn,invol_churn -> vol_churn,0.7325108931371397,0.0195311889745975,0.7325108931371397,0.2479579178882627,1.0,1.0,0.0,0.0,1.0,1.0,1.0,2.0,0.0,0.0,JP,Higgsfield Creator,,hard-prompt,jp,"JCB INTERNATIONAL CREDIT CARD CO., LTD.",credit,not_supported,pass,
user_e551bb73-9ea5-41d0-a007-cd91deb61de4,not_churned,invol_churn,invol_churn,not_churned -> invol_churn,0.7324384072754802,0.1976931092158792,0.0698684835086405,0.7324384072754802,1.0,1.0,0.0,0.0,1.0,1.0,1.0,2.0,0.0,0.0,US,Higgsfield Ultimate,,,us,METROPOLITAN BANK AND TRUST COMPANY,credit,optional,pass,
user_713490da-87c4-4ac8-a144-235207758dda,not_churned,invol_churn,invol_churn,not_churned -> invol_churn,0.7324384072754802,0.1976931092158792,0.0698684835086405,0.7324384072754802,1.0,1.0,0.0,0.0,1.0,1.0,1.0,2.0,0.0,0.0,US,Higgsfield Ultimate,,,us,METROPOLITAN BANK AND TRUST COMPANY,credit,optional,pass,
user_c010254c-744e-43f5-afbf-bcc9bce1080a,not_churned,invol_churn,invol_churn,not_churned -> invol_churn,0.7324384072754802,0.1976931092158792,0.0698684835086405,0.7324384072754802,1.0,1.0,0.0,0.0,1.0,1.0,1.0,2.0,0.0,0.0,US,Higgsfield Ultimate,,,us,METROPOLITAN BANK AND TRUST COMPANY,credit,optional,pass,
user_cb1ad67a-6bf9-4af4-9bf1-c49e4e9f43a4,invol_churn,not_churned,not_churned,invol_churn -> not_churned,0.7316820291749935,0.7316820291749935,0.1433914241525873,0.1249265466724191,1.0,1.0,0.0,0.0,1.0,1.0,1.0,2.0,0.0,0.0,LV,Higgsfield Ultimate,,other,lv,PAREX BANK,credit,optional,pass,
user_047f6040-f6cb-4df0-b949-7a33f9b0de4e,not_churned,invol_churn,invol_churn,not_churned -> invol_churn,0.7316373973835588,0.2158943382095752,0.0524682644068659,0.7316373973835588,1.0,1.0,0.0,0.0,1.0,1.0,1.0,2.0,0.0,0.0,ID,Higgsfield Basic,,other,id,,debit,optional,pass,
user_9c5d7bfb-cc24-453b-8f94-2e348fcfa9fd,invol_churn,vol_churn,vol_churn,invol_churn -> vol_churn,0.731370286048146,0.0138475389112874,0.731370286048146,0.2547821750405665,1.0,1.0,0.0,0.0,1.0,1.0,1.0,2.0,0.0,0.0,JP,Higgsfield Creator,,,jp,"JCB INTERNATIONAL CREDIT CARD CO., LTD.",credit,not_supported,pass,
user_df955472-6fcf-4ee6-8e88-31684bb2b8ff,invol_churn,vol_churn,vol_churn,invol_churn -> vol_churn,0.731370286048146,0.0138475389112874,0.731370286048146,0.2547821750405665,1.0,1.0,0.0,0.0,1.0,1.0,1.0,2.0,0.0,0.0,JP,Higgsfield Creator,,,jp,"JCB INTERNATIONAL CREDIT CARD CO., LTD.",credit,not_supported,pass,
user_f44de2d3-6eeb-4bc0-ab1e-0e67b63cf791,invol_churn,vol_churn,vol_churn,invol_churn -> vol_churn,0.731370286048146,0.0138475389112874,0.731370286048146,0.2547821750405665,1.0,1.0,0.0,0.0,1.0,1.0,1.0,2.0,0.0,0.0,JP,Higgsfield Creator,,,jp,"JCB INTERNATIONAL CREDIT CARD CO., LTD.",credit,not_supported,pass,
user_d22db2e6-7d4f-45d9-b6d3-2ac5bf00d4f6,not_churned,invol_churn,invol_churn,not_churned -> invol_churn,0.7310286664642486,0.1411349967281424,0.1278363368076088,0.7310286664642486,1.0,1.0,0.0,0.0,1.0,1.0,1.0,2.0,0.0,0.0,US,Higgsfield Ultimate,,Inconsistent results,sg,STANDARD CHARTERED BANK,debit,optional,pass,
user_cca684ea-7019-4852-a91d-7d90ef24188a,vol_churn,not_churned,not_churned,vol_churn -> not_churned,0.7307839432272238,0.7307839432272238,0.2154937210300885,0.0537223357426875,1.0,1.0,0.0,0.0,1.0,1.0,1.0,2.0,0.0,0.0,IL,Higgsfield Ultimate,,inconsistent,il,"ISRAEL CREDIT CARDS, LTD.",credit,optional,pass,
user_a324abc2-8034-44a1-98e3-df650e282a83,invol_churn,vol_churn,vol_churn,invol_churn -> vol_churn,0.7304451928935072,0.0188163714614766,0.7304451928935072,0.2507384356450161,1.0,1.0,0.0,0.0,1.0,1.0,1.0,2.0,0.0,0.0,JP,Higgsfield Creator,,high-cost,jp,"JCB INTERNATIONAL CREDIT CARD CO., LTD.",credit,not_supported,pass,
user_e7f4d67c-45be-43e4-901a-c72195d39850,vol_churn,invol_churn,invol_churn,vol_churn -> invol_churn,0.7303765323156256,0.187623239173766,0.0820002285106083,0.7303765323156256,1.0,1.0,0.0,0.0,1.0,1.0,1.0,2.0,0.0,0.0,US,Higgsfield Ultimate,,other,sg,STANDARD CHARTERED BANK,debit,optional,pass,
user_02fd55ed-4a5b-413a-8794-d56d76340af3,vol_churn,not_churned,not_churned,vol_churn -> not_churned,0.7300694953975899,0.7300694953975899,0.19229613764205,0.07763436696036,2.0,2.0,0.0,0.0,2.0,2.0,2.0,4.0,5.076469907407407,5.076469907407407,CA,Higgsfield Basic,,other,ca,ROYAL BANK OF CANADA,debit,optional,not_provided,
user_f4a4ed60-879a-449c-be98-42e40d1a489d,vol_churn,not_churned,not_churned,vol_churn -> not_churned,0.7300618357681823,0.7300618357681823,0.2109206110151071,0.0590175532167105,2.0,2.0,0.0,0.0,2.0,2.0,2.0,4.0,6.992847222222222,6.992847222222222,DE,Higgsfield Pro,,inconsistent,de,,debit,optional,not_provided,
user_323a0097-acec-4ec3-9421-f0c755041c69,invol_churn,not_churned,not_churned,invol_churn -> not_churned,0.7299689313842253,0.7299689313842253,0.1040612087475346,0.1659698598682401,1.0,1.0,0.0,0.0,1.0,1.0,1.0,2.0,0.0,0.0,IN,Higgsfield Ultimate,,inconsistent,in,FIRST DATA CORPORATION,credit,optional,pass,
user_c110358e-6845-455d-ac81-e39bf7cf1d21,vol_churn,not_churned,not_churned,vol_churn -> not_churned,0.7299324328223262,0.7299324328223262,0.2049812731921201,0.0650862939855536,1.0,1.0,0.0,0.0,1.0,1.0,1.0,2.0,0.0,0.0,US,Higgsfield Ultimate,,limited,us,"WELLS FARGO BANK, N.A.",credit,optional,pass,
user_295b1e72-ca77-4f1b-8d09-455825b2bc68,not_churned,invol_churn,invol_churn,not_churned -> invol_churn,0.7295846559065431,0.2285534317516326,0.0418619123418243,0.7295846559065431,3.0,2.0,0.3333333333333333,1.0,2.0,2.0,2.0,4.0,0.996712962962963,0.996712962962963,NG,Higgsfield Basic,,,ng,,prepaid,optional,pass,card_declined
user_414306e4-8c7b-47c3-a430-380a24c7d9e8,vol_churn,not_churned,not_churned,vol_churn -> not_churned,0.7295776933482241,0.7295776933482241,0.1857731813566198,0.0846491252951561,1.0,1.0,0.0,0.0,1.0,1.0,1.0,2.0,0.0,0.0,US,Higgsfield Ultimate,,inconsistent,us,,debit,optional,not_provided,
user_903169ab-c84f-41fb-860b-a19211595304,vol_churn,not_churned,not_churned,vol_churn -> not_churned,0.7295595146132844,0.7295595146132844,0.0874901019786394,0.1829503834080762,3.0,2.0,0.3333333333333333,1.0,2.0,2.0,2.0,4.0,10.574884259259258,10.574884259259258,AR,Higgsfield Ultimate,,high-cost,ar,WESTPAC BANKING CORPORATION,credit,optional,not_provided,card_declined
user_7f5a1ffd-8403-4838-8b36-9517f45208c9,vol_churn,not_churned,not_churned,vol_churn -> not_churned,0.728594065504014,0.728594065504014,0.1215574401306085,0.1498484943653774,1.0,1.0,0.0,0.0,1.0,1.0,1.0,2.0,0.0,0.0,MX,Higgsfield Basic,,Inconsistent results,mx,"HSBC MEXICO, S.A. INSTITUCION DE BANCA MULTIPLE, GRUPO HSBC",credit,optional,not_provided,
user_688f96e7-d3ed-43ce-9a99-39839886ac20,invol_churn,vol_churn,vol_churn,invol_churn -> vol_churn,0.7285477516493306,0.0135128650334583,0.7285477516493306,0.257939383317211,1.0,1.0,0.0,0.0,1.0,1.0,1.0,2.0,0.0,0.0,JP,Higgsfield Creator,,,jp,"JCB INTERNATIONAL CREDIT CARD CO., LTD.",credit,not_supported,pass,
user_48bc4890-ec59-455a-90bd-460f1b982a26,invol_churn,vol_churn,vol_churn,invol_churn -> vol_churn,0.7285477516493306,0.0135128650334583,0.7285477516493306,0.257939383317211,1.0,1.0,0.0,0.0,1.0,1.0,1.0,2.0,0.0,0.0,JP,Higgsfield Creator,,,jp,"JCB INTERNATIONAL CREDIT CARD CO., LTD.",credit,not_supported,pass,
user_403b38ad-3ab1-4540-b120-74dcd493dd44,invol_churn,vol_churn,vol_churn,invol_churn -> vol_churn,0.7285477516493306,0.0135128650334583,0.7285477516493306,0.257939383317211,1.0,1.0,0.0,0.0,1.0,1.0,1.0,2.0,0.0,0.0,JP,Higgsfield Creator,,,jp,"JCB INTERNATIONAL CREDIT CARD CO., LTD.",credit,not_supported,pass,
user_ee150bca-2404-4f4e-acd5-1a5a26fd0770,invol_churn,vol_churn,vol_churn,invol_churn -> vol_churn,0.7285477516493306,0.0135128650334583,0.7285477516493306,0.257939383317211,1.0,1.0,0.0,0.0,1.0,1.0,1.0,2.0,0.0,0.0,JP,Higgsfield Creator,,,jp,"JCB INTERNATIONAL CREDIT CARD CO., LTD.",credit,not_supported,pass,
user_6863b1cf-56f5-42bf-a178-c7d408ee5184,invol_churn,vol_churn,vol_churn,invol_churn -> vol_churn,0.7285477516493306,0.0135128650334583,0.7285477516493306,0.257939383317211,1.0,1.0,0.0,0.0,1.0,1.0,1.0,2.0,0.0,0.0,JP,Higgsfield Creator,,,jp,"JCB INTERNATIONAL CREDIT CARD CO., LTD.",credit,not_supported,pass,
user_ebf79bfa-368d-4236-b529-753bd87d8958,vol_churn,not_churned,not_churned,vol_churn -> not_churned,0.7283599726635603,0.7283599726635603,0.2179931044513315,0.053646922885108,2.0,2.0,0.0,0.0,2.0,2.0,2.0,4.0,2.2861805555555557,2.2861805555555557,US,Higgsfield Ultimate,,,us,AMERICAN EXPRESS US,credit,optional,not_provided,
user_109ae6a8-98e8-4b9c-b18d-5a7e53ca173c,invol_churn,not_churned,not_churned,invol_churn -> not_churned,0.7283171456835149,0.7283171456835149,0.1349243659835945,0.1367584883328906,1.0,1.0,0.0,0.0,1.0,1.0,1.0,2.0,0.0,0.0,PE,Higgsfield Basic,,inconsistent,pe,INTERBANK - BANCO INTERNACIONAL DEL PERU,debit,optional,pass,
user_9f3060f0-76f4-4820-901b-8c2e5afceb10,vol_churn,not_churned,not_churned,vol_churn -> not_churned,0.7282995714311957,0.7282995714311957,0.1788222139009495,0.0928782146678547,1.0,1.0,0.0,0.0,1.0,1.0,1.0,2.0,0.0,0.0,US,Higgsfield Basic,,inconsistent,us,"YES BANK, LTD.",credit,optional,pass,
user_5fea5b02-8496-476a-bcb0-6f50f19e1702,vol_churn,not_churned,not_churned,vol_churn -> not_churned,0.7281576438293113,0.7281576438293113,0.2016444829778266,0.070197873192862,2.0,2.0,0.0,0.0,2.0,1.0,1.0,2.0,0.003703703703703704,0.003703703703703704,CH,Higgsfield Ultimate,,inconsistent,ch,"CORNER BANCA, S.A.",credit,optional,pass,
user_7767dc9a-6e8e-4ff5-a897-7cc0bd435ef2,vol_churn,not_churned,not_churned,vol_churn -> not_churned,0.7279567371617248,0.7279567371617248,0.201165822735949,0.070877440102326,1.0,1.0,0.0,0.0,1.0,1.0,1.0,2.0,0.0,0.0,US,Higgsfield Ultimate,,inconsistent,us,"DC CARD CO., LTD.",debit,optional,pass,
user_335cd873-9c57-42bf-9e26-dbe8be2b0cd9,vol_churn,not_churned,not_churned,vol_churn -> not_churned,0.727927418852482,0.727927418852482,0.0829607515445607,0.1891118296029573,2.0,2.0,0.0,0.0,2.0,2.0,2.0,4.0,9.373483796296297,9.373483796296297,BR,Higgsfield Basic,,inconsistent,br,WESTPAC BANKING CORPORATION,credit,optional,not_provided,
user_a7689954-4d71-4812-a4e5-f191d14a4c1d,not_churned,invol_churn,invol_churn,not_churned -> invol_churn,0.7278150741814714,0.1765865266344557,0.0955983991840727,0.7278150741814714,1.0,1.0,0.0,0.0,1.0,1.0,1.0,2.0,0.0,0.0,US,Higgsfield Ultimate,,limited,us,METROPOLITAN BANK AND TRUST COMPANY,credit,optional,pass,
user_c06302d9-784b-4728-8dcf-6b6cc22f93db,vol_churn,not_churned,not_churned,vol_churn -> not_churned,0.7277646571284018,0.7277646571284018,0.2353933742308394,0.0368419686407587,1.0,1.0,0.0,0.0,1.0,1.0,1.0,2.0,0.0,0.0,US,Higgsfield Ultimate,,inconsistent,us,"CHASE BANK USA, N.A.",credit,optional,not_provided,
user_c0a9386f-ae42-43da-9850-b30d5163c4e7,vol_churn,not_churned,not_churned,vol_churn -> not_churned,0.7276514937014208,0.7276514937014208,0.2136682279794576,0.0586802783191215,1.0,1.0,0.0,0.0,1.0,1.0,1.0,2.0,0.0,0.0,CH,Higgsfield Basic,,inconsistent,ch,UBS AG,credit,optional,pass,
user_6df5b6af-4c55-4ce0-a07b-2fec10755c88,vol_churn,not_churned,not_churned,vol_churn -> not_churned,0.7275157546678885,0.7275157546678885,0.2010255900250527,0.0714586553070587,1.0,1.0,0.0,0.0,1.0,1.0,1.0,2.0,0.0,0.0,US,Higgsfield Basic,,limited,us,"MIDWEST PAYMENT SYSTEMS, INC.",credit,optional,not_provided,
user_b72566bf-0437-47a7-8dd8-97d7a34e133b,vol_churn,not_churned,not_churned,vol_churn -> not_churned,0.7275020209656936,0.7275020209656936,0.1501058974378779,0.1223920815964285,,,,,,,,0.0,,,US,Higgsfield Basic,,,,,,,,
user_ecccfb31-5ba5-4229-bfed-5b02716adf26,vol_churn,not_churned,not_churned,vol_churn -> not_churned,0.727469418598312,0.727469418598312,0.2205639247686259,0.0519666566330621,1.0,1.0,0.0,0.0,1.0,1.0,1.0,2.0,0.0,0.0,DE,Higgsfield Ultimate,,high-cost,de,,credit,optional,pass,
user_314ff010-1caa-4b7d-8744-26841314df1a,vol_churn,not_churned,not_churned,vol_churn -> not_churned,0.7273072746806515,0.7273072746806515,0.2055302033207173,0.0671625219986311,1.0,1.0,0.0,0.0,1.0,1.0,1.0,2.0,0.0,0.0,GB,Higgsfield Basic,,limited,gb,BARCLAYS BANK PLC,debit,optional,not_provided,
user_88371dd1-c69c-4fb6-8bc1-d5790dc7f222,invol_churn,not_churned,not_churned,invol_churn -> not_churned,0.72719359897862,0.72719359897862,0.2091072178546471,0.0636991831667328,1.0,1.0,0.0,0.0,1.0,1.0,1.0,2.0,0.0,0.0,IT,Higgsfield Ultimate,,,it,UNICREDIT S.P.A.,credit,optional,pass,
user_112161ea-cf9e-4fed-ad27-ea8d3f45b48a,vol_churn,invol_churn,invol_churn,vol_churn -> invol_churn,0.7271928433516479,0.1681418171445199,0.1046653395038321,0.7271928433516479,1.0,1.0,0.0,0.0,1.0,1.0,1.0,2.0,0.0,0.0,US,Higgsfield Pro,,high-cost,sg,STANDARD CHARTERED BANK,debit,optional,pass,
user_66e8cf77-02dc-470d-9cf4-3aba743b484d,vol_churn,not_churned,not_churned,vol_churn -> not_churned,0.726979551140725,0.726979551140725,0.21319496315389,0.0598254857053849,1.0,1.0,0.0,0.0,1.0,1.0,1.0,2.0,0.0,0.0,US,Higgsfield Ultimate,,limited,us,"CHASE BANK USA, N.A.",credit,optional,pass,
user_9066034b-6bae-43b2-ac2f-c63de91b2fd2,invol_churn,not_churned,not_churned,invol_churn -> not_churned,0.7269189584130961,0.7269189584130961,0.1898857571394468,0.083195284447457,1.0,1.0,0.0,0.0,1.0,1.0,1.0,2.0,0.0,0.0,US,Higgsfield Ultimate,,inconsistent,us,,credit,optional,not_provided,
user_37a424e0-15f8-4d98-987f-da39a786ebcb,vol_churn,not_churned,not_churned,vol_churn -> not_churned,0.7268965514845672,0.7268965514845672,0.2321642940518797,0.0409391544635531,3.0,3.0,0.0,0.0,3.0,3.0,3.0,6.0,5.015127314814815,5.015127314814815,CA,Higgsfield Basic,,inconsistent,ca,ROYAL BANK OF CANADA,credit,optional,not_provided,
user_ae42436d-5a14-4bff-8d34-6c174044c39a,invol_churn,vol_churn,vol_churn,invol_churn -> vol_churn,0.726860497680771,0.1711521834190236,0.726860497680771,0.1019873189002052,1.0,1.0,0.0,0.0,1.0,1.0,1.0,2.0,0.0,0.0,JP,Higgsfield Ultimate,,high-cost,cn,CANADIAN IMPERIAL BANK OF COMMERCE,credit,optional,pass,
user_01baea26-6ceb-4530-bee0-87f6d89a6634,vol_churn,not_churned,not_churned,vol_churn -> not_churned,0.7268011847696264,0.7268011847696264,0.0873297303429373,0.1858690848874361,4.0,4.0,0.0,0.0,4.0,3.0,3.0,6.0,10.491805555555555,10.491805555555555,UA,Higgsfield Basic,,,ua,JSC UNIVERSAL BANK,credit,optional,not_provided,
user_a2e98e2d-124b-4b31-bc17-a40829965247,vol_churn,not_churned,not_churned,vol_churn -> not_churned,0.7267337678593161,0.7267337678593161,0.2141433947095906,0.0591228374310931,2.0,2.0,0.0,0.0,2.0,1.0,1.0,2.0,0.0007638888888888889,0.0007638888888888889,US,Higgsfield Basic,designer,,us,TRAVELLERS CHEQUE,credit,optional,not_provided,
user_aede183b-99b4-4be8-8b8c-627e94351cd2,invol_churn,not_churned,not_churned,invol_churn -> not_churned,0.7265400013383931,0.7265400013383931,0.1926236675547049,0.0808363311069018,1.0,1.0,0.0,0.0,1.0,1.0,1.0,2.0,0.0,0.0,AT,Higgsfield Pro,,,at,BANQUE LIBANO-FRANCAISE S.A.L. /COMMERCE AND FINANCE S.A.L.,credit,optional,pass,
user_3cd14392-b124-407b-84af-09eae6629024,vol_churn,not_churned,not_churned,vol_churn -> not_churned,0.726342834345593,0.726342834345593,0.1901959477955805,0.0834612178588265,1.0,1.0,0.0,0.0,1.0,1.0,1.0,2.0,0.0,0.0,US,Higgsfield Ultimate,,inconsistent,us,"PNC BANK, N.A.",debit,optional,not_provided,
user_a9ca3ed3-ce0f-49ef-aff5-d6395ccc44af,invol_churn,not_churned,not_churned,invol_churn -> not_churned,0.7261631983404333,0.7261631983404333,0.1618396530776714,0.1119971485818954,1.0,1.0,0.0,0.0,1.0,1.0,1.0,2.0,0.0,0.0,US,Higgsfield Ultimate,,,us,"CITIBANK (SOUTH DAKOTA), N.A.",debit,optional,not_provided,
user_5d16f280-69e9-4003-933b-d90b3fd34010,vol_churn,not_churned,not_churned,vol_churn -> not_churned,0.7259472257126856,0.7259472257126856,0.2334390367302647,0.0406137375570496,3.0,3.0,0.0,0.0,3.0,2.0,2.0,4.0,1.1154282407407408,1.1154282407407408,US,Higgsfield Basic,,inconsistent,us,"CHASE BANK USA, N.A.",credit,optional,not_provided,
user_115e6de8-a6da-45cc-aed9-6f1d7ca43e49,vol_churn,not_churned,not_churned,vol_churn -> not_churned,0.7258889085323273,0.7258889085323273,0.1975994023792742,0.0765116890883984,1.0,1.0,0.0,0.0,1.0,1.0,1.0,2.0,0.0,0.0,US,Higgsfield Ultimate,,inconsistent,us,FIRST NATIONAL BANK IN MENA,credit,optional,pass,
user_a23857fa-f69d-4a1c-bb24-82c293862330,not_churned,invol_churn,invol_churn,not_churned -> invol_churn,0.7256593416144763,0.1815041348822119,0.0928365235033117,0.7256593416144763,1.0,1.0,0.0,0.0,1.0,1.0,1.0,2.0,0.0,0.0,UZ,Higgsfield Creator,,,uz,,debit,optional,pass,
user_a5c8ba16-7be2-442a-ad40-853c19951e76,vol_churn,not_churned,not_churned,vol_churn -> not_churned,0.7256568418769148,0.7256568418769148,0.2080769242872856,0.0662662338357995,1.0,1.0,0.0,0.0,1.0,1.0,1.0,2.0,0.0,0.0,US,Higgsfield Ultimate,,other,us,"TRIPLINK INTERNATIONAL CO.,LIMITED",credit,optional,not_provided,
user_569f19fc-f0dc-453b-b9af-a85923f74d6e,vol_churn,not_churned,not_churned,vol_churn -> not_churned,0.725643797449809,0.725643797449809,0.2223921825206559,0.0519640200295351,1.0,1.0,0.0,0.0,1.0,1.0,1.0,2.0,0.0,0.0,GB,Higgsfield Basic,,hard-prompt,gb,AMERICAN EXPRESS,credit,optional,not_provided,
user_f75b4852-e11c-4c90-9990-88bd86e4f67c,vol_churn,not_churned,not_churned,vol_churn -> not_churned,0.7255222099406194,0.7255222099406194,0.1886418711100156,0.085835918949365,1.0,1.0,0.0,0.0,1.0,1.0,1.0,2.0,0.0,0.0,IT,Higgsfield Basic,,inconsistent,it,BALTIYSKIY BANK,credit,optional,pass,
user_aa3a5740-b166-430c-9e0f-0417d9ff1020,vol_churn,not_churned,not_churned,vol_churn -> not_churned,0.7253685700781873,0.7253685700781873,0.2112083259181134,0.0634231040036993,1.0,1.0,0.0,0.0,1.0,1.0,1.0,2.0,0.0,0.0,IL,Higgsfield Basic,,,il,ABBEY NATIONAL PLC,credit,optional,not_provided,
user_683ca1be-a71f-47c8-ba68-372b2b2797f0,vol_churn,not_churned,not_churned,vol_churn -> not_churned,0.7252200605429646,0.7252200605429646,0.1885684745123727,0.0862114649446626,1.0,1.0,0.0,0.0,1.0,1.0,1.0,2.0,0.0,0.0,FR,Higgsfield Basic,,limited,fr,BNP PARIBAS,debit,optional,not_provided,
user_67e36e8a-2955-4a8c-8be6-d60cfe9cecbf,not_churned,vol_churn,vol_churn,not_churned -> vol_churn,0.7249805689079815,0.0204630273982222,0.7249805689079815,0.2545564036937963,1.0,1.0,0.0,0.0,1.0,1.0,1.0,2.0,0.0,0.0,JP,Higgsfield Creator,,,jp,"JCB INTERNATIONAL CREDIT CARD CO., LTD.",credit,not_supported,pass,
user_e1bcb61d-45d3-4482-bd2f-455b3af0cfeb,not_churned,vol_churn,vol_churn,not_churned -> vol_churn,0.7249805689079815,0.0204630273982222,0.7249805689079815,0.2545564036937963,1.0,1.0,0.0,0.0,1.0,1.0,1.0,2.0,0.0,0.0,JP,Higgsfield Creator,,,jp,"JCB INTERNATIONAL CREDIT CARD CO., LTD.",credit,not_supported,pass,
user_69e53338-cf00-4e3f-9f22-f92d1da78171,vol_churn,not_churned,not_churned,vol_churn -> not_churned,0.7243194821442903,0.7243194821442903,0.2387077512094862,0.0369727666462234,2.0,2.0,0.0,0.0,2.0,1.0,1.0,2.0,0.005231481481481481,0.005231481481481481,CA,Higgsfield Ultimate,,high-cost,ca,TORONTO-DOMINION BANK,credit,optional,not_provided,
user_df41fbe0-ba2c-4e42-8558-def36e5083df,invol_churn,not_churned,not_churned,invol_churn -> not_churned,0.7241233017150289,0.7241233017150289,0.1511356633160243,0.1247410349689467,1.0,1.0,0.0,0.0,1.0,1.0,1.0,2.0,0.0,0.0,NL,Higgsfield Ultimate,,other,tj,TOJIKSODIROTBONK JSC,credit,optional,pass,
user_6e13e8d0-9c66-4e05-9dea-c1896f08a375,not_churned,invol_churn,invol_churn,not_churned -> invol_churn,0.7240395999925862,0.2022826065963286,0.0736777934110853,0.7240395999925862,1.0,1.0,0.0,0.0,1.0,1.0,1.0,2.0,0.0,0.0,US,Higgsfield Ultimate,,other,hk,"BOC CREDIT CARD (INTERNATIONAL), LTD.",credit,optional,pass,
user_fc335ca8-74bb-45db-936b-b5d1078f229c,vol_churn,invol_churn,invol_churn,vol_churn -> invol_churn,0.7239941899350487,0.1773284285960586,0.0986773814688926,0.7239941899350487,1.0,1.0,0.0,0.0,1.0,1.0,1.0,2.0,0.0,0.0,US,Higgsfield Ultimate,,other,pr,BANCO POPULAR DE PUERTO RICO,credit,optional,pass,
user_bf965258-becb-47ba-9596-07baa7a34157,invol_churn,not_churned,not_churned,invol_churn -> not_churned,0.7237220120236114,0.7237220120236114,0.1692249110380669,0.1070530769383216,1.0,1.0,0.0,0.0,1.0,1.0,1.0,2.0,0.0,0.0,IT,Higgsfield Ultimate,,,it,METABANK,debit,optional,not_provided,
user_5b431095-1054-4de6-9d8e-dc8a92a59602,vol_churn,not_churned,not_churned,vol_churn -> not_churned,0.7235919228140741,0.7235919228140741,0.2347886193705536,0.0416194578153722,1.0,1.0,0.0,0.0,1.0,1.0,1.0,2.0,0.0,0.0,GB,Higgsfield Pro,,inconsistent,gb,NATIONAL WESTMINSTER BANK PLC,credit,optional,pass,
user_f230c806-837d-4072-aaf8-7323fa19dda4,vol_churn,not_churned,not_churned,vol_churn -> not_churned,0.7234462231547303,0.7234462231547303,0.1734653337363303,0.1030884431089393,3.0,2.0,0.3333333333333333,1.0,2.0,2.0,2.0,4.0,6.730601851851852,6.730601851851852,US,Higgsfield Basic,,other,us,"CHASE BANK USA, N.A.",credit,optional,not_provided,card_declined
user_c26ceffc-1f71-4feb-b524-5cde2eae22f3,vol_churn,not_churned,not_churned,vol_churn -> not_churned,0.7233336274969409,0.7233336274969409,0.0821008316321501,0.1945655408709089,2.0,2.0,0.0,0.0,2.0,2.0,2.0,4.0,4.119513888888889,4.119513888888889,BE,Higgsfield Basic,brand-owner,,be,,debit,optional,not_provided,
user_4bf08a88-c017-4bfe-9163-91299e507943,vol_churn,not_churned,not_churned,vol_churn -> not_churned,0.7231951432926871,0.7231951432926871,0.2385237647972257,0.0382810919100873,1.0,1.0,0.0,0.0,1.0,1.0,1.0,2.0,0.0,0.0,DE,Higgsfield Ultimate,,high-cost,de,AMEX GERMANY GLOBESTAR CHARGE,credit,optional,pass,
user_8280df8a-16e2-4807-9f55-426e67d887c6,vol_churn,not_churned,not_churned,vol_churn -> not_churned,0.7228230518607909,0.7228230518607909,0.2363004283554371,0.0408765197837719,1.0,1.0,0.0,0.0,1.0,1.0,1.0,2.0,0.0,0.0,DE,Higgsfield Ultimate,,,de,DZ BANK AG,credit,optional,pass,
user_0f63925f-5a38-4ec3-aac8-87d65383b304,not_churned,invol_churn,invol_churn,not_churned -> invol_churn,0.7227379545169518,0.1860023931646716,0.0912596523183765,0.7227379545169518,1.0,1.0,0.0,0.0,1.0,1.0,1.0,2.0,0.0,0.0,US,Higgsfield Basic,,other,pr,BANCO POPULAR DE PUERTO RICO,credit,optional,pass,
user_f1c311d6-f05d-4ad7-a9b1-bd3f78bdbbe0,vol_churn,not_churned,not_churned,vol_churn -> not_churned,0.7227155378465514,0.7227155378465514,0.1541582053348404,0.1231262568186082,1.0,1.0,0.0,0.0,1.0,1.0,1.0,2.0,0.0,0.0,KR,Higgsfield Ultimate,creator,,kr,MILlanNIUM STATE BANK OF TEXAS,credit,optional,pass,
user_5dc7055a-82dd-4f98-bc68-247e0a35ee8b,vol_churn,not_churned,not_churned,vol_churn -> not_churned,0.722711007445955,0.722711007445955,0.2192596769665846,0.0580293155874604,1.0,1.0,0.0,0.0,1.0,1.0,1.0,2.0,0.0,0.0,US,Higgsfield Basic,,,us,AMERICAN EXPRESS COMPANY,credit,optional,pass,
user_126e1df5-7d7f-4a44-a897-cda36bb35da8,vol_churn,not_churned,not_churned,vol_churn -> not_churned,0.7225240777460233,0.7225240777460233,0.1868608176699713,0.0906151045840054,1.0,1.0,0.0,0.0,1.0,1.0,1.0,2.0,0.0,0.0,ES,Higgsfield Basic,creator,,es,CAIXABANK S.A.,debit,optional,not_provided,
user_852a2671-f3ed-4714-a0e8-338c39ec126f,vol_churn,not_churned,not_churned,vol_churn -> not_churned,0.7225199102280072,0.7225199102280072,0.2118624573832431,0.0656176323887497,1.0,1.0,0.0,0.0,1.0,1.0,1.0,2.0,0.0,0.0,US,Higgsfield Ultimate,,inconsistent,us,"CHASE BANK USA, N.A.",credit,optional,pass,
user_ba1f8aa8-ba8b-44e5-ac6a-63399c8b0a8a,vol_churn,not_churned,not_churned,vol_churn -> not_churned,0.7224538684078834,0.7224538684078834,0.1666697949851769,0.1108763366069396,1.0,1.0,0.0,0.0,1.0,1.0,1.0,2.0,0.0,0.0,US,Higgsfield Basic,,inconsistent,us,,credit,optional,pass,
user_61f5764e-9fe6-42a2-a6de-35e71b858d3e,vol_churn,not_churned,not_churned,vol_churn -> not_churned,0.7223522862048495,0.7223522862048495,0.1525455334884632,0.1251021803066872,1.0,1.0,0.0,0.0,1.0,1.0,1.0,2.0,0.0,0.0,PE,Higgsfield Basic,,inconsistent,pe,INTERBANK - BANCO INTERNACIONAL DEL PERU,debit,optional,not_provided,
user_a594b4b7-6d14-4250-bf1a-ca4ecbf6a6ef,not_churned,invol_churn,invol_churn,not_churned -> invol_churn,0.7223405207313817,0.2148549889441155,0.0628044903245028,0.7223405207313817,1.0,1.0,0.0,0.0,1.0,1.0,1.0,2.0,0.0,0.0,US,Higgsfield Ultimate,,other,hk,"FIRST USA BANK, N.A.",credit,optional,pass,
user_9f97e57b-8b97-4edb-b437-af693476112c,vol_churn,not_churned,not_churned,vol_churn -> not_churned,0.7221775078092273,0.7221775078092273,0.1618326462744453,0.1159898459163273,1.0,1.0,0.0,0.0,1.0,1.0,1.0,2.0,0.0,0.0,FR,Higgsfield Basic,,inconsistent,fr,METABANK,debit,optional,pass,
user_9abc56b8-186d-4296-bbbe-c1e8b5d2c2d0,invol_churn,not_churned,not_churned,invol_churn -> not_churned,0.7220994240670848,0.7220994240670848,0.134366486205729,0.1435340897271863,1.0,1.0,0.0,0.0,1.0,1.0,1.0,2.0,0.0,0.0,PL,Higgsfield Ultimate,,other,pl,"BANK ZACHODNI WBK, S.A.",debit,optional,pass,
user_41628519-8216-4d90-9527-030efc8cf478,vol_churn,not_churned,not_churned,vol_churn -> not_churned,0.7220080240717001,0.7220080240717001,0.1800843718484854,0.0979076040798143,1.0,1.0,0.0,0.0,1.0,1.0,1.0,2.0,0.0,0.0,DE,Higgsfield Basic,,,de,,debit,optional,pass,
user_88e75511-4851-4626-8c3f-26a309686b9b,invol_churn,not_churned,not_churned,invol_churn -> not_churned,0.7220078932171095,0.7220078932171095,0.0984772162071871,0.1795148905757033,1.0,1.0,0.0,0.0,1.0,1.0,1.0,2.0,0.0,0.0,IN,Higgsfield Creator,,other,in,"ICICI BANK, LTD.",credit,optional,pass,
user_c965e847-9a18-48a7-aef7-bbe1ef82dc8d,not_churned,invol_churn,invol_churn,not_churned -> invol_churn,0.7219553304164515,0.1729384384473925,0.1051062311361559,0.7219553304164515,1.0,1.0,0.0,0.0,1.0,1.0,1.0,2.0,0.0,0.0,US,Higgsfield Ultimate,,high-cost,sg,STANDARD CHARTERED BANK,debit,optional,pass,
user_fb0af5d0-54a8-4432-8cf1-e87c7e849992,vol_churn,not_churned,not_churned,vol_churn -> not_churned,0.7215260752294756,0.7215260752294756,0.2201011849092709,0.0583727398612534,1.0,1.0,0.0,0.0,1.0,1.0,1.0,2.0,0.0,0.0,CA,Higgsfield Creator,,hard-prompt,ca,BANK OF NOVA SCOTIA,debit,optional,pass,
user_b49f4301-8dfe-42e4-b022-4cd90ed3304c,vol_churn,not_churned,not_churned,vol_churn -> not_churned,0.7214602255674208,0.7214602255674208,0.2208084571733248,0.0577313172592543,1.0,1.0,0.0,0.0,1.0,1.0,1.0,2.0,0.0,0.0,AU,Higgsfield Basic,,,au,COMMONWEALTH BANK OF AUSTRALIA,credit,optional,not_provided,
user_39661f33-b652-412b-ad46-fba51e660b46,invol_churn,vol_churn,vol_churn,invol_churn -> vol_churn,0.7214047957947471,0.0142244800033872,0.7214047957947471,0.2643707242018656,1.0,1.0,0.0,0.0,1.0,1.0,1.0,2.0,0.0,0.0,JP,Higgsfield Creator,,high-cost,jp,"JCB INTERNATIONAL CREDIT CARD CO., LTD.",credit,not_supported,pass,
user_0542eb4b-9e38-4cdc-8145-2f5e4ecb28f1,invol_churn,not_churned,not_churned,invol_churn -> not_churned,0.7213309238946041,0.7213309238946041,0.2161839763144292,0.0624850997909666,1.0,1.0,0.0,0.0,1.0,1.0,1.0,2.0,0.0,0.0,KR,Higgsfield Basic,,,kr,CREDIT MOSCOW BANK,credit,optional,not_provided,
user_e6d92e57-6888-4ad1-859c-fd7d5c11a46c,vol_churn,not_churned,not_churned,vol_churn -> not_churned,0.7212662170925646,0.7212662170925646,0.2163137798133844,0.0624200030940509,1.0,1.0,0.0,0.0,1.0,1.0,1.0,2.0,0.0,0.0,US,Higgsfield Ultimate,,other,us,"CHASE BANK USA, N.A.",credit,optional,pass,
user_85901489-f354-4421-a882-f6d1afa733c7,not_churned,invol_churn,invol_churn,not_churned -> invol_churn,0.7211767514096525,0.1944135619966847,0.0844096865936627,0.7211767514096525,1.0,1.0,0.0,0.0,1.0,1.0,1.0,2.0,0.0,0.0,US,Higgsfield Basic,,confusing,us,U.S. BANK N.A. ND,credit,optional,pass,
user_02aecb57-11c6-4671-986c-96b587502643,not_churned,invol_churn,invol_churn,not_churned -> invol_churn,0.7211687322121207,0.22817984530833,0.0506514224795492,0.7211687322121207,1.0,1.0,0.0,0.0,1.0,1.0,1.0,2.0,0.0,0.0,KE,Higgsfield Ultimate,,,ke,YORKSHIRE BANK,prepaid,optional,pass,
user_a4324a1c-d292-42d1-ad76-6136a4a05ba9,not_churned,invol_churn,invol_churn,not_churned -> invol_churn,0.7211169599665072,0.1979399956513207,0.080943044382172,0.7211169599665072,1.0,1.0,0.0,0.0,1.0,1.0,1.0,2.0,0.0,0.0,US,Higgsfield Ultimate,brand-owner,,sg,STANDARD CHARTERED BANK,debit,optional,pass,
user_5a252b91-4140-4107-b2e5-5552915d6819,vol_churn,not_churned,not_churned,vol_churn -> not_churned,0.7211166695847349,0.7211166695847349,0.1639707940677103,0.1149125363475549,1.0,1.0,0.0,0.0,1.0,1.0,1.0,2.0,0.0,0.0,FR,Higgsfield Basic,,other,fr,BANK OF HAWAII,debit,optional,not_provided,
user_e4faa5a8-ba57-47d7-98fb-7904302f1074,vol_churn,invol_churn,invol_churn,vol_churn -> invol_churn,0.7209996290798302,0.1833132321079493,0.0956871388122205,0.7209996290798302,1.0,1.0,0.0,0.0,1.0,1.0,1.0,2.0,0.0,0.0,DE,Higgsfield Creator,,limited,sg,STANDARD CHARTERED BANK,debit,optional,pass,
user_ffb6db5a-94de-4b7d-8a9d-774682c6f80a,vol_churn,not_churned,not_churned,vol_churn -> not_churned,0.7207470354993134,0.7207470354993134,0.2093123653035782,0.0699405991971082,1.0,1.0,0.0,0.0,1.0,1.0,1.0,2.0,0.0,0.0,NL,Higgsfield Creator,,limited,nl,"ING BANK, N.V.",credit,optional,pass,
user_42574337-3320-4168-b7c9-1b3e0bd52bc0,vol_churn,not_churned,not_churned,vol_churn -> not_churned,0.7204597414689509,0.7204597414689509,0.1608630932443831,0.1186771652866659,1.0,1.0,0.0,0.0,1.0,1.0,1.0,2.0,0.0,0.0,US,Higgsfield Ultimate,,limited,us,,debit,optional,pass,
user_d2024972-db8d-4f12-8358-d5670fa52c5a,invol_churn,not_churned,not_churned,invol_churn -> not_churned,0.7204534397708321,0.7204534397708321,0.1675453072458064,0.1120012529833614,1.0,1.0,0.0,0.0,1.0,1.0,1.0,2.0,0.0,0.0,FR,Higgsfield Basic,,,fr,USAA FEDERAL SAVINGS BANK,debit,optional,pass,
user_5f7e66c0-62df-4512-af5c-ee89f7b72ed9,vol_churn,not_churned,not_churned,vol_churn -> not_churned,0.7204427246506779,0.7204427246506779,0.1394585930829343,0.1400986822663877,1.0,1.0,0.0,0.0,1.0,1.0,1.0,2.0,0.0,0.0,GB,Higgsfield Ultimate,,,gb,"WISE PAYMENTS, LTD.",debit,optional,pass,
user_67e91825-47b6-4fec-80d5-95d07d0f51ca,vol_churn,not_churned,not_churned,vol_churn -> not_churned,0.7203042668137818,0.7203042668137818,0.2207039983577494,0.0589917348284688,1.0,1.0,0.0,0.0,1.0,1.0,1.0,2.0,0.0,0.0,AU,Higgsfield Creator,,inconsistent,au,"AUSTRALIA AND NEW ZEAlanD BANKING GROUP, LTD.",credit,optional,pass,
user_4f1229d1-52d7-4b1d-b395-f15c5585d301,vol_churn,invol_churn,invol_churn,vol_churn -> invol_churn,0.7201448401220746,0.1734160083592832,0.1064391515186422,0.7201448401220746,1.0,1.0,0.0,0.0,1.0,1.0,1.0,2.0,0.0,0.0,US,Higgsfield Ultimate,,Other,pr,BANCO POPULAR DE PUERTO RICO,credit,optional,pass,
user_c5c43d1f-96b9-4022-aaed-fb2900c8423f,vol_churn,not_churned,not_churned,vol_churn -> not_churned,0.7200873010394743,0.7200873010394743,0.230460015827688,0.0494526831328377,1.0,1.0,0.0,0.0,1.0,1.0,1.0,2.0,0.0,0.0,DE,Higgsfield Ultimate,,inconsistent,de,,debit,optional,not_provided,
user_c2857fcc-75c2-43ce-918e-acd7c794abc1,vol_churn,not_churned,not_churned,vol_churn -> not_churned,0.7199483985836346,0.7199483985836346,0.1868597953694826,0.0931918060468827,1.0,1.0,0.0,0.0,1.0,1.0,1.0,2.0,0.0,0.0,NO,Higgsfield Pro,,hard-prompt,no,SPAREBANKEN VEST,debit,optional,not_provided,
user_e173a525-d45f-40ec-94e6-44a24e697006,vol_churn,not_churned,not_churned,vol_churn -> not_churned,0.7199130973636167,0.7199130973636167,0.2191996041263212,0.0608872985100621,2.0,2.0,0.0,0.0,2.0,1.0,1.0,2.0,0.0007407407407407407,0.0007407407407407407,US,Higgsfield Ultimate,,inconsistent,us,IBERIABANK,debit,optional,not_provided,
user_1500cdcb-bef6-4139-b4bc-99996e444a35,vol_churn,not_churned,not_churned,vol_churn -> not_churned,0.7198206012596767,0.7198206012596767,0.1620187289503262,0.1181606697899971,1.0,1.0,0.0,0.0,1.0,1.0,1.0,2.0,0.0,0.0,FR,Higgsfield Basic,,other,fr,USAA FEDERAL SAVINGS BANK,debit,optional,pass,
user_82e2062d-5950-4f5b-8913-9e0e44255ca4,vol_churn,not_churned,not_churned,vol_churn -> not_churned,0.7197989268736338,0.7197989268736338,0.1956615869551858,0.0845394861711804,2.0,2.0,0.0,0.0,2.0,2.0,2.0,4.0,4.673425925925926,4.673425925925926,ES,Higgsfield Basic,,inconsistent,es,"BANCO SANTANDER, S.A.",debit,optional,not_provided,
user_e0e48a56-dc5e-4b3f-ba32-6aa8a516c2f7,invol_churn,not_churned,not_churned,invol_churn -> not_churned,0.7195816888278072,0.7195816888278072,0.1362794160350719,0.1441388951371209,1.0,1.0,0.0,0.0,1.0,1.0,1.0,2.0,0.0,0.0,PL,Higgsfield Ultimate,filmmaker,,pl,"BANK HANDLOWY W WARSZAWIE, S.A.",credit,optional,pass,
user_a7560a77-a4c6-4c1f-8dcb-dcf03f6950cb,invol_churn,not_churned,not_churned,invol_churn -> not_churned,0.7194851593951889,0.7194851593951889,0.222682924603312,0.0578319160014991,1.0,1.0,0.0,0.0,1.0,1.0,1.0,2.0,0.0,0.0,US,Higgsfield Ultimate,,Inconsistent results,us,"FISERV SOLUTIONS, INC.",debit,optional,not_provided,
user_eb0a609a-9771-4062-b454-044c14dc4b1a,vol_churn,invol_churn,invol_churn,vol_churn -> invol_churn,0.7194126717645438,0.1344173347059002,0.1461699935295559,0.7194126717645438,9.0,2.0,0.7777777777777778,7.0,2.0,1.0,1.0,2.0,0.015405092592592592,0.015405092592592592,US,Higgsfield Ultimate,,,cd,FIRST SIGNATURE BANK AND TRUST COMPANY,prepaid,optional,not_provided,card_declined
user_dc6bf56c-f66c-44f1-bb6f-6a2b01a569d6,not_churned,invol_churn,invol_churn,not_churned -> invol_churn,0.7191043000430456,0.1802352127506653,0.1006604872062889,0.7191043000430456,1.0,1.0,0.0,0.0,1.0,1.0,1.0,2.0,0.0,0.0,US,Higgsfield Basic,,,ke,YORKSHIRE BANK,prepaid,optional,pass,
user_0dada759-6141-43a1-a4aa-9e99e4908d03,vol_churn,not_churned,not_churned,vol_churn -> not_churned,0.7189903010112482,0.7189903010112482,0.2133413068543122,0.0676683921344395,1.0,1.0,0.0,0.0,1.0,1.0,1.0,2.0,0.0,0.0,FR,Higgsfield Ultimate,,inconsistent,fr,,credit,optional,not_provided,
user_6ae7f1d1-af35-4c9f-9749-6bffc3e2108d,vol_churn,not_churned,not_churned,vol_churn -> not_churned,0.7189622453391171,0.7189622453391171,0.1243012569997785,0.1567364976611043,1.0,1.0,0.0,0.0,1.0,1.0,1.0,2.0,0.0,0.0,AR,Higgsfield Creator,,high-cost,ar,"BANCO SANTANDER RIO, S.A.",credit,optional,pass,
user_8f95b9e7-43fa-4a97-8ac3-164213299736,vol_churn,not_churned,not_churned,vol_churn -> not_churned,0.718904277751917,0.718904277751917,0.2185272586202504,0.0625684636278325,1.0,1.0,0.0,0.0,1.0,1.0,1.0,2.0,0.0,0.0,CA,Higgsfield Basic,,high-cost,ca,BANK OF NOVA SCOTIA,credit,optional,pass,
user_a35c72ca-9fe1-44d8-8397-b60171290bd8,not_churned,invol_churn,invol_churn,not_churned -> invol_churn,0.718754044106137,0.186712493755041,0.094533462138822,0.718754044106137,1.0,1.0,0.0,0.0,1.0,1.0,1.0,2.0,0.0,0.0,US,Higgsfield Ultimate,,confusing,hk,"FIRST USA BANK, N.A.",credit,optional,pass,
user_bdb957ac-675b-4042-8b60-1a79b4366ebe,vol_churn,not_churned,not_churned,vol_churn -> not_churned,0.7187255877926828,0.7187255877926828,0.1966069084445776,0.0846675037627395,7.0,3.0,0.5714285714285714,4.0,3.0,2.0,2.0,4.0,7.780590277777778,7.780590277777778,IL,Higgsfield Basic,,High cost of top models,il,"ISRAEL CREDIT CARDS, LTD.",credit,optional,not_provided,card_declined
user_bee5ed83-5799-4519-b2ab-bd24206a4f13,invol_churn,not_churned,not_churned,invol_churn -> not_churned,0.7184396164722068,0.7184396164722068,0.1528399099287709,0.1287204735990223,1.0,1.0,0.0,0.0,1.0,1.0,1.0,2.0,0.0,0.0,CL,Higgsfield Basic,,,cl,SCOTIABANK SUD AMERICANO,debit,optional,pass,
user_011854b0-7d7e-47ec-bec9-5acf5ce78b08,vol_churn,not_churned,not_churned,vol_churn -> not_churned,0.7180606341055377,0.7180606341055377,0.1425863704743462,0.139352995420116,1.0,1.0,0.0,0.0,1.0,1.0,1.0,2.0,0.0,0.0,AE,Higgsfield Ultimate,,,ae,EMIRATES NBD BANK (P.J.S.C.),credit,optional,pass,
user_88395da9-aed1-48a3-b771-7c33c89611a2,vol_churn,not_churned,not_churned,vol_churn -> not_churned,0.717970652424776,0.717970652424776,0.2205987079008312,0.0614306396743928,5.0,5.0,0.0,0.0,5.0,4.0,4.0,8.0,4.657962962962963,4.657962962962963,FR,Higgsfield Basic,,inconsistent,fr,"CREDIT AGRICOLE, S.A.",debit,optional,not_provided,
user_8a3eefb9-2e1e-4319-8087-1861a6b9040c,invol_churn,not_churned,not_churned,invol_churn -> not_churned,0.7178302914782474,0.7178302914782474,0.2032313787114605,0.0789383298102921,1.0,1.0,0.0,0.0,1.0,1.0,1.0,2.0,0.0,0.0,US,Higgsfield Basic,,,us,"U.S. BANK, N.A.",debit,optional,not_provided,
user_7aeba5c7-c310-4f00-983c-9e0a23a425b1,invol_churn,not_churned,not_churned,invol_churn -> not_churned,0.7178215530808663,0.7178215530808663,0.179694276982666,0.1024841699364676,1.0,1.0,0.0,0.0,1.0,1.0,1.0,2.0,0.0,0.0,KR,Higgsfield Basic,filmmaker,,kr,"HANASK CARD CO., LTD.",debit,optional,pass,
user_d082b15b-6809-48bd-ad79-2255e9bc3365,vol_churn,not_churned,not_churned,vol_churn -> not_churned,0.7176639247399801,0.7176639247399801,0.2079511277599679,0.0743849475000519,1.0,1.0,0.0,0.0,1.0,1.0,1.0,2.0,0.0,0.0,DE,Higgsfield Basic,,inconsistent,de,,debit,optional,pass,
user_6d4022f3-84a4-4c7e-8e73-3d49ac9b404d,vol_churn,not_churned,not_churned,vol_churn -> not_churned,0.7176107864452715,0.7176107864452715,0.1189504435010333,0.1634387700536951,9.0,9.0,0.0,0.0,9.0,6.0,6.0,12.0,13.992314814814815,13.992314814814815,IT,Higgsfield Pro,,limited,it,"RBS CITIZENS, N.A.",debit,optional,not_provided,
user_e420fa4a-13b0-4d76-9b45-266f30573ff8,invol_churn,not_churned,not_churned,invol_churn -> not_churned,0.7174744392430644,0.7174744392430644,0.128022361719076,0.1545031990378594,1.0,1.0,0.0,0.0,1.0,1.0,1.0,2.0,0.0,0.0,IN,Higgsfield Ultimate,,limited,in,"YES BANK, LTD.",credit,optional,not_provided,
user_5655b749-8898-403e-b357-6783b4151aa8,invol_churn,vol_churn,vol_churn,invol_churn -> vol_churn,0.7173605032550986,0.0307608452294917,0.7173605032550986,0.2518786515154097,1.0,1.0,0.0,0.0,1.0,1.0,1.0,2.0,0.0,0.0,JP,Higgsfield Creator,,high-cost,jp,"JCB INTERNATIONAL CREDIT CARD CO., LTD.",credit,not_supported,pass,
user_705bdd64-5baf-42aa-af8d-5a81c2e5535a,invol_churn,not_churned,not_churned,invol_churn -> not_churned,0.7170862494266164,0.7170862494266164,0.2373835748974387,0.0455301756759449,1.0,1.0,0.0,0.0,1.0,1.0,1.0,2.0,0.0,0.0,KR,Higgsfield Ultimate,,,kr,"SAMSUNG CARD CO., LTD.",credit,optional,pass,
user_980513ff-637b-4ace-834c-01a532f6e5be,vol_churn,not_churned,not_churned,vol_churn -> not_churned,0.717003780107637,0.717003780107637,0.2202713036406749,0.0627249162516881,1.0,1.0,0.0,0.0,1.0,1.0,1.0,2.0,0.0,0.0,KR,Higgsfield Basic,educator,,kr,NATIONAL AGRICULTURAL COOPERATIVE FEDERATION,credit,optional,not_provided,
user_93ee56ed-d9b7-48ce-ad99-2ce9d1768bfa,vol_churn,not_churned,not_churned,vol_churn -> not_churned,0.7169332411940811,0.7169332411940811,0.1623858219359362,0.1206809368699827,2.0,2.0,0.0,0.0,2.0,2.0,2.0,4.0,2.928935185185185,2.928935185185185,US,Higgsfield Ultimate,,inconsistent,us,"PNC BANK, N.A.",debit,optional,not_provided,
user_b078a992-51b4-4a7f-9bda-76a57a34cba8,vol_churn,not_churned,not_churned,vol_churn -> not_churned,0.716900696557672,0.716900696557672,0.0679255602982981,0.2151737431440299,1.0,1.0,0.0,0.0,1.0,1.0,1.0,2.0,0.0,0.0,MV,Higgsfield Ultimate,designer,,mv,BANK OF MALDIVES PLC,credit,optional,pass,
user_c9b0dfb4-8d78-404b-a770-7752789d0a46,invol_churn,not_churned,not_churned,invol_churn -> not_churned,0.7168680304160369,0.7168680304160369,0.1078338143022828,0.1752981552816803,1.0,1.0,0.0,0.0,1.0,1.0,1.0,2.0,0.0,0.0,MX,Higgsfield Basic,,,mx,BANCO REGIONAL DE MONTERREY S.A. BANREGIO,debit,optional,not_provided,
user_04f4a0d5-fae4-450e-b57d-240cfbd54eb0,vol_churn,not_churned,not_churned,vol_churn -> not_churned,0.7167724823589431,0.7167724823589431,0.2487792745856226,0.0344482430554341,1.0,1.0,0.0,0.0,1.0,1.0,1.0,2.0,0.0,0.0,US,Higgsfield Pro,,high-cost,us,AMERICAN EXPRESS COMPANY,credit,optional,not_provided,
user_33199b99-1bc2-457c-b8f2-ff920645f0ae,vol_churn,not_churned,not_churned,vol_churn -> not_churned,0.7167696530925868,0.7167696530925868,0.2275942499561452,0.0556360969512679,1.0,1.0,0.0,0.0,1.0,1.0,1.0,2.0,0.0,0.0,CA,Higgsfield Ultimate,,limited,ca,BANK OF MONTREAL,credit,optional,not_provided,
user_c5c61041-9fae-4ac9-8ca1-e2fb4980efce,invol_churn,not_churned,not_churned,invol_churn -> not_churned,0.7165790345642917,0.7165790345642917,0.1614925554801549,0.1219284099555534,1.0,1.0,0.0,0.0,1.0,1.0,1.0,2.0,0.0,0.0,US,Higgsfield Ultimate,,other,us,TAISHIN INTERNATIONAL BANK,debit,optional,not_provided,
user_853c1ff4-1757-451a-9a80-a07f3d017486,vol_churn,not_churned,not_churned,vol_churn -> not_churned,0.7165636318056948,0.7165636318056948,0.2280145024660587,0.0554218657282464,1.0,1.0,0.0,0.0,1.0,1.0,1.0,2.0,0.0,0.0,DE,Higgsfield Basic,,other,de,WGZ BANK AG WESTDEUTSCHE GENOSSENSCHAFTS-ZENTRALBANK,credit,optional,pass,
user_3141936c-6eaf-408d-94de-0ba157c7a112,invol_churn,not_churned,not_churned,invol_churn -> not_churned,0.7164960704395767,0.7164960704395767,0.1541526850433733,0.1293512445170499,1.0,1.0,0.0,0.0,1.0,1.0,1.0,2.0,0.0,0.0,US,Higgsfield Basic,,confusing,us,,debit,optional,not_provided,
user_501e6232-a17b-4bdc-bf42-26497fae5906,vol_churn,not_churned,not_churned,vol_churn -> not_churned,0.7163637195300547,0.7163637195300547,0.1518160904832299,0.1318201899867153,1.0,1.0,0.0,0.0,1.0,1.0,1.0,2.0,0.0,0.0,FR,Higgsfield Basic,,other,fr,,debit,optional,not_provided,
user_7431f9ac-eb4f-4155-a408-d81c76915d65,vol_churn,not_churned,not_churned,vol_churn -> not_churned,0.7163331250009694,0.7163331250009694,0.1614624790136099,0.1222043959854207,1.0,1.0,0.0,0.0,1.0,1.0,1.0,2.0,0.0,0.0,LV,Higgsfield Creator,,other,lv,"SWEDBANK, A.S.",debit,optional,pass,
user_5e5d9dc1-88c6-4b12-9441-596f7cb19dda,vol_churn,not_churned,not_churned,vol_churn -> not_churned,0.7162858364237928,0.7162858364237928,0.2075833357916306,0.0761308277845764,1.0,1.0,0.0,0.0,1.0,1.0,1.0,2.0,0.0,0.0,US,Higgsfield Ultimate,,inconsistent,us,"JPMORGAN CHASE BANK, N.A.",debit,optional,pass,
user_f1606c59-994a-4cb3-bd0f-3fffc743aadc,vol_churn,not_churned,not_churned,vol_churn -> not_churned,0.7162472046359784,0.7162472046359784,0.2390809374107816,0.0446718579532399,2.0,2.0,0.0,0.0,2.0,1.0,1.0,2.0,0.0008564814814814815,0.0008564814814814815,US,Higgsfield Ultimate,,limited,us,AMERICAN EXPRESS COMPANY,credit,optional,not_provided,
user_d146066c-fac4-41b0-823f-1d314296aca7,vol_churn,not_churned,not_churned,vol_churn -> not_churned,0.7160134652971022,0.7160134652971022,0.244375341319066,0.0396111933838317,1.0,1.0,0.0,0.0,1.0,1.0,1.0,2.0,0.0,0.0,US,Higgsfield Ultimate,,inconsistent,us,AMERICAN EXPRESS US,credit,optional,not_provided,
user_ed6df842-5978-4f3e-acbe-325a7e792b61,vol_churn,not_churned,not_churned,vol_churn -> not_churned,0.7156385439904883,0.7156385439904883,0.0941890753764103,0.1901723806331013,1.0,1.0,0.0,0.0,1.0,1.0,1.0,2.0,0.0,0.0,MX,Higgsfield Basic,,,mx,TARJETAS UNISOLUCIONES S.A. DE C.V.,credit,optional,pass,
user_c6bdc88f-7f2b-4f8c-9ca6-3a81883995cc,vol_churn,not_churned,not_churned,vol_churn -> not_churned,0.7153953721595765,0.7153953721595765,0.2338559854348204,0.0507486424056031,3.0,3.0,0.0,0.0,3.0,2.0,2.0,4.0,6.225590277777778,6.225590277777778,IT,Higgsfield Basic,,hard-prompt,it,AMERICAN EXPRESS,credit,optional,not_provided,
user_46153a73-ad5b-4393-80b2-b42c8d4ac720,not_churned,invol_churn,invol_churn,not_churned -> invol_churn,0.7153192942267502,0.2030756094734883,0.0816050962997614,0.7153192942267502,1.0,1.0,0.0,0.0,1.0,1.0,1.0,2.0,0.0,0.0,UZ,Higgsfield Creator,,Other,uz,,debit,optional,not_provided,
user_7ac7722a-766a-450d-8079-a524633926fb,vol_churn,invol_churn,invol_churn,vol_churn -> invol_churn,0.7152624987574355,0.2000940425543027,0.0846434586882618,0.7152624987574355,1.0,1.0,0.0,0.0,1.0,1.0,1.0,2.0,0.0,0.0,VN,Higgsfield Ultimate,,limited,vn,THE TORONTO-DOMINION BANK,debit,optional,pass,
user_1b83e410-5cd9-48e2-a42c-9cc39d9a4757,not_churned,invol_churn,invol_churn,not_churned -> invol_churn,0.7151837995351348,0.2366600783698449,0.0481561220950203,0.7151837995351348,1.0,1.0,0.0,0.0,1.0,1.0,1.0,2.0,0.0,0.0,US,Higgsfield Ultimate,,hard-prompt,us,"BANCO CITICARD, S.A.",credit,optional,pass,
user_11c3f955-b585-4c24-b14d-88eb4ed7dfc9,vol_churn,not_churned,not_churned,vol_churn -> not_churned,0.7151725531625471,0.7151725531625471,0.1648996995711708,0.1199277472662821,1.0,1.0,0.0,0.0,1.0,1.0,1.0,2.0,0.0,0.0,EC,Higgsfield Basic,,limited,ec,"BANCO BOLIVARIANO, C.A.",credit,optional,not_provided,
user_f233aaba-c866-4a76-8a84-dc21efa6076e,not_churned,invol_churn,invol_churn,not_churned -> invol_churn,0.7151372880614045,0.2539984460898217,0.0308642658487736,0.7151372880614045,1.0,1.0,0.0,0.0,1.0,1.0,1.0,2.0,0.0,0.0,US,Higgsfield Basic,brand-owner,,us,"BANCO CITICARD, S.A.",credit,optional,pass,
user_337d8e20-7d30-486f-a413-977f33dcfeb2,vol_churn,not_churned,not_churned,vol_churn -> not_churned,0.7146850996451212,0.7146850996451212,0.0959044779007213,0.1894104224541575,2.0,2.0,0.0,0.0,2.0,2.0,2.0,4.0,5.788101851851851,5.788101851851851,PT,Higgsfield Basic,,inconsistent,pt,REVOLUT BANK UAB,debit,optional,not_provided,
user_8f67c4de-e780-4ba4-8cbc-c1734f831383,vol_churn,not_churned,not_churned,vol_churn -> not_churned,0.7141612970300577,0.7141612970300577,0.2047462570595993,0.0810924459103428,1.0,1.0,0.0,0.0,1.0,1.0,1.0,2.0,0.0,0.0,TW,Higgsfield Basic,,hard-prompt,tw,CATHAY UNITED BANK,credit,optional,not_provided,
user_a1ad7ea4-2aa8-4e51-a3a3-f2b7f03adc55,not_churned,invol_churn,invol_churn,not_churned -> invol_churn,0.7141382741621723,0.184018272790757,0.1018434530470706,0.7141382741621723,2.0,2.0,0.0,0.0,2.0,2.0,2.0,4.0,0.9218402777777778,0.9218402777777778,ID,Higgsfield Basic,,other,id,,debit,optional,pass,
user_bb7a4930-0605-4c11-8c78-6422ebac5c49,vol_churn,not_churned,not_churned,vol_churn -> not_churned,0.7138144085265,0.7138144085265,0.2036692738726032,0.0825163176008967,1.0,1.0,0.0,0.0,1.0,1.0,1.0,2.0,0.0,0.0,CA,Higgsfield Creator,,inconsistent,ca,,credit,optional,pass,
user_9d44b615-5c0b-4752-8a0d-01e267686ca7,not_churned,invol_churn,invol_churn,not_churned -> invol_churn,0.7137664550017523,0.1877755182580215,0.0984580267402262,0.7137664550017523,3.0,2.0,0.3333333333333333,1.0,2.0,1.0,1.0,2.0,0.0052430555555555555,0.0052430555555555555,IN,Higgsfield Ultimate,,,in,"CHINA MINSHENG BANKING CORP., LTD.",credit,optional,pass,card_declined
user_bf95fcc2-7122-49b2-b7ac-49759750601b,invol_churn,not_churned,not_churned,invol_churn -> not_churned,0.7137568041537884,0.7137568041537884,0.1043042713724425,0.1819389244737691,1.0,1.0,0.0,0.0,1.0,1.0,1.0,2.0,0.0,0.0,IN,Higgsfield Ultimate,,inconsistent,in,"HDFC BANK, LTD.",credit,optional,pass,
user_28bb67b0-db03-4af3-94dd-b0d8ba536a61,invol_churn,not_churned,not_churned,invol_churn -> not_churned,0.7136210318144333,0.7136210318144333,0.0780819076225032,0.2082970605630634,2.0,2.0,0.0,0.0,2.0,2.0,2.0,4.0,2.648599537037037,2.648599537037037,UA,Higgsfield Basic,filmmaker,,ua,JSC UNIVERSAL BANK,credit,optional,not_provided,
user_c5165fbf-956a-454f-b95b-47a80ed6d903,not_churned,invol_churn,invol_churn,not_churned -> invol_churn,0.7135034927930047,0.1793676557345884,0.1071288514724067,0.7135034927930047,1.0,1.0,0.0,0.0,1.0,1.0,1.0,2.0,0.0,0.0,US,Higgsfield Ultimate,,,pr,BANCO POPULAR DE PUERTO RICO,credit,optional,pass,
user_83d95415-004d-4748-aa10-ce382aedcfa6,vol_churn,not_churned,not_churned,vol_churn -> not_churned,0.7134325275414923,0.7134325275414923,0.2295334925624434,0.0570339798960641,1.0,1.0,0.0,0.0,1.0,1.0,1.0,2.0,0.0,0.0,US,Higgsfield Basic,,inconsistent,us,"CHASE BANK USA, N.A.",credit,optional,pass,
user_14fa7210-0d17-4c45-bc8f-1779bf5413ad,vol_churn,not_churned,not_churned,vol_churn -> not_churned,0.7132887994534386,0.7132887994534386,0.2471387901565367,0.0395724103900248,1.0,1.0,0.0,0.0,1.0,1.0,1.0,2.0,0.0,0.0,CA,Higgsfield Basic,,inconsistent,ca,ROYAL BANK OF CANADA,credit,optional,not_provided,
user_29433a4b-aaf4-418e-931c-558ee34ceaac,vol_churn,not_churned,not_churned,vol_churn -> not_churned,0.7132579970292656,0.7132579970292656,0.1645415980076767,0.1222004049630577,1.0,1.0,0.0,0.0,1.0,1.0,1.0,2.0,0.0,0.0,US,Higgsfield Basic,,,us,"MITSUBISHI UFJ FINANCIAL GROUP, INC.",credit,optional,not_provided,
user_b3fbf649-9e4a-43ee-8d48-81ed5cdee45b,not_churned,invol_churn,invol_churn,not_churned -> invol_churn,0.7130928741414881,0.2113400295957378,0.0755670962627739,0.7130928741414881,1.0,1.0,0.0,0.0,1.0,1.0,1.0,2.0,0.0,0.0,US,Higgsfield Creator,,inconsistent,sg,"REDEBAN MULTICOLOR, S.A.",credit,optional,unavailable,
user_d9d55b5d-ecda-4860-a4ba-e780fa758674,vol_churn,not_churned,not_churned,vol_churn -> not_churned,0.713073614591219,0.713073614591219,0.2366538226946036,0.0502725627141772,1.0,1.0,0.0,0.0,1.0,1.0,1.0,2.0,0.0,0.0,DE,Higgsfield Ultimate,,hard-prompt,de,DEUTSCHER SPARKASSEN UND GIROVERBAND,credit,optional,pass,
user_34f96ac3-1b4f-4875-b898-d817c0cbf1cb,vol_churn,not_churned,not_churned,vol_churn -> not_churned,0.7129598103629798,0.7129598103629798,0.1268962161370544,0.1601439734999658,1.0,1.0,0.0,0.0,1.0,1.0,1.0,2.0,0.0,0.0,BR,Higgsfield Ultimate,,limited,br,,credit,optional,not_provided,
user_0cda45f4-cdfa-4467-a126-ac9cd27a36ac,vol_churn,not_churned,not_churned,vol_churn -> not_churned,0.7126809789152224,0.7126809789152224,0.2059315756738015,0.081387445410976,2.0,2.0,0.0,0.0,2.0,2.0,2.0,4.0,1.9025810185185186,1.9025810185185186,ES,Higgsfield Basic,,high-cost,es,CAIXABANK S.A.,debit,optional,not_provided,
user_59eba9d1-9a87-4be4-92ed-c9f7f7231b25,invol_churn,not_churned,not_churned,invol_churn -> not_churned,0.712424383878586,0.712424383878586,0.2020028759307103,0.0855727401907036,2.0,2.0,0.0,0.0,2.0,1.0,1.0,2.0,0.0010879629629629629,0.0010879629629629629,US,Higgsfield Ultimate,,inconsistent,us,"YES BANK, LTD.",credit,optional,pass,
user_d2d59ed9-0944-46c9-8821-65bb32520de4,vol_churn,not_churned,not_churned,vol_churn -> not_churned,0.712202647837686,0.712202647837686,0.1960567687500826,0.0917405834122312,1.0,1.0,0.0,0.0,1.0,1.0,1.0,2.0,0.0,0.0,PL,Higgsfield Ultimate,,limited,pl,BRE BANK SPOLKA AKCYJNA,debit,optional,pass,
user_2fdd9a32-01cd-4d78-a4e9-c53a738a0582,vol_churn,not_churned,not_churned,vol_churn -> not_churned,0.7121541465634668,0.7121541465634668,0.1791090374555058,0.1087368159810274,1.0,1.0,0.0,0.0,1.0,1.0,1.0,2.0,0.0,0.0,US,Higgsfield Creator,,other,us,"CHASE BANK USA, N.A.",credit,optional,pass,
user_588b6e47-1240-47cf-8e4f-48a65897fb69,invol_churn,not_churned,not_churned,invol_churn -> not_churned,0.7119831323075493,0.7119831323075493,0.1357676324125172,0.1522492352799334,4.0,3.0,0.25,1.0,3.0,2.0,2.0,4.0,12.951516203703704,12.951516203703704,GB,Higgsfield Ultimate,,inconsistent,gb,,debit,optional,not_provided,card_declined
user_0dfd0791-32ca-4ac3-94e1-6f2bff59d848,vol_churn,not_churned,not_churned,vol_churn -> not_churned,0.7118465844051424,0.7118465844051424,0.1472816956489607,0.1408717199458967,1.0,1.0,0.0,0.0,1.0,1.0,1.0,2.0,0.0,0.0,MY,Higgsfield Ultimate,,limited,my,BRITISH AIRWAYS,credit,optional,pass,
user_4e429437-9a92-4e10-a0db-f5415aa5c5ae,vol_churn,not_churned,not_churned,vol_churn -> not_churned,0.711602664073658,0.711602664073658,0.1807150507076829,0.1076822852186591,1.0,1.0,0.0,0.0,1.0,1.0,1.0,2.0,0.0,0.0,US,Higgsfield Basic,,hard-prompt,us,"WELLS FARGO BANK, N.A.",debit,optional,pass,
user_060143c2-dc32-4da1-840f-04cd609ff623,not_churned,invol_churn,invol_churn,not_churned -> invol_churn,0.7114853668151209,0.2109394192458056,0.0775752139390735,0.7114853668151209,1.0,1.0,0.0,0.0,1.0,1.0,1.0,2.0,0.0,0.0,US,Higgsfield Ultimate,,confusing,hk,"FIRST USA BANK, N.A.",credit,optional,pass,
user_08d2c699-721e-46fd-b0da-9b225a0de052,vol_churn,not_churned,not_churned,vol_churn -> not_churned,0.7114042186329365,0.7114042186329365,0.160530187876899,0.1280655934901645,2.0,2.0,0.0,0.0,2.0,2.0,2.0,4.0,1.1956481481481482,1.1956481481481482,ID,Higgsfield Basic,,inconsistent,id,"MBNA AMERICA BANK, N.A.",credit,optional,not_provided,
user_87b0088b-fc39-4f3a-8ddb-2e98e77d3131,vol_churn,not_churned,not_churned,vol_churn -> not_churned,0.7113009972903788,0.7113009972903788,0.1865024164369899,0.1021965862726312,1.0,1.0,0.0,0.0,1.0,1.0,1.0,2.0,0.0,0.0,NL,Higgsfield Basic,,inconsistent,nl,,debit,optional,pass,
user_c30a5e07-b5f3-4529-be58-8eeb1697aae2,invol_churn,not_churned,not_churned,invol_churn -> not_churned,0.7112968944190777,0.7112968944190777,0.1579802118789806,0.1307228937019416,1.0,1.0,0.0,0.0,1.0,1.0,1.0,2.0,0.0,0.0,PL,Higgsfield Basic,,,pl,"ING BANK SLASKI, S.A.",debit,optional,pass,
user_c69735a4-ac20-4892-8047-d09c1642bb62,vol_churn,not_churned,not_churned,vol_churn -> not_churned,0.7111884526991414,0.7111884526991414,0.1481607514927826,0.1406507958080757,1.0,1.0,0.0,0.0,1.0,1.0,1.0,2.0,0.0,0.0,CH,Higgsfield Basic,,,fr,,debit,optional,pass,
user_62ccaca3-86b2-4a99-936b-b1dc34427c0f,vol_churn,not_churned,not_churned,vol_churn -> not_churned,0.7110948714114073,0.7110948714114073,0.1631958770226419,0.1257092515659508,1.0,1.0,0.0,0.0,1.0,1.0,1.0,2.0,0.0,0.0,GB,Higgsfield Ultimate,,,gb,"REVOLUT, LTD.",debit,optional,not_provided,
user_1cd8ed41-c0b0-4e4a-a213-7b7488e8527b,invol_churn,vol_churn,vol_churn,invol_churn -> vol_churn,0.7110469637144575,0.0158310733518308,0.7110469637144575,0.2731219629337116,1.0,1.0,0.0,0.0,1.0,1.0,1.0,2.0,0.0,0.0,JP,Higgsfield Creator,,confusing,jp,"JCB INTERNATIONAL CREDIT CARD CO., LTD.",credit,not_supported,pass,
user_d01c1d18-3c43-4d4e-a110-edbac2ea7291,vol_churn,not_churned,not_churned,vol_churn -> not_churned,0.7108937427042497,0.7108937427042497,0.1820208131291388,0.1070854441666114,2.0,2.0,0.0,0.0,2.0,2.0,2.0,4.0,4.346030092592593,4.346030092592593,US,Higgsfield Basic,,high-cost,us,"NATIONSBANK OF DELAWARE, N.A.",debit,optional,not_provided,
user_a83a97ea-fc9c-4415-8651-1a1cddab3db1,vol_churn,not_churned,not_churned,vol_churn -> not_churned,0.7108914572447929,0.7108914572447929,0.1690995868333712,0.1200089559218359,1.0,1.0,0.0,0.0,1.0,1.0,1.0,2.0,0.0,0.0,US,Higgsfield Creator,,hard-prompt,us,,credit,optional,pass,
user_2a08f12d-8d47-44d7-a755-c9e523c66e18,vol_churn,not_churned,not_churned,vol_churn -> not_churned,0.7108517381874435,0.7108517381874435,0.2407182262305563,0.0484300355820001,2.0,2.0,0.0,0.0,2.0,1.0,1.0,2.0,0.005405092592592592,0.005405092592592592,US,Higgsfield Basic,,,us,AMERICAN EXPRESS US CONSUMER,credit,optional,not_provided,
user_0f8aa3aa-3607-4bdb-a3d2-8ae6438f4658,invol_churn,not_churned,not_churned,invol_churn -> not_churned,0.710835132308464,0.710835132308464,0.1469168137380918,0.1422480539534443,1.0,1.0,0.0,0.0,1.0,1.0,1.0,2.0,0.0,0.0,ES,Higgsfield Basic,,,us,,credit,optional,pass,
user_368fb45e-16e1-4c0e-b3c5-92b31b74b4fe,vol_churn,not_churned,not_churned,vol_churn -> not_churned,0.7108026623841396,0.7108026623841396,0.2437710421188243,0.045426295497036,1.0,1.0,0.0,0.0,1.0,1.0,1.0,2.0,0.0,0.0,US,Higgsfield Pro,,inconsistent,us,"CHASE BANK USA, N.A.",credit,optional,not_provided,
user_cb5f10fc-d62f-44ca-a8bf-56b054d968e0,vol_churn,not_churned,not_churned,vol_churn -> not_churned,0.710603546674629,0.710603546674629,0.1717826837679802,0.1176137695573907,1.0,1.0,0.0,0.0,1.0,1.0,1.0,2.0,0.0,0.0,GB,Higgsfield Creator,,inconsistent,gb,"WISE PAYMENTS, LTD.",debit,optional,pass,
user_29a0e936-1438-46de-8363-b742f87c703a,vol_churn,not_churned,not_churned,vol_churn -> not_churned,0.7103416506783815,0.7103416506783815,0.2435437871836397,0.0461145621379788,1.0,1.0,0.0,0.0,1.0,1.0,1.0,2.0,0.0,0.0,KR,Higgsfield Creator,,,kr,"SAMSUNG CARD CO., LTD.",credit,optional,pass,
user_13884443-7aa3-4ad8-a42d-413f6159f913,vol_churn,invol_churn,invol_churn,vol_churn -> invol_churn,0.7103046159580761,0.166641873419163,0.1230535106227608,0.7103046159580761,1.0,1.0,0.0,0.0,1.0,1.0,1.0,2.0,0.0,0.0,US,Higgsfield Pro,,hard-prompt,hk,"BOC CREDIT CARD (INTERNATIONAL), LTD.",credit,optional,pass,
user_45e81f9d-34c5-45e1-8aca-e20f94b4d988,invol_churn,not_churned,not_churned,invol_churn -> not_churned,0.7101510195990796,0.7101510195990796,0.0824223132283682,0.2074266671725519,1.0,1.0,0.0,0.0,1.0,1.0,1.0,2.0,0.0,0.0,EE,Higgsfield Basic,designer,,kg,WESTPAC BANKING CORPORATION,credit,optional,pass,
user_b58b1a75-50bc-4e7c-a74a-b9e31063a605,vol_churn,not_churned,not_churned,vol_churn -> not_churned,0.7101412808595922,0.7101412808595922,0.2134857835140776,0.0763729356263303,1.0,1.0,0.0,0.0,1.0,1.0,1.0,2.0,0.0,0.0,US,Higgsfield Basic,,limited,us,WELLS FARGO,debit,optional,not_provided,
user_d69ed54e-74b1-42aa-9c93-92ef0280c6b4,vol_churn,not_churned,not_churned,vol_churn -> not_churned,0.7099811452800873,0.7099811452800873,0.2273959966367556,0.0626228580831572,2.0,2.0,0.0,0.0,2.0,2.0,2.0,4.0,3.1946412037037035,3.1946412037037035,KR,Higgsfield Ultimate,,inconsistent,kr,WOORI BANK,debit,optional,not_provided,
user_c349d98c-0a83-4573-bd29-c51bebea7cee,vol_churn,not_churned,not_churned,vol_churn -> not_churned,0.7097942036725297,0.7097942036725297,0.1883191493051029,0.1018866470223673,1.0,1.0,0.0,0.0,1.0,1.0,1.0,2.0,0.0,0.0,DK,Higgsfield Basic,just-for-fun,,dk,DANSKE BANK A/S,debit,optional,not_provided,
user_91b62f20-f9b6-4f38-8e2f-28582cd7b65a,vol_churn,not_churned,not_churned,vol_churn -> not_churned,0.7096990734784021,0.7096990734784021,0.0733582841866411,0.2169426423349569,3.0,3.0,0.0,0.0,3.0,3.0,3.0,6.0,10.926030092592592,10.926030092592592,BR,Higgsfield Basic,,,br,NU PAGAMENTOS SA,credit,optional,not_provided,
user_4dc47127-f04a-4dfb-b13f-f64234d30031,vol_churn,not_churned,not_churned,vol_churn -> not_churned,0.7096904897529949,0.7096904897529949,0.1193120518729808,0.1709974583740242,1.0,1.0,0.0,0.0,1.0,1.0,1.0,2.0,0.0,0.0,AR,Higgsfield Basic,,,ar,"BANCO INDUSTRIAL DE VENEZUELA, C.A.",credit,optional,pass,
user_f71319ce-7921-4f31-b84d-8e5e428d5cb9,invol_churn,not_churned,not_churned,invol_churn -> not_churned,0.7095688999713005,0.7095688999713005,0.1092608428197184,0.181170257208981,1.0,1.0,0.0,0.0,1.0,1.0,1.0,2.0,0.0,0.0,AE,Higgsfield Basic,,limited,ae,MBNA CANADA BANK,credit,optional,pass,
user_6068b050-d3ca-4494-b9d6-4c97a3e5c4ef,vol_churn,not_churned,not_churned,vol_churn -> not_churned,0.7094688973251547,0.7094688973251547,0.2122498649927725,0.0782812376820727,1.0,1.0,0.0,0.0,1.0,1.0,1.0,2.0,0.0,0.0,AT,Higgsfield Ultimate,,limited,at,,credit,optional,pass,
user_691f5de9-84a9-43ef-90db-3c0b371f1cfd,vol_churn,not_churned,not_churned,vol_churn -> not_churned,0.7093172969030256,0.7093172969030256,0.0941115684517107,0.1965711346452637,2.0,2.0,0.0,0.0,2.0,2.0,2.0,4.0,2.910277777777778,2.910277777777778,UA,Higgsfield Basic,,high-cost,ua,COMMERCIAL BANK PRIVATBANK,credit,optional,not_provided,
user_67bc35f7-4717-4303-b8fa-204763d2efdf,vol_churn,not_churned,not_churned,vol_churn -> not_churned,0.7092524953238805,0.7092524953238805,0.2052832910739613,0.0854642136021581,1.0,1.0,0.0,0.0,1.0,1.0,1.0,2.0,0.0,0.0,RE,Higgsfield Pro,,confusing,fr,,debit,optional,not_provided,
user_97fdfa8e-b98e-4b87-8afa-2c65dbd0e2f1,invol_churn,not_churned,not_churned,invol_churn -> not_churned,0.7092315176067175,0.7092315176067175,0.0890013368588292,0.2017671455344531,3.0,3.0,0.0,0.0,3.0,3.0,3.0,6.0,5.833194444444445,5.833194444444445,BR,Higgsfield Basic,,,br,PRISMA MEDIOS DE PAGO SA,credit,optional,not_provided,
user_4950734e-4671-4592-bd8c-b1f25b6cd21f,vol_churn,not_churned,not_churned,vol_churn -> not_churned,0.7091802176432793,0.7091802176432793,0.228385338508299,0.0624344438484216,2.0,2.0,0.0,0.0,2.0,2.0,2.0,4.0,10.956261574074073,10.956261574074073,KR,Higgsfield Pro,,high-cost,kr,WOORI BANK,debit,optional,not_provided,
user_7329f291-a33c-478a-9f97-ce0df356557d,vol_churn,not_churned,not_churned,vol_churn -> not_churned,0.7090723225916842,0.7090723225916842,0.2349139601460877,0.0560137172622281,2.0,2.0,0.0,0.0,2.0,2.0,2.0,4.0,8.883391203703704,8.883391203703704,GB,Higgsfield Pro,,inconsistent,gb,HSBC BANK PLC,credit,optional,not_provided,
user_10ee6947-0456-4d50-be47-2dd2571daefd,invol_churn,not_churned,not_churned,invol_churn -> not_churned,0.7089989231609218,0.7089989231609218,0.1619283696512936,0.1290727071877845,1.0,1.0,0.0,0.0,1.0,1.0,1.0,2.0,0.0,0.0,EE,Higgsfield Ultimate,,inconsistent,ee,AS SEB PANK,debit,optional,pass,
user_b99dee4f-632c-4e50-8890-0db7223b1a3f,vol_churn,not_churned,not_churned,vol_churn -> not_churned,0.7088838619194109,0.7088838619194109,0.2187367610887012,0.0723793769918879,1.0,1.0,0.0,0.0,1.0,1.0,1.0,2.0,0.0,0.0,CA,Higgsfield Basic,,,ca,BANK OF MONTREAL,credit,optional,pass,
user_5bf8b44e-5428-4867-9769-13db0c4cec45,invol_churn,not_churned,not_churned,invol_churn -> not_churned,0.7087974430481684,0.7087974430481684,0.1684423185774802,0.1227602383743514,1.0,1.0,0.0,0.0,1.0,1.0,1.0,2.0,0.0,0.0,US,Higgsfield Basic,,hard-prompt,us,,debit,optional,not_provided,
user_e3c07ad7-3c9b-4e2f-8c39-aabbdff57d5c,vol_churn,not_churned,not_churned,vol_churn -> not_churned,0.708772529825082,0.708772529825082,0.2200739067862408,0.0711535633886772,3.0,3.0,0.0,0.0,3.0,1.0,1.0,2.0,0.13273148148148148,0.13273148148148148,US,Higgsfield Basic,,other,us,,credit,optional,not_provided,
user_e6a5931c-bae6-486a-a867-5747d0978aea,vol_churn,not_churned,not_churned,vol_churn -> not_churned,0.7087712441997309,0.7087712441997309,0.2009579019240307,0.0902708538762382,1.0,1.0,0.0,0.0,1.0,1.0,1.0,2.0,0.0,0.0,ES,Higgsfield Ultimate,,hard-prompt,es,"BANCO BILBAO VIZCAYA ARGENTARIA, S.A.",credit,optional,pass,
user_62749e39-b65a-40ac-8c5c-be0445688491,invol_churn,not_churned,not_churned,invol_churn -> not_churned,0.7086265808134097,0.7086265808134097,0.1799799067530472,0.111393512433543,1.0,1.0,0.0,0.0,1.0,1.0,1.0,2.0,0.0,0.0,FR,Higgsfield Basic,creator,,fr,LA BANQUE POSTALE,debit,optional,pass,
user_c96e557f-eb01-43f7-95e4-ba29d5805abe,vol_churn,not_churned,not_churned,vol_churn -> not_churned,0.7084888077189684,0.7084888077189684,0.1913554763810692,0.1001557158999624,1.0,1.0,0.0,0.0,1.0,1.0,1.0,2.0,0.0,0.0,US,Higgsfield Basic,,limited,us,"BANK OF AMERICA, NATIONAL ASSOCIATION",debit,optional,not_provided,
user_47e2f089-5ebc-423e-b19f-1fdba294928a,vol_churn,not_churned,not_churned,vol_churn -> not_churned,0.7084765291630303,0.7084765291630303,0.212894895766127,0.0786285750708427,1.0,1.0,0.0,0.0,1.0,1.0,1.0,2.0,0.0,0.0,DE,Higgsfield Basic,,inconsistent,de,COMDIRECT BANK,credit,optional,pass,
user_646502a4-ef0c-40cc-b98c-48dbea404758,vol_churn,not_churned,not_churned,vol_churn -> not_churned,0.7084414668174718,0.7084414668174718,0.1311826158225151,0.160375917360013,1.0,1.0,0.0,0.0,1.0,1.0,1.0,2.0,0.0,0.0,AE,Higgsfield Ultimate,designer,,ae,PLACER SIERRA BANK,debit,optional,not_provided,
user_cede3940-1b65-43ed-ae59-226b0f6501a7,vol_churn,not_churned,not_churned,vol_churn -> not_churned,0.708432247711814,0.708432247711814,0.1977094443481487,0.0938583079400371,1.0,1.0,0.0,0.0,1.0,1.0,1.0,2.0,0.0,0.0,US,Higgsfield Basic,,,us,"JPMORGAN CHASE BANK, N.A.",debit,optional,not_provided,
user_9c3fbcaf-dc00-423f-88e5-1b3a0a4e6e55,vol_churn,not_churned,not_churned,vol_churn -> not_churned,0.7084241105755644,0.7084241105755644,0.1486224923184111,0.1429533971060245,,,,,,,,0.0,,,US,Higgsfield Ultimate,,,,,,,,
user_dab6f519-db0c-4ff2-98c1-ef1805120cc5,not_churned,invol_churn,invol_churn,not_churned -> invol_churn,0.708318183331924,0.2320662712910521,0.0596155453770238,0.708318183331924,2.0,1.0,0.5,1.0,1.0,1.0,1.0,2.0,0.0009953703703703704,0.0,KZ,Higgsfield Ultimate,,,kz,KASPI BANK JSC,debit,optional,pass,card_declined
user_fabc1c20-3544-4d7e-9127-989a07d7b848,vol_churn,not_churned,not_churned,vol_churn -> not_churned,0.7083055554930476,0.7083055554930476,0.2086434484163497,0.0830509960906026,1.0,1.0,0.0,0.0,1.0,1.0,1.0,2.0,0.0,0.0,DE,Higgsfield Ultimate,,Limited generations,de,,debit,optional,pass,
user_9f662745-3287-4250-8d88-5555f47c5f6a,invol_churn,not_churned,not_churned,invol_churn -> not_churned,0.7081727869334612,0.7081727869334612,0.2232906489501902,0.0685365641163484,1.0,1.0,0.0,0.0,1.0,1.0,1.0,2.0,0.0,0.0,KR,Higgsfield Basic,educator,,kr,"HANASK CARD CO., LTD.",credit,optional,not_provided,
user_29d58727-fb84-464e-9843-e2fded97f4d1,vol_churn,not_churned,not_churned,vol_churn -> not_churned,0.708118588036988,0.708118588036988,0.1655401389610296,0.1263412730019822,2.0,2.0,0.0,0.0,2.0,2.0,2.0,4.0,10.05875,10.05875,ES,Higgsfield Creator,,inconsistent,es,"BANCO SANTANDER, S.A.",debit,optional,unavailable,
user_5f01279a-e7d1-4868-a6d0-fda3add34632,not_churned,invol_churn,invol_churn,not_churned -> invol_churn,0.7079938890991632,0.2318914892808005,0.0601146216200362,0.7079938890991632,2.0,1.0,0.5,1.0,1.0,1.0,1.0,2.0,0.003449074074074074,0.0,KZ,Higgsfield Ultimate,,,kz,KASPI BANK JSC,debit,optional,pass,card_declined
user_c15437fb-d332-4ab7-ae7a-7b808441c842,vol_churn,not_churned,not_churned,vol_churn -> not_churned,0.7079636298037515,0.7079636298037515,0.2222881972063349,0.0697481729899134,1.0,1.0,0.0,0.0,1.0,1.0,1.0,2.0,0.0,0.0,CA,Higgsfield Basic,,confusing,ca,BANK OF MONTREAL,credit,optional,pass,
user_2a289860-71fc-45de-8c5a-f888cfd2f110,vol_churn,not_churned,not_churned,vol_churn -> not_churned,0.707927430749452,0.707927430749452,0.203024317260151,0.0890482519903971,1.0,1.0,0.0,0.0,1.0,1.0,1.0,2.0,0.0,0.0,US,Higgsfield Basic,,limited,us,"BANK OF AMERICA, N.A.",debit,optional,not_provided,
user_7f46bb01-0648-489e-a452-fac9080cce42,vol_churn,not_churned,not_churned,vol_churn -> not_churned,0.7077651370203903,0.7077651370203903,0.1915360580951892,0.1006988048844202,1.0,1.0,0.0,0.0,1.0,1.0,1.0,2.0,0.0,0.0,CA,Higgsfield Basic,just-for-fun,,ca,TD CANADA TRUST,debit,optional,pass,
user_a5c07ede-14f9-4133-ad8b-42d86e116d66,vol_churn,invol_churn,invol_churn,vol_churn -> invol_churn,0.7076352042808983,0.228063368046525,0.0643014276725766,0.7076352042808983,1.0,1.0,0.0,0.0,1.0,1.0,1.0,2.0,0.0,0.0,VN,Higgsfield Ultimate,,limited,hk,"BOC CREDIT CARD (INTERNATIONAL), LTD.",credit,optional,pass,
user_797e2ddc-9c09-4478-af36-5345addb7c83,not_churned,invol_churn,invol_churn,not_churned -> invol_churn,0.7075808211945886,0.2060772404833006,0.0863419383221107,0.7075808211945886,3.0,2.0,0.3333333333333333,1.0,2.0,1.0,1.0,2.0,0.014652777777777778,0.014652777777777778,US,Higgsfield Ultimate,marketer,,sg,STANDARD CHARTERED BANK,debit,optional,pass,card_declined
user_06e451ef-cdff-4dbf-8f51-df4c86a1b640,invol_churn,not_churned,not_churned,invol_churn -> not_churned,0.7075685141769896,0.7075685141769896,0.0459428500119351,0.2464886358110751,7.0,4.0,0.42857142857142855,3.0,4.0,3.0,3.0,6.0,13.099293981481482,13.099293981481482,KZ,Higgsfield Creator,,other,kz,VTB BANK (KAZAKHSTAN) SUBSIDIARY JOINT STOCK COMPANY,credit,optional,not_provided,card_declined
user_80bf9962-4be4-44fe-b902-22bdb30829ff,vol_churn,not_churned,not_churned,vol_churn -> not_churned,0.7075453457877247,0.7075453457877247,0.2045010371527957,0.0879536170594796,1.0,1.0,0.0,0.0,1.0,1.0,1.0,2.0,0.0,0.0,CZ,Higgsfield Ultimate,,high-cost,cz,ARAB INTERNATIONAL BANK,debit,optional,not_provided,
user_1948b1bc-a9cf-4a41-9113-1b7fb13596a2,vol_churn,not_churned,not_churned,vol_churn -> not_churned,0.7075197419047172,0.7075197419047172,0.2366786198473972,0.0558016382478855,1.0,1.0,0.0,0.0,1.0,1.0,1.0,2.0,0.0,0.0,US,Higgsfield Ultimate,,,us,AMERICAN EXPRESS US,credit,optional,not_provided,
user_581ddf6b-6b0b-4b52-a182-1cc61fba6841,vol_churn,not_churned,not_churned,vol_churn -> not_churned,0.707507057311197,0.707507057311197,0.2192608542171309,0.0732320884716719,1.0,1.0,0.0,0.0,1.0,1.0,1.0,2.0,0.0,0.0,IL,Higgsfield Basic,,,il,BANK LEUMI LE-ISRAEL B.M.,credit,optional,pass,
user_8c1ce50f-4b76-4ff4-8d27-0ea93d84a70d,vol_churn,not_churned,not_churned,vol_churn -> not_churned,0.7074984370254561,0.7074984370254561,0.2500699491601565,0.0424316138143874,1.0,1.0,0.0,0.0,1.0,1.0,1.0,2.0,0.0,0.0,US,Higgsfield Basic,,inconsistent,us,AMERICAN EXPRESS COMPANY,credit,optional,not_provided,
user_58e8e8f3-71b7-43cd-8fa5-41fa1d299c42,vol_churn,not_churned,not_churned,vol_churn -> not_churned,0.7074044322296092,0.7074044322296092,0.2589823410031407,0.0336132267672499,1.0,1.0,0.0,0.0,1.0,1.0,1.0,2.0,0.0,0.0,DE,Higgsfield Ultimate,,inconsistent,de,AMEX GERMANY GLOBESTAR CHARGE,credit,optional,not_provided,
user_4cdacee0-23e3-46df-b410-5042040e7802,vol_churn,not_churned,not_churned,vol_churn -> not_churned,0.707361294141274,0.707361294141274,0.2054714186756817,0.0871672871830442,1.0,1.0,0.0,0.0,1.0,1.0,1.0,2.0,0.0,0.0,CL,Higgsfield Ultimate,,limited,cl,BANCO DEL ESTADO DE CHILE,credit,optional,pass,
user_9ba10763-a258-48d1-9bae-e3b113a4b19f,vol_churn,not_churned,not_churned,vol_churn -> not_churned,0.707344973065805,0.707344973065805,0.2237053474754193,0.0689496794587756,1.0,1.0,0.0,0.0,1.0,1.0,1.0,2.0,0.0,0.0,US,Higgsfield Ultimate,,inconsistent,us,"JPMORGAN CHASE BANK, N.A.",debit,optional,pass,
user_3cc39871-526a-484e-bb15-6e94e2f6bcda,vol_churn,not_churned,not_churned,vol_churn -> not_churned,0.7069806124807329,0.7069806124807329,0.1943403274863113,0.0986790600329557,1.0,1.0,0.0,0.0,1.0,1.0,1.0,2.0,0.0,0.0,US,Higgsfield Basic,,,us,"U.S. BANK, N.A.",debit,optional,pass,
user_645ec7be-ab0c-408e-93ca-33c31e2f6a0c,vol_churn,not_churned,not_churned,vol_churn -> not_churned,0.7066607799720819,0.7066607799720819,0.2062473745672739,0.0870918454606441,1.0,1.0,0.0,0.0,1.0,1.0,1.0,2.0,0.0,0.0,CA,Higgsfield Basic,,other,ca,"GREATER BUILDING SOCIETY, LTD.",debit,optional,not_provided,
user_c2748d95-c78f-4df7-91cc-29ea52adc8d5,invol_churn,not_churned,not_churned,invol_churn -> not_churned,0.7066319354456385,0.7066319354456385,0.1091401806459077,0.1842278839084537,1.0,1.0,0.0,0.0,1.0,1.0,1.0,2.0,0.0,0.0,PR,Higgsfield Basic,creator,,pr,FIRSTBANK PUERTO RICO,debit,optional,pass,
user_ea17adcb-e9e7-41a7-9f5f-198b96f79427,vol_churn,not_churned,not_churned,vol_churn -> not_churned,0.7066176275994205,0.7066176275994205,0.1704090207735015,0.122973351627078,1.0,1.0,0.0,0.0,1.0,1.0,1.0,2.0,0.0,0.0,CZ,Higgsfield Ultimate,,,cz,,credit,optional,pass,
user_1344a51e-a8fd-499f-a34a-cdbd523015ab,vol_churn,not_churned,not_churned,vol_churn -> not_churned,0.7063470032683123,0.7063470032683123,0.2277979763360433,0.0658550203956445,3.0,3.0,0.0,0.0,3.0,2.0,2.0,4.0,13.673402777777778,13.673402777777778,NO,Higgsfield Pro,,inconsistent,no,XY DNB NOR,debit,optional,not_provided,
user_07c897fe-af91-45a1-82bb-47e73a4d56ee,vol_churn,not_churned,not_churned,vol_churn -> not_churned,0.7063276657087373,0.7063276657087373,0.2539410453750457,0.039731288916217,1.0,1.0,0.0,0.0,1.0,1.0,1.0,2.0,0.0,0.0,KR,Higgsfield Ultimate,,confusing,kr,BANCOLOMBIA,credit,optional,not_provided,
user_a9af819a-548c-435a-880c-c56c97d87643,invol_churn,not_churned,not_churned,invol_churn -> not_churned,0.7062581182360432,0.7062581182360432,0.1183930189776256,0.175348862786331,1.0,1.0,0.0,0.0,1.0,1.0,1.0,2.0,0.0,0.0,BR,Higgsfield Basic,,limited,br,,credit,optional,not_provided,
user_bbf4915e-97bf-43f8-8ff4-ebc669ed9ca7,vol_churn,not_churned,not_churned,vol_churn -> not_churned,0.7058786338343949,0.7058786338343949,0.2181712109657049,0.0759501551999002,1.0,1.0,0.0,0.0,1.0,1.0,1.0,2.0,0.0,0.0,KR,Higgsfield Basic,,,kr,NATIONAL AGRICULTURAL COOPERATIVE FEDERATION,credit,optional,pass,
user_487aa2a8-6089-4632-879c-7baf81c900e6,vol_churn,not_churned,not_churned,vol_churn -> not_churned,0.7056834638829425,0.7056834638829425,0.1024097209391093,0.1919068151779482,1.0,1.0,0.0,0.0,1.0,1.0,1.0,2.0,0.0,0.0,BE,Higgsfield Basic,creator,,be,,debit,optional,not_provided,
user_08e036cb-07dc-4e9e-be16-935ebe181e88,invol_churn,not_churned,not_churned,invol_churn -> not_churned,0.7055433106809631,0.7055433106809631,0.1120764672307722,0.1823802220882646,1.0,1.0,0.0,0.0,1.0,1.0,1.0,2.0,0.0,0.0,BR,Higgsfield Creator,,other,br,"UNICARD BANCO MULTIPLO, S.A.",credit,optional,pass,
user_ed6463cf-d6ff-4d62-b2c1-aae6d8c1ff48,invol_churn,not_churned,not_churned,invol_churn -> not_churned,0.7053466853790576,0.7053466853790576,0.2099850873241781,0.0846682272967642,3.0,3.0,0.0,0.0,3.0,2.0,2.0,4.0,8.714849537037036,8.714849537037036,AT,Higgsfield Basic,,AI is confusing to me,at,CLYDESDALE BANK PLC,debit,optional,not_provided,
user_26dc53d3-a792-491f-aa95-bd02b9927fbb,vol_churn,not_churned,not_churned,vol_churn -> not_churned,0.7053344079329142,0.7053344079329142,0.244900493632664,0.0497650984344217,1.0,1.0,0.0,0.0,1.0,1.0,1.0,2.0,0.0,0.0,DE,Higgsfield Ultimate,,inconsistent,de,DEUTSCHER SPARKASSEN UND GIROVERBAND,credit,optional,pass,
user_039e1f44-cebc-4375-aa4f-7eb5fcfb62cc,vol_churn,not_churned,not_churned,vol_churn -> not_churned,0.7053250296035359,0.7053250296035359,0.2280025356701997,0.0666724347262643,1.0,1.0,0.0,0.0,1.0,1.0,1.0,2.0,0.0,0.0,US,Higgsfield Basic,,hard-prompt,us,"FIA CARD SERVICES, N.A.",credit,optional,not_provided,
user_32f460d5-7095-43cf-96e9-09cb5de8a3dd,not_churned,invol_churn,invol_churn,not_churned -> invol_churn,0.7052517513868444,0.2058483730155563,0.0888998755975993,0.7052517513868444,1.0,1.0,0.0,0.0,1.0,1.0,1.0,2.0,0.0,0.0,VN,Higgsfield Ultimate,,inconsistent,vn,THE TORONTO-DOMINION BANK,debit,optional,pass,
user_8039d217-528c-4e2f-a50c-f2150efe5faf,vol_churn,not_churned,not_churned,vol_churn -> not_churned,0.7052449665335219,0.7052449665335219,0.1816839928110128,0.1130710406554653,1.0,1.0,0.0,0.0,1.0,1.0,1.0,2.0,0.0,0.0,US,Higgsfield Basic,filmmaker,,us,GE CAPITAL RETAIL BANK,credit,optional,not_provided,
user_7f723101-bea6-449c-b852-e57da4be82e5,invol_churn,vol_churn,vol_churn,invol_churn -> vol_churn,0.7052375585887748,0.0224437612735389,0.7052375585887748,0.2723186801376862,1.0,1.0,0.0,0.0,1.0,1.0,1.0,2.0,0.0,0.0,JP,Higgsfield Creator,,hard-prompt,jp,"JCB INTERNATIONAL CREDIT CARD CO., LTD.",credit,not_supported,pass,
user_9625f886-4a0c-45a2-b10a-700ff719cbc1,vol_churn,not_churned,not_churned,vol_churn -> not_churned,0.7052093893988678,0.7052093893988678,0.2206013891716049,0.0741892214295271,1.0,1.0,0.0,0.0,1.0,1.0,1.0,2.0,0.0,0.0,NZ,Higgsfield Basic,,high-cost,nz,ASB BANK,debit,optional,pass,
user_b17f4d68-36ca-4395-b99f-efc64df8a76a,vol_churn,not_churned,not_churned,vol_churn -> not_churned,0.7050226110850968,0.7050226110850968,0.2117505553071249,0.0832268336077783,1.0,1.0,0.0,0.0,1.0,1.0,1.0,2.0,0.0,0.0,ES,Higgsfield Ultimate,,other,es,CAIXABANK S.A.,debit,optional,not_provided,
user_3b741aa3-b3bf-4091-b258-5fd41124eaec,invol_churn,not_churned,not_churned,invol_churn -> not_churned,0.7050203826328443,0.7050203826328443,0.205024072012251,0.0899555453549047,1.0,1.0,0.0,0.0,1.0,1.0,1.0,2.0,0.0,0.0,SK,Higgsfield Basic,,,sk,DEUTSCHE BANK AG,debit,optional,not_provided,
user_41caac9a-825d-4073-8b2a-7adba590855a,vol_churn,not_churned,not_churned,vol_churn -> not_churned,0.7047373747741151,0.7047373747741151,0.1290494564088935,0.1662131688169913,6.0,1.0,0.8333333333333334,5.0,1.0,3.0,1.0,4.0,8.48960648148148,0.0,KR,Higgsfield Creator,,other,kr,ZUNO BANK AG,debit,optional,not_provided,card_declined
user_79969240-33bf-4fb9-a651-e768a12fb51e,not_churned,invol_churn,invol_churn,not_churned -> invol_churn,0.7044050747264329,0.231786145254887,0.06380878001868,0.7044050747264329,1.0,1.0,0.0,0.0,1.0,1.0,1.0,2.0,0.0,0.0,TZ,Higgsfield Creator,designer,,tz,U.S. BANK N.A. ND,prepaid,optional,pass,
user_de8ef384-705f-49f3-bbc6-d9c26e13e39e,vol_churn,not_churned,not_churned,vol_churn -> not_churned,0.7043620077750199,0.7043620077750199,0.1868591950026255,0.1087787972223546,1.0,1.0,0.0,0.0,1.0,1.0,1.0,2.0,0.0,0.0,PL,Higgsfield Creator,,,pl,METABANK,debit,optional,not_provided,
user_e33fcfb1-3002-43d4-accd-13ff22fad693,invol_churn,not_churned,not_churned,invol_churn -> not_churned,0.7043038316476887,0.7043038316476887,0.1308179116672468,0.1648782566850643,1.0,1.0,0.0,0.0,1.0,1.0,1.0,2.0,0.0,0.0,TH,Higgsfield Ultimate,,limited,th,"KASIKORNBANK PUBLIC CO., LTD.",credit,optional,pass,
user_aacc6b16-1a96-40fe-ad36-5069628226f7,vol_churn,not_churned,not_churned,vol_churn -> not_churned,0.7042526581875083,0.7042526581875083,0.1875006329013427,0.108246708911149,1.0,1.0,0.0,0.0,1.0,1.0,1.0,2.0,0.0,0.0,US,Higgsfield Basic,,inconsistent,us,EXTRA C.U.,credit,optional,pass,
user_734b8aff-2818-4948-95c7-cb0fcfd84f5e,vol_churn,not_churned,not_churned,vol_churn -> not_churned,0.7042105891348843,0.7042105891348843,0.1008160191617163,0.1949733917033992,2.0,2.0,0.0,0.0,2.0,1.0,1.0,2.0,0.002962962962962963,0.002962962962962963,IN,Higgsfield Ultimate,,limited,in,"HDFC BANK, LTD.",credit,optional,pass,
user_e0b8fbd9-b594-4343-9aa2-1e9662ffb414,vol_churn,not_churned,not_churned,vol_churn -> not_churned,0.7041073302772057,0.7041073302772057,0.1667828603677397,0.1291098093550546,1.0,1.0,0.0,0.0,1.0,1.0,1.0,2.0,0.0,0.0,GB,Higgsfield Basic,,hard-prompt,gb,"WISE PAYMENTS, LTD.",debit,optional,not_provided,
user_2b5f2ee2-e592-44c5-97f6-7ca3096653d0,vol_churn,not_churned,not_churned,vol_churn -> not_churned,0.7037973163499789,0.7037973163499789,0.2098137667521812,0.0863889168978398,1.0,1.0,0.0,0.0,1.0,1.0,1.0,2.0,0.0,0.0,IT,Higgsfield Creator,,,it,CARTASI S.P.A.,credit,optional,not_provided,
user_21edc52c-b6b5-45ea-af27-1a84f3e1b3b4,vol_churn,not_churned,not_churned,vol_churn -> not_churned,0.7037867926731706,0.7037867926731706,0.2244446961750991,0.0717685111517304,4.0,4.0,0.0,0.0,4.0,4.0,4.0,8.0,10.003310185185185,10.003310185185185,DE,Higgsfield Basic,,inconsistent,de,,debit,optional,not_provided,
user_aa9cc732-7beb-4f53-b187-63c009a589e3,vol_churn,not_churned,not_churned,vol_churn -> not_churned,0.7035797829911917,0.7035797829911917,0.2564493031018146,0.0399709139069937,1.0,1.0,0.0,0.0,1.0,1.0,1.0,2.0,0.0,0.0,US,Higgsfield Ultimate,,Inconsistent results,us,"CHASE BANK USA, N.A.",credit,optional,not_provided,
user_b613db1d-fb92-4564-8e60-c6248a153d4b,vol_churn,not_churned,not_churned,vol_churn -> not_churned,0.7035347087938109,0.7035347087938109,0.2318018455493405,0.0646634456568485,1.0,1.0,0.0,0.0,1.0,1.0,1.0,2.0,0.0,0.0,DE,Higgsfield Creator,creator,,de,EURO KARTENSYSTEME EUROCARD UND EUROCHEQUE GMBH,credit,optional,not_provided,
user_3b88fced-71e0-4a74-ab16-d161353cb586,invol_churn,not_churned,not_churned,invol_churn -> not_churned,0.7033971376599967,0.7033971376599967,0.1291940228057271,0.1674088395342761,1.0,1.0,0.0,0.0,1.0,1.0,1.0,2.0,0.0,0.0,BR,Higgsfield Ultimate,,inconsistent,br,BANCO INTER S.A.,credit,optional,pass,
user_9ce756a8-ad82-4bab-8f3f-b3bb15372a31,vol_churn,not_churned,not_churned,vol_churn -> not_churned,0.703285927400987,0.703285927400987,0.1442461200983441,0.1524679525006688,2.0,2.0,0.0,0.0,2.0,1.0,1.0,2.0,0.0021527777777777778,0.0021527777777777778,KW,Higgsfield Basic,,limited,bh,MASHREQBANK,credit,optional,not_provided,
user_dc0e9285-adbe-4eac-ad7c-52ac0b61bb06,vol_churn,not_churned,not_churned,vol_churn -> not_churned,0.7032328537453482,0.7032328537453482,0.23764703088834,0.0591201153663117,1.0,1.0,0.0,0.0,1.0,1.0,1.0,2.0,0.0,0.0,NL,Higgsfield Basic,,confusing,nl,NORWEST BANK IOWA N.A.,credit,optional,not_provided,
user_8e97ccc1-5140-4ffa-9c3c-7facf754ac32,vol_churn,not_churned,not_churned,vol_churn -> not_churned,0.7031404028150113,0.7031404028150113,0.2099461256536568,0.0869134715313319,1.0,1.0,0.0,0.0,1.0,1.0,1.0,2.0,0.0,0.0,US,Higgsfield Basic,,other,us,BANK OF HAWAII,debit,optional,not_provided,
user_61c28fb1-e9bf-412e-bac0-d19c98b7675b,not_churned,invol_churn,invol_churn,not_churned -> invol_churn,0.7030183660152353,0.1923884864292154,0.1045931475555492,0.7030183660152353,1.0,1.0,0.0,0.0,1.0,1.0,1.0,2.0,0.0,0.0,US,Higgsfield Ultimate,,other,gb,SUNRATE PARTNERS UK LIMITED,credit,optional,pass,
user_04f22fe6-0878-48e0-a37b-22e676fad45b,invol_churn,not_churned,not_churned,invol_churn -> not_churned,0.7029822051020227,0.7029822051020227,0.0542774940931458,0.2427403008048315,2.0,2.0,0.0,0.0,2.0,2.0,2.0,4.0,7.214305555555556,7.214305555555556,IN,Higgsfield Ultimate,,confusing,in,,credit,optional,pass,
user_f808c789-d680-4e4c-9719-841b866a52ed,vol_churn,not_churned,not_churned,vol_churn -> not_churned,0.7028600876267909,0.7028600876267909,0.1880466290603511,0.1090932833128581,1.0,1.0,0.0,0.0,1.0,1.0,1.0,2.0,0.0,0.0,FR,Higgsfield Basic,,inconsistent,fr,EUROPAY FRANCE SAS,debit,optional,not_provided,
user_280dc7a3-be33-407b-b667-95d6b5677adf,vol_churn,not_churned,not_churned,vol_churn -> not_churned,0.7028419832413217,0.7028419832413217,0.2147152246802752,0.082442792078403,1.0,1.0,0.0,0.0,1.0,1.0,1.0,2.0,0.0,0.0,US,Higgsfield Ultimate,,inconsistent,us,"CITIBANK, N.A.",credit,optional,not_provided,
user_5e2dac23-d5fc-4122-88ee-57a1566a126f,vol_churn,not_churned,not_churned,vol_churn -> not_churned,0.7028138782105608,0.7028138782105608,0.2435101742579841,0.053675947531455,1.0,1.0,0.0,0.0,1.0,1.0,1.0,2.0,0.0,0.0,US,Higgsfield Basic,,limited,us,"CHASE BANK USA, N.A.",credit,optional,not_provided,
user_185f8a9c-0a82-4d9f-8b25-ba8d97af0b45,vol_churn,not_churned,not_churned,vol_churn -> not_churned,0.7027036940213398,0.7027036940213398,0.1214609802986553,0.1758353256800048,4.0,2.0,0.5,2.0,2.0,2.0,2.0,4.0,9.280046296296296,9.280046296296296,GB,Higgsfield Creator,,inconsistent,gb,"WISE PAYMENTS, LTD.",debit,optional,pass,card_declined
user_0802e4c7-eb04-454c-9b72-0d21d35da38b,vol_churn,not_churned,not_churned,vol_churn -> not_churned,0.7026879104262386,0.7026879104262386,0.2170521189718132,0.0802599706019483,1.0,1.0,0.0,0.0,1.0,1.0,1.0,2.0,0.0,0.0,CA,Higgsfield Ultimate,,inconsistent,ca,CB MKB UNIONBANK A.D.,credit,optional,pass,
user_2cb9a55f-36aa-4b54-8c1f-4a7ee274d104,vol_churn,not_churned,not_churned,vol_churn -> not_churned,0.7026859078590775,0.7026859078590775,0.2291564025232863,0.0681576896176362,2.0,2.0,0.0,0.0,2.0,1.0,1.0,2.0,0.014305555555555556,0.014305555555555556,US,Higgsfield Basic,,other,us,"CHASE BANK USA, N.A.",credit,optional,pass,
user_ca91d5d5-7fe7-43dc-8f55-902a9f716e0f,invol_churn,not_churned,not_churned,invol_churn -> not_churned,0.7023712916386704,0.7023712916386704,0.139281278950533,0.1583474294107965,1.0,1.0,0.0,0.0,1.0,1.0,1.0,2.0,0.0,0.0,BR,Higgsfield Basic,,Other,br,"UNICARD BANCO MULTIPLO, S.A.",credit,optional,not_provided,
user_ca51bdc5-5f62-4e5e-bd56-4b7958ab936b,vol_churn,not_churned,not_churned,vol_churn -> not_churned,0.7021411936628974,0.7021411936628974,0.2484932512792525,0.0493655550578499,1.0,1.0,0.0,0.0,1.0,1.0,1.0,2.0,0.0,0.0,CA,Higgsfield Ultimate,,,ca,AMERICAN EXPRESS US,credit,optional,pass,
user_da93696b-ad02-43c7-b66d-8723c3fafb02,vol_churn,not_churned,not_churned,vol_churn -> not_churned,0.702136557509884,0.702136557509884,0.2463147472774467,0.0515486952126692,2.0,2.0,0.0,0.0,2.0,1.0,1.0,2.0,0.0024189814814814816,0.0024189814814814816,US,Higgsfield Basic,,inconsistent,us,"CHASE BANK USA, N.A.",credit,optional,pass,
user_cd74dbd6-b29f-4013-9ac9-763e2c634c9c,vol_churn,not_churned,not_churned,vol_churn -> not_churned,0.7021272320364869,0.7021272320364869,0.2456984153450327,0.0521743526184802,2.0,2.0,0.0,0.0,2.0,2.0,2.0,4.0,1.0506365740740742,1.0506365740740742,SE,Higgsfield Basic,,other,se,AMERICAN EXPRESS US,credit,optional,not_provided,
user_d6aab19b-86c0-4160-83fa-24127be44b7a,vol_churn,not_churned,not_churned,vol_churn -> not_churned,0.701966613662537,0.701966613662537,0.222400232063606,0.0756331542738569,1.0,1.0,0.0,0.0,1.0,1.0,1.0,2.0,0.0,0.0,IL,Higgsfield Basic,,inconsistent,il,"ISRAEL CREDIT CARDS, LTD.",credit,optional,pass,
user_dc2e78e3-c5ea-4e34-999e-6608208f0a6a,vol_churn,not_churned,not_churned,vol_churn -> not_churned,0.7019066867374725,0.7019066867374725,0.2110530928435051,0.0870402204190223,1.0,1.0,0.0,0.0,1.0,1.0,1.0,2.0,0.0,0.0,KR,Higgsfield Basic,,hard-prompt,kr,"NATIONAL BANK OF KENYA, LTD.",credit,optional,not_provided,
user_53564cf4-15ed-42f6-9935-270830e22606,vol_churn,not_churned,not_churned,vol_churn -> not_churned,0.7018156461735088,0.7018156461735088,0.2153107333106801,0.082873620515811,1.0,1.0,0.0,0.0,1.0,1.0,1.0,2.0,0.0,0.0,DE,Higgsfield Ultimate,,limited,de,,debit,optional,pass,
user_d3767397-77af-48f5-87fb-490cbf44a793,vol_churn,not_churned,not_churned,vol_churn -> not_churned,0.701688338317837,0.701688338317837,0.1007410944192849,0.197570567262878,3.0,3.0,0.0,0.0,3.0,3.0,3.0,6.0,12.28326388888889,12.28326388888889,IN,Higgsfield Pro,,,in,"HDFC BANK, LTD.",credit,optional,not_provided,
user_3b121897-f01d-48b9-809b-7f91a436edd1,vol_churn,not_churned,not_churned,vol_churn -> not_churned,0.7016862335055842,0.7016862335055842,0.1897424257827612,0.1085713407116545,1.0,1.0,0.0,0.0,1.0,1.0,1.0,2.0,0.0,0.0,US,Higgsfield Ultimate,,inconsistent,us,"NORDSTROM, F.S.B.",credit,optional,pass,
user_8bacaf26-a287-4f1d-94e5-8ca88ee2b68c,invol_churn,not_churned,not_churned,invol_churn -> not_churned,0.7012270062660654,0.7012270062660654,0.1924979666781606,0.1062750270557739,1.0,1.0,0.0,0.0,1.0,1.0,1.0,2.0,0.0,0.0,US,Higgsfield Ultimate,,limited,us,EXTRA C.U.,credit,optional,pass,
user_08073843-57aa-43ef-b713-bb8ca68c9cb2,vol_churn,not_churned,not_churned,vol_churn -> not_churned,0.7012240190883771,0.7012240190883771,0.1811329513287659,0.1176430295828569,2.0,1.0,0.5,1.0,1.0,1.0,1.0,2.0,0.06771990740740741,0.0,US,Higgsfield Creator,,high-cost,us,"U.S. BANK, N.A.",debit,optional,not_provided,card_declined
user_fb8c890f-8344-4d03-b704-31677081fa28,vol_churn,invol_churn,invol_churn,vol_churn -> invol_churn,0.701178409263644,0.1901705063866893,0.1086510843496666,0.701178409263644,1.0,1.0,0.0,0.0,1.0,1.0,1.0,2.0,0.0,0.0,US,Higgsfield Basic,,high-cost,pr,BANCO POPULAR DE PUERTO RICO,credit,optional,pass,
user_1c9f4183-46aa-4018-8837-0d2b7eeef146,vol_churn,not_churned,not_churned,vol_churn -> not_churned,0.7010835333587665,0.7010835333587665,0.2239109540471426,0.0750055125940908,1.0,1.0,0.0,0.0,1.0,1.0,1.0,2.0,0.0,0.0,ES,Higgsfield Basic,,,es,CAIXABANK S.A.,credit,optional,pass,
user_fa564997-ed16-46ed-9b0a-7d4e75ecaf4d,vol_churn,not_churned,not_churned,vol_churn -> not_churned,0.700985554577098,0.700985554577098,0.2324584170121096,0.0665560284107923,1.0,1.0,0.0,0.0,1.0,1.0,1.0,2.0,0.0,0.0,GB,Higgsfield Ultimate,,,gb,AMERICAN EXPRESS US,credit,optional,not_provided,
user_116c0965-1b31-435a-b48c-a947ed924f10,not_churned,invol_churn,invol_churn,not_churned -> invol_churn,0.7005570802280325,0.2059810953341877,0.0934618244377795,0.7005570802280325,2.0,1.0,0.5,1.0,1.0,1.0,1.0,2.0,0.0009606481481481482,0.0,BR,Higgsfield Ultimate,,Other,br,,prepaid,recommended,pass,card_declined
user_cfcec063-df18-4464-8786-6f34b94dac7c,invol_churn,not_churned,not_churned,invol_churn -> not_churned,0.7005386740937516,0.7005386740937516,0.090356961760348,0.2091043641459004,1.0,1.0,0.0,0.0,1.0,1.0,1.0,2.0,0.0,0.0,CO,Higgsfield Ultimate,,limited,co,VISA COLOMBIA,credit,optional,pass,
user_2efc9c44-316e-4640-b607-10b4224d0575,not_churned,invol_churn,invol_churn,not_churned -> invol_churn,0.7004693495977612,0.236850610724137,0.0626800396781018,0.7004693495977612,2.0,1.0,0.5,1.0,1.0,1.0,1.0,2.0,0.0004861111111111111,0.0,BR,Higgsfield Ultimate,marketer,,br,,prepaid,optional,pass,card_declined
user_27581ea3-4dd3-468b-838f-fdfa2e1373fd,vol_churn,not_churned,not_churned,vol_churn -> not_churned,0.700280128752069,0.700280128752069,0.244294741389174,0.0554251298587569,1.0,1.0,0.0,0.0,1.0,1.0,1.0,2.0,0.0,0.0,GB,Higgsfield Ultimate,,inconsistent,gb,AMERICAN EXPRESS,credit,optional,pass,
user_1958e0ba-b752-4795-91f7-86681336c3cc,not_churned,invol_churn,invol_churn,not_churned -> invol_churn,0.7002534984984696,0.1524346296436727,0.1473118718578576,0.7002534984984696,1.0,1.0,0.0,0.0,1.0,1.0,1.0,2.0,0.0,0.0,US,Higgsfield Ultimate,,limited,hk,,credit,optional,pass,
user_f8091b66-a7a0-4e91-88f3-8f109e845e84,vol_churn,not_churned,not_churned,vol_churn -> not_churned,0.7002296461445354,0.7002296461445354,0.24041749711043,0.0593528567450345,1.0,1.0,0.0,0.0,1.0,1.0,1.0,2.0,0.0,0.0,CA,Higgsfield Basic,,inconsistent,ca,ROYAL BANK OF CANADA,credit,optional,pass,
user_9c7db1c7-a1e9-4068-a940-da9d831f39c5,vol_churn,not_churned,not_churned,vol_churn -> not_churned,0.700091314893282,0.700091314893282,0.2000833588678202,0.0998253262388977,1.0,1.0,0.0,0.0,1.0,1.0,1.0,2.0,0.0,0.0,US,Higgsfield Basic,,inconsistent,us,ALLIANT C.U.,debit,optional,not_provided,
